2025-08-29 16:36:34 | INFO     | utils.logger:info:48 - Alpaca client initialized | {'base_url': 'https://paper-api.alpaca.markets', 'key_fingerprint': 'PKNY...HQ8M'}
2025-08-29 16:36:36 | INFO     | utils.logger:info:50 - Using yfinance fallback for AAPL data
2025-08-29 16:40:06 | INFO     | utils.logger:info:48 - Alpaca client initialized | {'base_url': 'https://paper-api.alpaca.markets', 'key_fingerprint': 'PKNY...HQ8M'}
2025-08-29 16:40:07 | INFO     | utils.logger:info:50 - Using yfinance fallback for AAPL data
2025-08-29 16:48:07 | INFO     | utils.logger:info:50 - Using yfinance fallback for AAPL data
2025-08-29 16:48:08 | ERROR    | utils.logger:error:64 - Failed to place market order: insufficient buying power
2025-08-29 16:48:13 | INFO     | utils.logger:info:48 - Alpaca client initialized | {'base_url': 'https://paper-api.alpaca.markets', 'key_fingerprint': 'PKNY...HQ8M'}
2025-08-29 16:48:13 | ERROR    | utils.logger:error:64 - Dollar amount trading test failed: unsupported operand type(s) for /: 'dict' and 'float'
2025-08-29 16:48:59 | INFO     | utils.logger:info:48 - Alpaca client initialized | {'base_url': 'https://paper-api.alpaca.markets', 'key_fingerprint': 'PKNY...HQ8M'}
2025-08-29 16:49:00 | INFO     | utils.logger:info:50 - Using yfinance fallback for AAPL data
2025-08-29 16:49:33 | INFO     | utils.logger:info:50 - Using yfinance fallback for AAPL data
2025-08-29 16:49:33 | ERROR    | utils.logger:error:64 - Failed to place market order: insufficient buying power
2025-08-29 16:49:49 | INFO     | utils.logger:info:48 - Alpaca client initialized | {'base_url': 'https://paper-api.alpaca.markets', 'key_fingerprint': 'PKW5...3D1Z'}
2025-08-29 16:49:49 | ERROR    | utils.logger:error:64 - Failed to get account info: forbidden.
2025-08-29 16:49:49 | ERROR    | utils.logger:error:64 - Connection test failed: forbidden.
2025-08-29 16:50:07 | INFO     | utils.logger:info:48 - Alpaca client initialized | {'base_url': 'https://paper-api.alpaca.markets/v2', 'key_fingerprint': 'PKW5...3D1Z'}
2025-08-29 16:50:07 | ERROR    | utils.logger:error:64 - Failed to get account info: forbidden.
2025-08-29 16:50:07 | ERROR    | utils.logger:error:64 - Connection test failed: forbidden.
2025-08-29 16:51:41 | INFO     | utils.logger:info:48 - Alpaca client initialized | {'base_url': 'https://paper-api.alpaca.markets', 'key_fingerprint': 'PKW5...3D1Z'}
2025-08-29 16:51:42 | INFO     | utils.logger:info:50 - Using yfinance fallback for AAPL data
2025-08-29 16:51:52 | INFO     | utils.logger:info:50 - Using yfinance fallback for AAPL data
2025-08-29 16:51:52 | INFO     | utils.logger:trade:95 - TRADE: BUY 1.0 AAPL | {'order_id': '218139b2-e3be-4349-8147-30172958f337'}
2025-08-29 16:51:53 | INFO     | utils.logger:info:48 - Order cancelled | {'order_id': '218139b2-e3be-4349-8147-30172958f337'}
2025-08-29 16:51:57 | INFO     | utils.logger:info:48 - Alpaca client initialized | {'base_url': 'https://paper-api.alpaca.markets', 'key_fingerprint': 'PKW5...3D1Z'}
2025-08-29 16:51:57 | ERROR    | utils.logger:error:64 - Dollar amount trading test failed: unsupported operand type(s) for /: 'dict' and 'float'
2025-08-29 16:52:27 | INFO     | utils.logger:info:48 - Alpaca client initialized | {'base_url': 'https://paper-api.alpaca.markets', 'key_fingerprint': 'PKW5...3D1Z'}
2025-08-29 16:52:39 | INFO     | utils.logger:trade:95 - TRADE: BUY $10.00 AAPL | {'order_id': 'c1d1e4e0-64f7-4665-ba44-adf4ed3073ee'}
2025-08-29 16:52:39 | ERROR    | utils.logger:error:64 - Failed to cancel order c1d1e4e0-64f7-4665-ba44-adf4ed3073ee: order is already in "filled" state
2025-08-29 16:52:44 | INFO     | utils.logger:info:48 - Alpaca client initialized | {'base_url': 'https://paper-api.alpaca.markets', 'key_fingerprint': 'PKW5...3D1Z'}
2025-08-29 16:52:45 | INFO     | utils.logger:info:50 - Using yfinance fallback for AAPL data
2025-08-29 16:52:46 | INFO     | utils.logger:info:50 - Using yfinance fallback for MSFT data
2025-08-29 16:52:46 | INFO     | utils.logger:info:50 - Using yfinance fallback for GOOGL data
2025-08-29 16:52:47 | INFO     | utils.logger:info:50 - Using yfinance fallback for TSLA data
2025-08-29 16:52:47 | INFO     | utils.logger:info:50 - Using yfinance fallback for AMZN data
2025-08-29 16:52:53 | INFO     | utils.logger:info:48 - Alpaca client initialized | {'base_url': 'https://paper-api.alpaca.markets', 'key_fingerprint': 'PKW5...3D1Z'}
2025-08-29 16:52:53 | INFO     | utils.logger:info:48 - Trading bot initialized | {'strategy': 'Momentum Strategy'}
2025-08-29 16:52:53 | INFO     | utils.logger:info:48 - Trading bot initialized | {'strategy': 'Momentum Strategy'}
2025-08-29 16:52:53 | SUCCESS  | utils.logger:success:76 - Alpaca connection successful | {'account_id': '41eedbc8-e9d1-4671-a2bc-d5a4ead1525b', 'status': 'ACTIVE', 'cash': '$9990.01', 'portfolio_value': '$10000.00'}
2025-08-29 16:52:53 | INFO     | utils.logger:info:48 - Scheduling timezone-aware trading | {'nyse_open_et': '09:30', 'nyse_close_et': '16:00', 'nyse_open_nl': '15:30', 'nyse_close_nl': '22:00', 'netherlands_tz': 'Europe/Amsterdam'}
2025-08-29 16:52:53 | INFO     | utils.logger:info:50 - Timezone-aware trading jobs scheduled
2025-08-29 16:52:53 | SUCCESS  | utils.logger:success:78 - Trading bot started successfully with timezone-aware scheduling
2025-08-29 16:52:53 | INFO     | utils.logger:info:48 - Market is currently open | {'closes_at': '22:00 (Netherlands time)', 'time_until_close': '5h 7m'}
2025-08-29 16:52:55 | INFO     | utils.logger:info:48 - Alpaca client initialized | {'base_url': 'https://paper-api.alpaca.markets', 'key_fingerprint': 'PKW5...3D1Z'}
2025-08-29 16:53:11 | INFO     | utils.logger:info:48 - Alpaca client initialized | {'base_url': 'https://paper-api.alpaca.markets', 'key_fingerprint': 'PKW5...3D1Z'}
2025-08-29 16:54:31 | INFO     | utils.logger:info:48 - Alpaca client initialized | {'base_url': 'https://paper-api.alpaca.markets', 'key_fingerprint': 'PKW5...3D1Z'}
2025-08-29 16:54:32 | ERROR    | utils.logger:error:64 - Failed to get historical data for AAPL: invalid timeframe: 30
2025-08-29 16:54:32 | ERROR    | utils.logger:error:64 - Failed to get historical data for MSFT: invalid timeframe: 30
2025-08-29 16:54:33 | ERROR    | utils.logger:error:64 - Failed to get historical data for GOOGL: invalid timeframe: 30
2025-08-29 16:54:33 | ERROR    | utils.logger:error:64 - Failed to get historical data for TSLA: invalid timeframe: 30
2025-08-29 16:54:33 | ERROR    | utils.logger:error:64 - Failed to get historical data for AMZN: invalid timeframe: 30
2025-08-29 16:54:33 | ERROR    | utils.logger:error:64 - Failed to get historical data for NVDA: invalid timeframe: 30
2025-08-29 16:54:33 | ERROR    | utils.logger:error:64 - Failed to get historical data for AMD: invalid timeframe: 30
2025-08-29 16:54:33 | ERROR    | utils.logger:error:64 - Failed to get historical data for NVDA: invalid timeframe: 30
2025-08-29 16:54:33 | ERROR    | utils.logger:error:64 - Buy/Sell test failed: invalid timeframe: 30
2025-08-29 16:54:50 | INFO     | utils.logger:info:48 - Alpaca client initialized | {'base_url': 'https://paper-api.alpaca.markets', 'key_fingerprint': 'PKW5...3D1Z'}
2025-08-29 16:54:51 | ERROR    | utils.logger:error:64 - Failed to get historical data for AAPL: timeframe period number is larger than the allowed maximum of 1
2025-08-29 16:54:51 | ERROR    | utils.logger:error:64 - Failed to get historical data for MSFT: timeframe period number is larger than the allowed maximum of 1
2025-08-29 16:54:51 | ERROR    | utils.logger:error:64 - Failed to get historical data for GOOGL: timeframe period number is larger than the allowed maximum of 1
2025-08-29 16:54:52 | ERROR    | utils.logger:error:64 - Failed to get historical data for TSLA: timeframe period number is larger than the allowed maximum of 1
2025-08-29 16:54:52 | ERROR    | utils.logger:error:64 - Failed to get historical data for AMZN: timeframe period number is larger than the allowed maximum of 1
2025-08-29 16:54:52 | ERROR    | utils.logger:error:64 - Failed to get historical data for NVDA: timeframe period number is larger than the allowed maximum of 1
2025-08-29 16:54:52 | ERROR    | utils.logger:error:64 - Failed to get historical data for AMD: timeframe period number is larger than the allowed maximum of 1
2025-08-29 16:54:52 | ERROR    | utils.logger:error:64 - Failed to get historical data for NVDA: timeframe period number is larger than the allowed maximum of 1
2025-08-29 16:54:52 | ERROR    | utils.logger:error:64 - Buy/Sell test failed: timeframe period number is larger than the allowed maximum of 1
2025-08-29 16:55:09 | INFO     | utils.logger:info:48 - Alpaca client initialized | {'base_url': 'https://paper-api.alpaca.markets', 'key_fingerprint': 'PKW5...3D1Z'}
2025-08-29 16:55:10 | INFO     | utils.logger:info:50 - Using yfinance fallback for AAPL data
2025-08-29 16:55:11 | INFO     | utils.logger:info:50 - Using yfinance fallback for MSFT data
2025-08-29 16:55:11 | INFO     | utils.logger:info:50 - Using yfinance fallback for GOOGL data
2025-08-29 16:55:12 | INFO     | utils.logger:info:50 - Using yfinance fallback for TSLA data
2025-08-29 16:55:12 | INFO     | utils.logger:info:50 - Using yfinance fallback for AMZN data
2025-08-29 16:55:12 | INFO     | utils.logger:info:50 - Using yfinance fallback for NVDA data
2025-08-29 16:55:12 | INFO     | utils.logger:info:50 - Using yfinance fallback for AMD data
2025-08-29 16:55:13 | INFO     | utils.logger:info:50 - Using yfinance fallback for NVDA data
2025-08-29 16:55:13 | INFO     | utils.logger:trade:95 - TRADE: BUY 1.1513 NVDA | {'order_id': 'e7e36b66-7718-4a96-b931-42d461d0193d'}
2025-08-29 16:55:15 | ERROR    | utils.logger:error:64 - Buy/Sell test failed: 'fill_price'
2025-08-29 16:55:38 | INFO     | utils.logger:info:48 - Alpaca client initialized | {'base_url': 'https://paper-api.alpaca.markets', 'key_fingerprint': 'PKW5...3D1Z'}
2025-08-29 16:55:39 | INFO     | utils.logger:info:50 - Using yfinance fallback for AAPL data
2025-08-29 16:55:40 | INFO     | utils.logger:info:50 - Using yfinance fallback for MSFT data
2025-08-29 16:55:40 | INFO     | utils.logger:info:50 - Using yfinance fallback for GOOGL data
2025-08-29 16:55:40 | INFO     | utils.logger:info:50 - Using yfinance fallback for TSLA data
2025-08-29 16:55:41 | INFO     | utils.logger:info:50 - Using yfinance fallback for AMZN data
2025-08-29 16:55:41 | INFO     | utils.logger:info:50 - Using yfinance fallback for NVDA data
2025-08-29 16:55:41 | INFO     | utils.logger:info:50 - Using yfinance fallback for AMD data
2025-08-29 16:55:41 | INFO     | utils.logger:info:50 - Using yfinance fallback for NVDA data
2025-08-29 16:55:42 | INFO     | utils.logger:trade:95 - TRADE: BUY 1.1261 NVDA | {'order_id': '57f39bb7-9230-4fc0-8663-cc7c6da6f494'}
2025-08-29 16:55:44 | INFO     | utils.logger:trade:95 - TRADE: SELL 2.2774 NVDA | {'order_id': 'e13d1a8c-246b-4fd6-9c0c-657b8ec4c4db'}
2025-08-29 16:56:15 | INFO     | utils.logger:info:48 - Alpaca client initialized | {'base_url': 'https://paper-api.alpaca.markets', 'key_fingerprint': 'PKW5...3D1Z'}
2025-08-29 16:56:37 | INFO     | utils.logger:info:48 - Alpaca client initialized | {'base_url': 'https://paper-api.alpaca.markets', 'key_fingerprint': 'PKW5...3D1Z'}
2025-08-29 16:56:37 | INFO     | utils.logger:info:48 - Trading bot initialized | {'strategy': 'Momentum Strategy'}
2025-08-29 16:56:37 | INFO     | utils.logger:info:48 - Trading bot initialized | {'strategy': 'Momentum Strategy'}
2025-08-29 16:56:38 | SUCCESS  | utils.logger:success:76 - Alpaca connection successful | {'account_id': '41eedbc8-e9d1-4671-a2bc-d5a4ead1525b', 'status': 'ACTIVE', 'cash': '$9990.47', 'portfolio_value': '$10000.47'}
2025-08-29 16:56:38 | INFO     | utils.logger:info:48 - Scheduling timezone-aware trading | {'nyse_open_et': '09:30', 'nyse_close_et': '16:00', 'nyse_open_nl': '15:30', 'nyse_close_nl': '22:00', 'netherlands_tz': 'Europe/Amsterdam'}
2025-08-29 16:56:38 | INFO     | utils.logger:info:50 - Timezone-aware trading jobs scheduled
2025-08-29 16:56:38 | SUCCESS  | utils.logger:success:78 - Trading bot started successfully with timezone-aware scheduling
2025-08-29 16:56:38 | INFO     | utils.logger:info:48 - Market is currently open | {'closes_at': '22:00 (Netherlands time)', 'time_until_close': '5h 3m'}
2025-08-29 16:57:02 | INFO     | utils.logger:info:48 - Alpaca client initialized | {'base_url': 'https://paper-api.alpaca.markets', 'key_fingerprint': 'PKW5...3D1Z'}
2025-08-29 16:57:02 | INFO     | utils.logger:info:48 - Trading bot initialized | {'strategy': 'Momentum Strategy'}
2025-08-29 16:57:02 | INFO     | utils.logger:info:48 - Trading bot initialized | {'strategy': 'Momentum Strategy'}
2025-08-29 16:57:03 | SUCCESS  | utils.logger:success:76 - Alpaca connection successful | {'account_id': '41eedbc8-e9d1-4671-a2bc-d5a4ead1525b', 'status': 'ACTIVE', 'cash': '$9990.47', 'portfolio_value': '$10000.46'}
2025-08-29 16:57:03 | INFO     | utils.logger:info:48 - Scheduling timezone-aware trading | {'nyse_open_et': '09:30', 'nyse_close_et': '16:00', 'nyse_open_nl': '15:30', 'nyse_close_nl': '22:00', 'netherlands_tz': 'Europe/Amsterdam'}
2025-08-29 16:57:03 | INFO     | utils.logger:info:50 - Timezone-aware trading jobs scheduled
2025-08-29 16:57:03 | SUCCESS  | utils.logger:success:78 - Trading bot started successfully with timezone-aware scheduling
2025-08-29 16:57:03 | INFO     | utils.logger:info:48 - Market is currently open | {'closes_at': '22:00 (Netherlands time)', 'time_until_close': '5h 2m'}
2025-08-29 16:57:05 | INFO     | utils.logger:info:48 - Alpaca client initialized | {'base_url': 'https://paper-api.alpaca.markets', 'key_fingerprint': 'PKW5...3D1Z'}
2025-08-29 16:57:44 | INFO     | utils.logger:info:48 - Alpaca client initialized | {'base_url': 'https://paper-api.alpaca.markets', 'key_fingerprint': 'PKW5...3D1Z'}
2025-08-29 16:57:44 | INFO     | utils.logger:info:48 - Trading bot initialized | {'strategy': 'Momentum Strategy'}
2025-08-29 16:57:44 | INFO     | utils.logger:info:48 - Trading bot initialized | {'strategy': 'Momentum Strategy'}
2025-08-29 16:57:44 | SUCCESS  | utils.logger:success:76 - Alpaca connection successful | {'account_id': '41eedbc8-e9d1-4671-a2bc-d5a4ead1525b', 'status': 'ACTIVE', 'cash': '$9990.47', 'portfolio_value': '$10000.46'}
2025-08-29 16:57:44 | INFO     | utils.logger:info:48 - Scheduling timezone-aware trading | {'nyse_open_et': '09:30', 'nyse_close_et': '16:00', 'nyse_open_nl': '15:30', 'nyse_close_nl': '22:00', 'netherlands_tz': 'Europe/Amsterdam'}
2025-08-29 16:57:44 | INFO     | utils.logger:info:50 - Timezone-aware trading jobs scheduled
2025-08-29 16:57:44 | SUCCESS  | utils.logger:success:78 - Trading bot started successfully with timezone-aware scheduling
2025-08-29 16:57:44 | INFO     | utils.logger:info:48 - Market is currently open | {'closes_at': '22:00 (Netherlands time)', 'time_until_close': '5h 2m'}
2025-08-29 16:57:48 | INFO     | utils.logger:info:48 - Alpaca client initialized | {'base_url': 'https://paper-api.alpaca.markets', 'key_fingerprint': 'PKW5...3D1Z'}
2025-08-29 16:58:38 | INFO     | utils.logger:info:48 - Alpaca client initialized | {'base_url': 'https://paper-api.alpaca.markets', 'key_fingerprint': 'PKW5...3D1Z'}
2025-08-29 17:02:19 | INFO     | utils.logger:info:48 - Alpaca client initialized | {'base_url': 'https://paper-api.alpaca.markets', 'key_fingerprint': 'PKW5...3D1Z'}
2025-08-29 17:02:20 | INFO     | utils.logger:info:50 - Using yfinance fallback for AAPL data
2025-08-29 17:02:21 | INFO     | utils.logger:info:50 - Using yfinance fallback for MSFT data
2025-08-29 17:02:22 | INFO     | utils.logger:info:50 - Using yfinance fallback for GOOGL data
2025-08-29 17:02:22 | INFO     | utils.logger:info:50 - Using yfinance fallback for TSLA data
2025-08-29 17:02:22 | INFO     | utils.logger:info:50 - Using yfinance fallback for AMZN data
2025-08-29 17:02:22 | INFO     | utils.logger:info:50 - Using yfinance fallback for NVDA data
2025-08-29 17:02:23 | INFO     | utils.logger:info:50 - Using yfinance fallback for AMD data
2025-08-29 17:02:23 | WARNING  | utils.logger:warning:57 - Wash sale recorded for AAPL: sell with loss $10.50
2025-08-29 17:02:23 | WARNING  | utils.logger:warning:57 - Wash sale prevention: Cannot buy AAPL within 30 days of selling at a loss
2025-08-29 17:02:45 | INFO     | utils.logger:info:50 - Using yfinance fallback for AAPL data
2025-08-29 17:02:46 | INFO     | utils.logger:info:50 - Using yfinance fallback for MSFT data
2025-08-29 17:02:47 | INFO     | utils.logger:info:50 - Using yfinance fallback for GOOGL data
2025-08-29 17:02:47 | INFO     | utils.logger:info:50 - Using yfinance fallback for TSLA data
2025-08-29 17:02:48 | INFO     | utils.logger:info:50 - Using yfinance fallback for AMZN data
2025-08-29 17:02:48 | INFO     | utils.logger:info:50 - Using yfinance fallback for NVDA data
2025-08-29 17:02:48 | INFO     | utils.logger:info:50 - Using yfinance fallback for AMD data
2025-08-29 17:03:28 | INFO     | utils.logger:info:48 - Alpaca client initialized | {'base_url': 'https://paper-api.alpaca.markets', 'key_fingerprint': 'PKW5...3D1Z'}
2025-08-29 17:04:57 | INFO     | utils.logger:info:48 - Alpaca client initialized | {'base_url': 'https://paper-api.alpaca.markets', 'key_fingerprint': 'PKW5...3D1Z'}
2025-08-29 17:05:29 | INFO     | utils.logger:info:48 - Alpaca client initialized | {'base_url': 'https://paper-api.alpaca.markets', 'key_fingerprint': 'PKW5...3D1Z'}
2025-08-29 17:05:29 | INFO     | utils.logger:info:48 - Trading bot initialized | {'strategy': 'Momentum Strategy'}
2025-08-29 17:05:29 | INFO     | utils.logger:info:48 - Trading bot initialized | {'strategy': 'Momentum Strategy'}
2025-08-29 17:05:30 | SUCCESS  | utils.logger:success:76 - Alpaca connection successful | {'account_id': '41eedbc8-e9d1-4671-a2bc-d5a4ead1525b', 'status': 'ACTIVE', 'cash': '$9990.47', 'portfolio_value': '$10000.47'}
2025-08-29 17:05:30 | INFO     | utils.logger:info:48 - Scheduling timezone-aware trading | {'nyse_open_et': '09:30', 'nyse_close_et': '16:00', 'nyse_open_nl': '15:30', 'nyse_close_nl': '22:00', 'netherlands_tz': 'Europe/Amsterdam'}
2025-08-29 17:05:30 | INFO     | utils.logger:info:50 - Timezone-aware trading jobs scheduled
2025-08-29 17:05:30 | SUCCESS  | utils.logger:success:78 - Trading bot started successfully with timezone-aware scheduling
2025-08-29 17:05:30 | INFO     | utils.logger:info:48 - Market is currently open | {'closes_at': '22:00 (Netherlands time)', 'time_until_close': '4h 54m'}
2025-08-29 17:09:02 | INFO     | utils.logger:info:48 - Alpaca client initialized | {'base_url': 'https://paper-api.alpaca.markets', 'key_fingerprint': 'PKW5...3D1Z'}
2025-08-29 17:09:03 | INFO     | utils.logger:info:50 - Using yfinance fallback for AAPL data
2025-08-29 17:09:04 | INFO     | utils.logger:strategy:103 - STRATEGY: Momentum Strategy | SELL | Unknown | {'strength': np.float64(-0.02822284098781226), 'rsi': np.float64(68.02298763624825), 'macd_histogram': np.float64(nan)}
2025-08-29 17:09:04 | INFO     | utils.logger:info:50 - Using yfinance fallback for MSFT data
2025-08-29 17:09:04 | INFO     | utils.logger:strategy:103 - STRATEGY: Momentum Strategy | SELL | Unknown | {'strength': np.float64(-0.041926753593048975), 'rsi': np.float64(44.35116693030534), 'macd_histogram': np.float64(nan)}
2025-08-29 17:09:04 | INFO     | utils.logger:info:50 - Using yfinance fallback for GOOGL data
2025-08-29 17:09:05 | INFO     | utils.logger:strategy:103 - STRATEGY: Momentum Strategy | SELL | Unknown | {'strength': np.float64(-0.01974241761168256), 'rsi': np.float64(72.95046017915061), 'macd_histogram': np.float64(nan)}
2025-08-29 17:09:05 | INFO     | utils.logger:info:50 - Using yfinance fallback for TSLA data
2025-08-29 17:09:05 | INFO     | utils.logger:strategy:103 - STRATEGY: Momentum Strategy | SELL | Unknown | {'strength': np.float64(-0.02961559096787105), 'rsi': np.float64(54.324263555863155), 'macd_histogram': np.float64(nan)}
2025-08-29 17:09:05 | INFO     | utils.logger:info:50 - Using yfinance fallback for AMZN data
2025-08-29 17:09:05 | INFO     | utils.logger:strategy:103 - STRATEGY: Momentum Strategy | SELL | Unknown | {'strength': np.float64(-0.039576366803839885), 'rsi': np.float64(52.88211584947685), 'macd_histogram': np.float64(nan)}
2025-08-29 17:09:05 | INFO     | utils.logger:info:50 - Using yfinance fallback for NVDA data
2025-08-29 17:09:05 | INFO     | utils.logger:strategy:103 - STRATEGY: Momentum Strategy | SELL | Unknown | {'strength': np.float64(-0.04144061100573942), 'rsi': np.float64(43.085704017529906), 'macd_histogram': np.float64(nan)}
2025-08-29 17:09:05 | INFO     | utils.logger:info:50 - Using yfinance fallback for AMD data
2025-08-29 17:09:06 | INFO     | utils.logger:strategy:103 - STRATEGY: Momentum Strategy | SELL | Unknown | {'strength': np.float64(-0.04745294152209942), 'rsi': np.float64(44.31112148838831), 'macd_histogram': np.float64(nan)}
2025-08-29 17:09:20 | INFO     | utils.logger:info:48 - Alpaca client initialized | {'base_url': 'https://paper-api.alpaca.markets', 'key_fingerprint': 'PKW5...3D1Z'}
2025-08-29 17:09:20 | INFO     | utils.logger:info:48 - Trading bot initialized | {'strategy': 'Momentum Strategy'}
2025-08-29 17:09:20 | INFO     | utils.logger:info:48 - Trading bot initialized | {'strategy': 'Momentum Strategy'}
2025-08-29 17:09:20 | SUCCESS  | utils.logger:success:76 - Alpaca connection successful | {'account_id': '41eedbc8-e9d1-4671-a2bc-d5a4ead1525b', 'status': 'ACTIVE', 'cash': '$9990.47', 'portfolio_value': '$10000.47'}
2025-08-29 17:09:20 | INFO     | utils.logger:info:48 - Scheduling timezone-aware trading | {'nyse_open_et': '09:30', 'nyse_close_et': '16:00', 'nyse_open_nl': '15:30', 'nyse_close_nl': '22:00', 'netherlands_tz': 'Europe/Amsterdam'}
2025-08-29 17:09:20 | INFO     | utils.logger:info:50 - Timezone-aware trading jobs scheduled
2025-08-29 17:09:20 | SUCCESS  | utils.logger:success:78 - Trading bot started successfully with timezone-aware scheduling
2025-08-29 17:09:20 | INFO     | utils.logger:info:48 - Market is currently open | {'closes_at': '22:00 (Netherlands time)', 'time_until_close': '4h 50m'}
2025-08-29 17:10:21 | INFO     | utils.logger:info:50 - Using yfinance fallback for AAPL data
2025-08-29 17:10:22 | INFO     | utils.logger:strategy:103 - STRATEGY: Momentum Strategy | SELL | AAPL | {'strength': np.float64(-0.028274432280180253), 'rsi': np.float64(67.95701966658166), 'macd_histogram': np.float64(nan)}
2025-08-29 17:10:22 | INFO     | utils.logger:trade:95 - TRADE: SELL 0.042916795 AAPL | {'order_id': '35f500d1-dfac-418c-a5f6-482f8156bad6'}
2025-08-29 17:10:22 | INFO     | utils.logger:trade:95 - TRADE: SELL 0.042916795 AAPL | {'order_id': '35f500d1-dfac-418c-a5f6-482f8156bad6', 'signal': 'sell', 'reason': 'MICRO-MOVEMENT: Strong bearish micro-momentum (strength: -0.0283)'}
2025-08-29 17:10:22 | INFO     | utils.logger:info:50 - Using yfinance fallback for MSFT data
2025-08-29 17:10:22 | INFO     | utils.logger:strategy:103 - STRATEGY: Momentum Strategy | SELL | MSFT | {'strength': np.float64(-0.04165678588754592), 'rsi': np.float64(44.53606182769627), 'macd_histogram': np.float64(nan)}
2025-08-29 17:10:23 | INFO     | utils.logger:info:50 - Using yfinance fallback for GOOGL data
2025-08-29 17:10:23 | INFO     | utils.logger:strategy:103 - STRATEGY: Momentum Strategy | SELL | GOOGL | {'strength': np.float64(-0.019632815949074383), 'rsi': np.float64(72.9812737486743), 'macd_histogram': np.float64(nan)}
2025-08-29 17:10:23 | INFO     | utils.logger:info:50 - Using yfinance fallback for TSLA data
2025-08-29 17:10:23 | INFO     | utils.logger:strategy:103 - STRATEGY: Momentum Strategy | SELL | TSLA | {'strength': np.float64(-0.0291659397575159), 'rsi': np.float64(54.46841631615574), 'macd_histogram': np.float64(nan)}
2025-08-29 17:10:23 | INFO     | utils.logger:info:50 - Using yfinance fallback for AMZN data
2025-08-29 17:10:24 | INFO     | utils.logger:strategy:103 - STRATEGY: Momentum Strategy | SELL | AMZN | {'strength': np.float64(-0.03936163241277232), 'rsi': np.float64(52.93831408875671), 'macd_histogram': np.float64(nan)}
2025-08-29 17:10:24 | INFO     | utils.logger:info:50 - Using yfinance fallback for NVDA data
2025-08-29 17:10:24 | INFO     | utils.logger:strategy:103 - STRATEGY: Momentum Strategy | SELL | NVDA | {'strength': np.float64(-0.04088104947992014), 'rsi': np.float64(43.28613965360956), 'macd_histogram': np.float64(nan)}
2025-08-29 17:10:24 | INFO     | utils.logger:info:50 - Using yfinance fallback for AMD data
2025-08-29 17:10:24 | INFO     | utils.logger:strategy:103 - STRATEGY: Momentum Strategy | SELL | AMD | {'strength': np.float64(-0.04733539295410621), 'rsi': np.float64(44.31209438739176), 'macd_histogram': np.float64(nan)}
2025-08-29 17:11:25 | INFO     | utils.logger:info:50 - Using yfinance fallback for AAPL data
2025-08-29 17:11:25 | INFO     | utils.logger:strategy:103 - STRATEGY: Momentum Strategy | SELL | AAPL | {'strength': np.float64(-0.028272666323525694), 'rsi': np.float64(67.9328048700955), 'macd_histogram': np.float64(nan)}
2025-08-29 17:11:25 | INFO     | utils.logger:info:50 - Using yfinance fallback for MSFT data
2025-08-29 17:11:26 | INFO     | utils.logger:strategy:103 - STRATEGY: Momentum Strategy | SELL | MSFT | {'strength': np.float64(-0.041601863740854034), 'rsi': np.float64(44.540708204258216), 'macd_histogram': np.float64(nan)}
2025-08-29 17:11:26 | INFO     | utils.logger:info:50 - Using yfinance fallback for GOOGL data
2025-08-29 17:11:26 | INFO     | utils.logger:strategy:103 - STRATEGY: Momentum Strategy | SELL | GOOGL | {'strength': np.float64(-0.019766295041202833), 'rsi': np.float64(72.73572497727757), 'macd_histogram': np.float64(nan)}
2025-08-29 17:11:26 | INFO     | utils.logger:info:50 - Using yfinance fallback for TSLA data
2025-08-29 17:11:26 | INFO     | utils.logger:strategy:103 - STRATEGY: Momentum Strategy | SELL | TSLA | {'strength': np.float64(-0.02911484205912977), 'rsi': np.float64(54.45105898889953), 'macd_histogram': np.float64(nan)}
2025-08-29 17:11:26 | INFO     | utils.logger:info:50 - Using yfinance fallback for AMZN data
2025-08-29 17:11:27 | INFO     | utils.logger:strategy:103 - STRATEGY: Momentum Strategy | SELL | AMZN | {'strength': np.float64(-0.03903736728039803), 'rsi': np.float64(53.123798796777336), 'macd_histogram': np.float64(nan)}
2025-08-29 17:11:27 | INFO     | utils.logger:info:50 - Using yfinance fallback for NVDA data
2025-08-29 17:11:27 | INFO     | utils.logger:strategy:103 - STRATEGY: Momentum Strategy | SELL | NVDA | {'strength': np.float64(-0.0406273475616318), 'rsi': np.float64(43.36074424092677), 'macd_histogram': np.float64(nan)}
2025-08-29 17:11:27 | INFO     | utils.logger:info:50 - Using yfinance fallback for AMD data
2025-08-29 17:11:27 | INFO     | utils.logger:strategy:103 - STRATEGY: Momentum Strategy | SELL | AMD | {'strength': np.float64(-0.0472541278620611), 'rsi': np.float64(44.31209438739176), 'macd_histogram': np.float64(nan)}
2025-08-29 17:12:28 | INFO     | utils.logger:info:50 - Using yfinance fallback for AAPL data
2025-08-29 17:12:28 | INFO     | utils.logger:strategy:103 - STRATEGY: Momentum Strategy | SELL | AAPL | {'strength': np.float64(-0.028221207112947688), 'rsi': np.float64(67.9328048700955), 'macd_histogram': np.float64(nan)}
2025-08-29 17:12:28 | INFO     | utils.logger:info:50 - Using yfinance fallback for MSFT data
2025-08-29 17:12:29 | INFO     | utils.logger:strategy:103 - STRATEGY: Momentum Strategy | SELL | MSFT | {'strength': np.float64(-0.04143023296503533), 'rsi': np.float64(44.64306047607235), 'macd_histogram': np.float64(nan)}
2025-08-29 17:12:29 | INFO     | utils.logger:info:50 - Using yfinance fallback for GOOGL data
2025-08-29 17:12:29 | INFO     | utils.logger:strategy:103 - STRATEGY: Momentum Strategy | SELL | GOOGL | {'strength': np.float64(-0.019816789155103123), 'rsi': np.float64(72.55265661456679), 'macd_histogram': np.float64(nan)}
2025-08-29 17:12:29 | INFO     | utils.logger:info:50 - Using yfinance fallback for TSLA data
2025-08-29 17:12:30 | INFO     | utils.logger:strategy:103 - STRATEGY: Momentum Strategy | SELL | TSLA | {'strength': np.float64(-0.02906882278881903), 'rsi': np.float64(54.42202185778613), 'macd_histogram': np.float64(nan)}
2025-08-29 17:12:30 | INFO     | utils.logger:info:50 - Using yfinance fallback for AMZN data
2025-08-29 17:12:30 | INFO     | utils.logger:strategy:103 - STRATEGY: Momentum Strategy | SELL | AMZN | {'strength': np.float64(-0.03893104200115665), 'rsi': np.float64(53.107603085375835), 'macd_histogram': np.float64(nan)}
2025-08-29 17:12:30 | INFO     | utils.logger:info:50 - Using yfinance fallback for NVDA data
2025-08-29 17:12:30 | INFO     | utils.logger:strategy:103 - STRATEGY: Momentum Strategy | SELL | NVDA | {'strength': np.float64(-0.04036557836800747), 'rsi': np.float64(43.44231382242747), 'macd_histogram': np.float64(nan)}
2025-08-29 17:12:30 | INFO     | utils.logger:info:50 - Using yfinance fallback for AMD data
2025-08-29 17:12:31 | INFO     | utils.logger:strategy:103 - STRATEGY: Momentum Strategy | SELL | AMD | {'strength': np.float64(-0.04693245543210326), 'rsi': np.float64(44.3798304782499), 'macd_histogram': np.float64(nan)}
2025-08-29 17:13:31 | INFO     | utils.logger:info:50 - Using yfinance fallback for AAPL data
2025-08-29 17:13:31 | INFO     | utils.logger:strategy:103 - STRATEGY: Momentum Strategy | SELL | AAPL | {'strength': np.float64(-0.028130381245757986), 'rsi': np.float64(67.93883900803357), 'macd_histogram': np.float64(nan)}
2025-08-29 17:13:32 | INFO     | utils.logger:info:50 - Using yfinance fallback for MSFT data
2025-08-29 17:13:32 | INFO     | utils.logger:strategy:103 - STRATEGY: Momentum Strategy | SELL | MSFT | {'strength': np.float64(-0.0413767360992379), 'rsi': np.float64(44.64781461932419), 'macd_histogram': np.float64(nan)}
2025-08-29 17:13:32 | INFO     | utils.logger:info:50 - Using yfinance fallback for GOOGL data
2025-08-29 17:13:32 | INFO     | utils.logger:strategy:103 - STRATEGY: Momentum Strategy | SELL | GOOGL | {'strength': np.float64(-0.019592464088123786), 'rsi': np.float64(72.73572497727757), 'macd_histogram': np.float64(nan)}
2025-08-29 17:13:32 | INFO     | utils.logger:info:50 - Using yfinance fallback for TSLA data
2025-08-29 17:13:33 | INFO     | utils.logger:strategy:103 - STRATEGY: Momentum Strategy | SELL | TSLA | {'strength': np.float64(-0.02893952759888994), 'rsi': np.float64(54.440158127388386), 'macd_histogram': np.float64(nan)}
2025-08-29 17:13:33 | INFO     | utils.logger:info:50 - Using yfinance fallback for AMZN data
2025-08-29 17:13:33 | INFO     | utils.logger:strategy:103 - STRATEGY: Momentum Strategy | SELL | AMZN | {'strength': np.float64(-0.03916525604046858), 'rsi': np.float64(52.893350846343274), 'macd_histogram': np.float64(nan)}
2025-08-29 17:13:33 | INFO     | utils.logger:info:50 - Using yfinance fallback for NVDA data
2025-08-29 17:13:33 | INFO     | utils.logger:strategy:103 - STRATEGY: Momentum Strategy | SELL | NVDA | {'strength': np.float64(-0.040461007748739196), 'rsi': np.float64(43.34090232650123), 'macd_histogram': np.float64(nan)}
2025-08-29 17:13:33 | INFO     | utils.logger:info:50 - Using yfinance fallback for AMD data
2025-08-29 17:13:34 | INFO     | utils.logger:strategy:103 - STRATEGY: Momentum Strategy | SELL | AMD | {'strength': np.float64(-0.047169809301553296), 'rsi': np.float64(44.278303821065265), 'macd_histogram': np.float64(nan)}
2025-08-29 17:13:52 | INFO     | utils.logger:info:48 - Alpaca client initialized with rate limiting | {'base_url': 'https://paper-api.alpaca.markets', 'key_fingerprint': 'PKW5...3D1Z', 'max_calls_per_minute': 150, 'official_limit': '200 requests/minute'}
2025-08-29 17:13:53 | INFO     | utils.logger:info:50 - Using yfinance fallback for AAPL data
2025-08-29 17:13:54 | INFO     | utils.logger:info:50 - Using yfinance fallback for MSFT data
2025-08-29 17:13:54 | INFO     | utils.logger:info:50 - Using yfinance fallback for GOOGL data
2025-08-29 17:13:54 | INFO     | utils.logger:info:50 - Using yfinance fallback for TSLA data
2025-08-29 17:13:55 | INFO     | utils.logger:info:50 - Using yfinance fallback for AMZN data
2025-08-29 17:13:55 | INFO     | utils.logger:info:50 - Using yfinance fallback for NVDA data
2025-08-29 17:13:55 | INFO     | utils.logger:info:50 - Using yfinance fallback for AMD data
2025-08-29 17:14:07 | INFO     | utils.logger:info:48 - Alpaca client initialized with rate limiting | {'base_url': 'https://paper-api.alpaca.markets', 'key_fingerprint': 'PKW5...3D1Z', 'max_calls_per_minute': 150, 'official_limit': '200 requests/minute'}
2025-08-29 17:14:07 | INFO     | utils.logger:info:48 - Trading bot initialized | {'strategy': 'Momentum Strategy'}
2025-08-29 17:14:07 | INFO     | utils.logger:info:48 - Trading bot initialized | {'strategy': 'Momentum Strategy'}
2025-08-29 17:14:07 | SUCCESS  | utils.logger:success:76 - Alpaca connection successful | {'account_id': '41eedbc8-e9d1-4671-a2bc-d5a4ead1525b', 'status': 'ACTIVE', 'cash': '$10000.47', 'portfolio_value': '$10000.47'}
2025-08-29 17:14:07 | INFO     | utils.logger:info:48 - Scheduling timezone-aware trading | {'nyse_open_et': '09:30', 'nyse_close_et': '16:00', 'nyse_open_nl': '15:30', 'nyse_close_nl': '22:00', 'netherlands_tz': 'Europe/Amsterdam'}
2025-08-29 17:14:07 | INFO     | utils.logger:info:50 - Timezone-aware trading jobs scheduled
2025-08-29 17:14:07 | SUCCESS  | utils.logger:success:78 - Trading bot started successfully with timezone-aware scheduling
2025-08-29 17:14:07 | INFO     | utils.logger:info:48 - Market is currently open | {'closes_at': '22:00 (Netherlands time)', 'time_until_close': '4h 45m'}
2025-08-29 17:14:20 | INFO     | utils.logger:info:48 - Alpaca client initialized with rate limiting | {'base_url': 'https://paper-api.alpaca.markets', 'key_fingerprint': 'PKW5...3D1Z', 'max_calls_per_minute': 150, 'official_limit': '200 requests/minute'}
2025-08-29 17:16:08 | INFO     | utils.logger:info:50 - Using yfinance fallback for AAPL data
2025-08-29 17:16:09 | INFO     | utils.logger:strategy:103 - STRATEGY: Momentum Strategy | SELL | AAPL | {'strength': np.float64(-0.028065905047219532), 'rsi': np.float64(67.86042096820486), 'macd_histogram': np.float64(nan)}
2025-08-29 17:16:09 | INFO     | utils.logger:info:50 - Using yfinance fallback for MSFT data
2025-08-29 17:16:10 | INFO     | utils.logger:strategy:103 - STRATEGY: Momentum Strategy | SELL | MSFT | {'strength': np.float64(-0.04117048903687426), 'rsi': np.float64(44.73653523923644), 'macd_histogram': np.float64(nan)}
2025-08-29 17:16:10 | INFO     | utils.logger:info:50 - Using yfinance fallback for GOOGL data
2025-08-29 17:16:10 | INFO     | utils.logger:strategy:103 - STRATEGY: Momentum Strategy | SELL | GOOGL | {'strength': np.float64(-0.019153039147922744), 'rsi': np.float64(73.10464732185437), 'macd_histogram': np.float64(nan)}
2025-08-29 17:16:10 | INFO     | utils.logger:info:50 - Using yfinance fallback for TSLA data
2025-08-29 17:16:10 | INFO     | utils.logger:strategy:103 - STRATEGY: Momentum Strategy | SELL | TSLA | {'strength': np.float64(-0.029047815728485017), 'rsi': np.float64(54.32492529108457), 'macd_histogram': np.float64(nan)}
2025-08-29 17:16:10 | INFO     | utils.logger:info:50 - Using yfinance fallback for AMZN data
2025-08-29 17:16:11 | INFO     | utils.logger:strategy:103 - STRATEGY: Momentum Strategy | SELL | AMZN | {'strength': np.float64(-0.03909244369610006), 'rsi': np.float64(52.81805265431912), 'macd_histogram': np.float64(nan)}
2025-08-29 17:16:11 | INFO     | utils.logger:info:50 - Using yfinance fallback for NVDA data
2025-08-29 17:16:11 | INFO     | utils.logger:strategy:103 - STRATEGY: Momentum Strategy | SELL | NVDA | {'strength': np.float64(-0.03990066490361674), 'rsi': np.float64(43.52729512370032), 'macd_histogram': np.float64(nan)}
2025-08-29 17:16:11 | INFO     | utils.logger:info:50 - Using yfinance fallback for AMD data
2025-08-29 17:16:11 | INFO     | utils.logger:strategy:103 - STRATEGY: Momentum Strategy | SELL | AMD | {'strength': np.float64(-0.04715280156766637), 'rsi': np.float64(44.22473360800421), 'macd_histogram': np.float64(nan)}
2025-08-29 17:18:13 | INFO     | utils.logger:info:50 - Using yfinance fallback for AAPL data
2025-08-29 17:18:13 | INFO     | utils.logger:strategy:103 - STRATEGY: Momentum Strategy | SELL | AAPL | {'strength': np.float64(-0.028098735607903737), 'rsi': np.float64(67.76675221929455), 'macd_histogram': np.float64(nan)}
2025-08-29 17:18:13 | INFO     | utils.logger:info:50 - Using yfinance fallback for MSFT data
2025-08-29 17:18:13 | INFO     | utils.logger:strategy:103 - STRATEGY: Momentum Strategy | SELL | MSFT | {'strength': np.float64(-0.04111983127615235), 'rsi': np.float64(44.70377315136033), 'macd_histogram': np.float64(nan)}
2025-08-29 17:18:14 | INFO     | utils.logger:info:50 - Using yfinance fallback for GOOGL data
2025-08-29 17:18:14 | INFO     | utils.logger:strategy:103 - STRATEGY: Momentum Strategy | SELL | GOOGL | {'strength': np.float64(-0.018955117636549886), 'rsi': np.float64(73.13870806299244), 'macd_histogram': np.float64(nan)}
2025-08-29 17:18:14 | INFO     | utils.logger:info:50 - Using yfinance fallback for TSLA data
2025-08-29 17:18:14 | INFO     | utils.logger:strategy:103 - STRATEGY: Momentum Strategy | SELL | TSLA | {'strength': np.float64(-0.029349967331291853), 'rsi': np.float64(54.11460251212405), 'macd_histogram': np.float64(nan)}
2025-08-29 17:18:14 | INFO     | utils.logger:info:50 - Using yfinance fallback for AMZN data
2025-08-29 17:18:15 | INFO     | utils.logger:strategy:103 - STRATEGY: Momentum Strategy | SELL | AMZN | {'strength': np.float64(-0.03918710508336937), 'rsi': np.float64(52.65853529077385), 'macd_histogram': np.float64(nan)}
2025-08-29 17:18:15 | INFO     | utils.logger:info:50 - Using yfinance fallback for NVDA data
2025-08-29 17:18:15 | INFO     | utils.logger:strategy:103 - STRATEGY: Momentum Strategy | SELL | NVDA | {'strength': np.float64(-0.03953487363368584), 'rsi': np.float64(43.647750421427126), 'macd_histogram': np.float64(nan)}
2025-08-29 17:18:15 | INFO     | utils.logger:info:50 - Using yfinance fallback for AMD data
2025-08-29 17:18:15 | INFO     | utils.logger:strategy:103 - STRATEGY: Momentum Strategy | SELL | AMD | {'strength': np.float64(-0.046974122306366974), 'rsi': np.float64(44.234852613597), 'macd_histogram': np.float64(nan)}
2025-08-29 17:20:16 | INFO     | utils.logger:info:50 - Using yfinance fallback for AAPL data
2025-08-29 17:20:17 | INFO     | utils.logger:strategy:103 - STRATEGY: Momentum Strategy | SELL | AAPL | {'strength': np.float64(-0.028023111710252634), 'rsi': np.float64(67.70203643903956), 'macd_histogram': np.float64(nan)}
2025-08-29 17:20:17 | INFO     | utils.logger:info:50 - Using yfinance fallback for MSFT data
2025-08-29 17:20:17 | INFO     | utils.logger:strategy:103 - STRATEGY: Momentum Strategy | SELL | MSFT | {'strength': np.float64(-0.040881529897223656), 'rsi': np.float64(44.811580151055125), 'macd_histogram': np.float64(nan)}
2025-08-29 17:20:17 | INFO     | utils.logger:info:50 - Using yfinance fallback for GOOGL data
2025-08-29 17:20:18 | INFO     | utils.logger:strategy:103 - STRATEGY: Momentum Strategy | SELL | GOOGL | {'strength': np.float64(-0.018899240599173365), 'rsi': np.float64(73.09847109453037), 'macd_histogram': np.float64(nan)}
2025-08-29 17:20:18 | INFO     | utils.logger:info:50 - Using yfinance fallback for TSLA data
2025-08-29 17:20:18 | INFO     | utils.logger:strategy:103 - STRATEGY: Momentum Strategy | SELL | TSLA | {'strength': np.float64(-0.02909153151784926), 'rsi': np.float64(54.158544773078496), 'macd_histogram': np.float64(nan)}
2025-08-29 17:20:18 | INFO     | utils.logger:info:50 - Using yfinance fallback for AMZN data
2025-08-29 17:20:18 | INFO     | utils.logger:strategy:103 - STRATEGY: Momentum Strategy | SELL | AMZN | {'strength': np.float64(-0.03902278639480795), 'rsi': np.float64(52.65982138974927), 'macd_histogram': np.float64(nan)}
2025-08-29 17:20:19 | INFO     | utils.logger:info:50 - Using yfinance fallback for NVDA data
2025-08-29 17:20:19 | INFO     | utils.logger:strategy:103 - STRATEGY: Momentum Strategy | SELL | NVDA | {'strength': np.float64(-0.0397429579346654), 'rsi': np.float64(43.40688038905263), 'macd_histogram': np.float64(nan)}
2025-08-29 17:20:19 | INFO     | utils.logger:info:50 - Using yfinance fallback for AMD data
2025-08-29 17:20:19 | INFO     | utils.logger:strategy:103 - STRATEGY: Momentum Strategy | SELL | AMD | {'strength': np.float64(-0.0466175032764986), 'rsi': np.float64(44.28313209557692), 'macd_histogram': np.float64(nan)}
2025-08-29 17:20:51 | INFO     | utils.logger:info:48 - Alpaca client initialized with rate limiting | {'base_url': 'https://paper-api.alpaca.markets', 'key_fingerprint': 'PKW5...3D1Z', 'max_calls_per_minute': 150, 'official_limit': '200 requests/minute'}
2025-08-29 17:20:51 | INFO     | utils.logger:info:48 - Trading bot initialized | {'strategy': 'Momentum Strategy'}
2025-08-29 17:20:51 | INFO     | utils.logger:info:48 - Trading bot initialized | {'strategy': 'Momentum Strategy'}
2025-08-29 17:20:51 | SUCCESS  | utils.logger:success:76 - Alpaca connection successful | {'account_id': '41eedbc8-e9d1-4671-a2bc-d5a4ead1525b', 'status': 'ACTIVE', 'cash': '$10000.47', 'portfolio_value': '$10000.47'}
2025-08-29 17:20:51 | INFO     | utils.logger:info:48 - Scheduling timezone-aware trading | {'nyse_open_et': '09:30', 'nyse_close_et': '16:00', 'nyse_open_nl': '15:30', 'nyse_close_nl': '22:00', 'netherlands_tz': 'Europe/Amsterdam'}
2025-08-29 17:20:51 | INFO     | utils.logger:info:50 - Timezone-aware trading jobs scheduled
2025-08-29 17:20:51 | SUCCESS  | utils.logger:success:78 - Trading bot started successfully with timezone-aware scheduling
2025-08-29 17:20:51 | INFO     | utils.logger:info:48 - Market is currently open | {'closes_at': '22:00 (Netherlands time)', 'time_until_close': '4h 39m'}
2025-08-29 17:21:11 | INFO     | utils.logger:info:48 - Alpaca client initialized with rate limiting | {'base_url': 'https://paper-api.alpaca.markets', 'key_fingerprint': 'PKW5...3D1Z', 'max_calls_per_minute': 150, 'official_limit': '200 requests/minute'}
2025-08-29 17:22:20 | INFO     | utils.logger:info:50 - Using yfinance fallback for AAPL data
2025-08-29 17:22:21 | INFO     | utils.logger:strategy:103 - STRATEGY: Momentum Strategy | SELL | AAPL | {'strength': np.float64(-0.027733894565290955), 'rsi': np.float64(67.77015406456741), 'macd_histogram': np.float64(nan)}
2025-08-29 17:22:21 | INFO     | utils.logger:info:50 - Using yfinance fallback for MSFT data
2025-08-29 17:22:21 | INFO     | utils.logger:strategy:103 - STRATEGY: Momentum Strategy | SELL | MSFT | {'strength': np.float64(-0.04090436699951274), 'rsi': np.float64(44.67105901395323), 'macd_histogram': np.float64(nan)}
2025-08-29 17:22:21 | INFO     | utils.logger:info:50 - Using yfinance fallback for GOOGL data
2025-08-29 17:22:21 | INFO     | utils.logger:strategy:103 - STRATEGY: Momentum Strategy | SELL | GOOGL | {'strength': np.float64(-0.01848838472434787), 'rsi': np.float64(73.21786008620595), 'macd_histogram': np.float64(nan)}
2025-08-29 17:22:22 | INFO     | utils.logger:info:50 - Using yfinance fallback for TSLA data
2025-08-29 17:22:22 | INFO     | utils.logger:strategy:103 - STRATEGY: Momentum Strategy | SELL | TSLA | {'strength': np.float64(-0.02892593471200268), 'rsi': np.float64(54.17290827870147), 'macd_histogram': np.float64(nan)}
2025-08-29 17:22:22 | INFO     | utils.logger:info:50 - Using yfinance fallback for AMZN data
2025-08-29 17:22:22 | INFO     | utils.logger:strategy:103 - STRATEGY: Momentum Strategy | SELL | AMZN | {'strength': np.float64(-0.03853579029515836), 'rsi': np.float64(52.86609160016303), 'macd_histogram': np.float64(nan)}
2025-08-29 17:22:22 | INFO     | utils.logger:info:50 - Using yfinance fallback for NVDA data
2025-08-29 17:22:23 | INFO     | utils.logger:strategy:103 - STRATEGY: Momentum Strategy | SELL | NVDA | {'strength': np.float64(-0.03903013070374286), 'rsi': np.float64(43.697123620540275), 'macd_histogram': np.float64(nan)}
2025-08-29 17:22:23 | INFO     | utils.logger:info:50 - Using yfinance fallback for AMD data
2025-08-29 17:22:23 | INFO     | utils.logger:strategy:103 - STRATEGY: Momentum Strategy | SELL | AMD | {'strength': np.float64(-0.045838624770267095), 'rsi': np.float64(44.457475973060106), 'macd_histogram': np.float64(nan)}
2025-08-29 17:22:52 | INFO     | utils.logger:info:50 - Using yfinance fallback for AAPL data
2025-08-29 17:22:53 | INFO     | utils.logger:strategy:103 - STRATEGY: Momentum Strategy | SELL | AAPL | {'strength': np.float64(-0.027638428256489583), 'rsi': np.float64(67.79960667274412), 'macd_histogram': np.float64(nan)}
2025-08-29 17:22:54 | INFO     | utils.logger:info:50 - Using yfinance fallback for MSFT data
2025-08-29 17:22:54 | INFO     | utils.logger:strategy:103 - STRATEGY: Momentum Strategy | SELL | MSFT | {'strength': np.float64(-0.04071115445885015), 'rsi': np.float64(44.825781348061646), 'macd_histogram': np.float64(nan)}
2025-08-29 17:22:54 | INFO     | utils.logger:info:50 - Using yfinance fallback for GOOGL data
2025-08-29 17:22:54 | INFO     | utils.logger:strategy:103 - STRATEGY: Momentum Strategy | SELL | GOOGL | {'strength': np.float64(-0.01820184132297005), 'rsi': np.float64(73.32452779009378), 'macd_histogram': np.float64(nan)}
2025-08-29 17:22:54 | INFO     | utils.logger:info:50 - Using yfinance fallback for TSLA data
2025-08-29 17:22:55 | INFO     | utils.logger:strategy:103 - STRATEGY: Momentum Strategy | SELL | TSLA | {'strength': np.float64(-0.028502189763825302), 'rsi': np.float64(54.34553538147333), 'macd_histogram': np.float64(nan)}
2025-08-29 17:22:55 | INFO     | utils.logger:info:50 - Using yfinance fallback for AMZN data
2025-08-29 17:22:55 | INFO     | utils.logger:strategy:103 - STRATEGY: Momentum Strategy | SELL | AMZN | {'strength': np.float64(-0.03820270667364097), 'rsi': np.float64(53.075290571801965), 'macd_histogram': np.float64(nan)}
2025-08-29 17:22:55 | INFO     | utils.logger:info:50 - Using yfinance fallback for NVDA data
2025-08-29 17:22:55 | INFO     | utils.logger:strategy:103 - STRATEGY: Momentum Strategy | SELL | NVDA | {'strength': np.float64(-0.03871951059415999), 'rsi': np.float64(43.838143480449496), 'macd_histogram': np.float64(nan)}
2025-08-29 17:22:56 | INFO     | utils.logger:info:50 - Using yfinance fallback for AMD data
2025-08-29 17:22:56 | INFO     | utils.logger:strategy:103 - STRATEGY: Momentum Strategy | SELL | AMD | {'strength': np.float64(-0.04530708830377204), 'rsi': np.float64(44.60372503529454), 'macd_histogram': np.float64(nan)}
2025-08-29 17:23:12 | INFO     | utils.logger:info:48 - Alpaca client initialized with rate limiting | {'base_url': 'https://paper-api.alpaca.markets', 'key_fingerprint': 'PKW5...3D1Z', 'max_calls_per_minute': 150, 'official_limit': '200 requests/minute'}
2025-08-29 17:24:24 | INFO     | utils.logger:info:50 - Using yfinance fallback for AAPL data
2025-08-29 17:24:25 | INFO     | utils.logger:strategy:103 - STRATEGY: Momentum Strategy | SELL | AAPL | {'strength': np.float64(-0.027602738670274806), 'rsi': np.float64(67.78135834418939), 'macd_histogram': np.float64(nan)}
2025-08-29 17:24:25 | INFO     | utils.logger:info:50 - Using yfinance fallback for MSFT data
2025-08-29 17:24:25 | INFO     | utils.logger:strategy:103 - STRATEGY: Momentum Strategy | SELL | MSFT | {'strength': np.float64(-0.04043396448757312), 'rsi': np.float64(44.97666703734545), 'macd_histogram': np.float64(nan)}
2025-08-29 17:24:25 | INFO     | utils.logger:info:50 - Using yfinance fallback for GOOGL data
2025-08-29 17:24:26 | INFO     | utils.logger:strategy:103 - STRATEGY: Momentum Strategy | SELL | GOOGL | {'strength': np.float64(-0.018187727676578825), 'rsi': np.float64(73.28532455819068), 'macd_histogram': np.float64(nan)}
2025-08-29 17:24:26 | INFO     | utils.logger:info:50 - Using yfinance fallback for TSLA data
2025-08-29 17:24:26 | INFO     | utils.logger:strategy:103 - STRATEGY: Momentum Strategy | SELL | TSLA | {'strength': np.float64(-0.02872423533293411), 'rsi': np.float64(54.18945219289369), 'macd_histogram': np.float64(nan)}
2025-08-29 17:24:26 | INFO     | utils.logger:info:50 - Using yfinance fallback for AMZN data
2025-08-29 17:24:26 | INFO     | utils.logger:strategy:103 - STRATEGY: Momentum Strategy | SELL | AMZN | {'strength': np.float64(-0.03863459174841825), 'rsi': np.float64(52.72223620286381), 'macd_histogram': np.float64(nan)}
2025-08-29 17:24:26 | INFO     | utils.logger:info:50 - Using yfinance fallback for NVDA data
2025-08-29 17:24:27 | INFO     | utils.logger:strategy:103 - STRATEGY: Momentum Strategy | SELL | NVDA | {'strength': np.float64(-0.03855900681972568), 'rsi': np.float64(43.86312088549933), 'macd_histogram': np.float64(nan)}
2025-08-29 17:24:27 | INFO     | utils.logger:info:50 - Using yfinance fallback for AMD data
2025-08-29 17:24:27 | INFO     | utils.logger:strategy:103 - STRATEGY: Momentum Strategy | SELL | AMD | {'strength': np.float64(-0.04479920000069646), 'rsi': np.float64(44.70192016581951), 'macd_histogram': np.float64(nan)}
2025-08-29 17:24:57 | INFO     | utils.logger:info:50 - Using yfinance fallback for AAPL data
2025-08-29 17:24:57 | INFO     | utils.logger:strategy:103 - STRATEGY: Momentum Strategy | SELL | AAPL | {'strength': np.float64(-0.027514251825247048), 'rsi': np.float64(67.80908466988174), 'macd_histogram': np.float64(nan)}
2025-08-29 17:24:58 | INFO     | utils.logger:info:50 - Using yfinance fallback for MSFT data
2025-08-29 17:24:58 | INFO     | utils.logger:strategy:103 - STRATEGY: Momentum Strategy | SELL | MSFT | {'strength': np.float64(-0.040251143264462635), 'rsi': np.float64(45.11912051091695), 'macd_histogram': np.float64(nan)}
2025-08-29 17:24:58 | INFO     | utils.logger:info:50 - Using yfinance fallback for GOOGL data
2025-08-29 17:24:58 | INFO     | utils.logger:strategy:103 - STRATEGY: Momentum Strategy | SELL | GOOGL | {'strength': np.float64(-0.018207868299782173), 'rsi': np.float64(73.26286848340436), 'macd_histogram': np.float64(nan)}
2025-08-29 17:24:58 | INFO     | utils.logger:info:50 - Using yfinance fallback for TSLA data
2025-08-29 17:24:59 | INFO     | utils.logger:strategy:103 - STRATEGY: Momentum Strategy | SELL | TSLA | {'strength': np.float64(-0.02847401407184912), 'rsi': np.float64(54.28454487226923), 'macd_histogram': np.float64(nan)}
2025-08-29 17:24:59 | INFO     | utils.logger:info:50 - Using yfinance fallback for AMZN data
2025-08-29 17:24:59 | INFO     | utils.logger:strategy:103 - STRATEGY: Momentum Strategy | SELL | AMZN | {'strength': np.float64(-0.038339275434744094), 'rsi': np.float64(52.90618269300146), 'macd_histogram': np.float64(nan)}
2025-08-29 17:24:59 | INFO     | utils.logger:info:50 - Using yfinance fallback for NVDA data
2025-08-29 17:24:59 | INFO     | utils.logger:strategy:103 - STRATEGY: Momentum Strategy | SELL | NVDA | {'strength': np.float64(-0.038162287930642566), 'rsi': np.float64(44.03035852726428), 'macd_histogram': np.float64(nan)}
2025-08-29 17:24:59 | INFO     | utils.logger:info:50 - Using yfinance fallback for AMD data
2025-08-29 17:25:00 | INFO     | utils.logger:strategy:103 - STRATEGY: Momentum Strategy | SELL | AMD | {'strength': np.float64(-0.04469404649282861), 'rsi': np.float64(44.72170118701225), 'macd_histogram': np.float64(nan)}
2025-08-29 17:26:28 | INFO     | utils.logger:info:50 - Using yfinance fallback for AAPL data
2025-08-29 17:26:29 | INFO     | utils.logger:strategy:103 - STRATEGY: Momentum Strategy | SELL | AAPL | {'strength': np.float64(-0.02718430702270862), 'rsi': np.float64(67.93354086217923), 'macd_histogram': np.float64(nan)}
2025-08-29 17:26:29 | INFO     | utils.logger:info:50 - Using yfinance fallback for MSFT data
2025-08-29 17:26:29 | INFO     | utils.logger:strategy:103 - STRATEGY: Momentum Strategy | SELL | MSFT | {'strength': np.float64(-0.03996589442342306), 'rsi': np.float64(45.28165282469305), 'macd_histogram': np.float64(nan)}
2025-08-29 17:26:29 | INFO     | utils.logger:info:50 - Using yfinance fallback for GOOGL data
2025-08-29 17:26:30 | INFO     | utils.logger:strategy:103 - STRATEGY: Momentum Strategy | SELL | GOOGL | {'strength': np.float64(-0.017959167684239018), 'rsi': np.float64(73.34129154022128), 'macd_histogram': np.float64(nan)}
2025-08-29 17:26:30 | INFO     | utils.logger:info:50 - Using yfinance fallback for TSLA data
2025-08-29 17:26:30 | INFO     | utils.logger:strategy:103 - STRATEGY: Momentum Strategy | SELL | TSLA | {'strength': np.float64(-0.027960845580434403), 'rsi': np.float64(54.447424883374566), 'macd_histogram': np.float64(nan)}
2025-08-29 17:26:30 | INFO     | utils.logger:info:50 - Using yfinance fallback for AMZN data
2025-08-29 17:26:30 | INFO     | utils.logger:strategy:103 - STRATEGY: Momentum Strategy | SELL | AMZN | {'strength': np.float64(-0.038027651601348134), 'rsi': np.float64(53.059124419543785), 'macd_histogram': np.float64(nan)}
2025-08-29 17:26:30 | INFO     | utils.logger:info:50 - Using yfinance fallback for NVDA data
2025-08-29 17:26:31 | INFO     | utils.logger:strategy:103 - STRATEGY: Momentum Strategy | SELL | NVDA | {'strength': np.float64(-0.03810170503395284), 'rsi': np.float64(43.988615053392124), 'macd_histogram': np.float64(nan)}
2025-08-29 17:26:31 | INFO     | utils.logger:info:50 - Using yfinance fallback for AMD data
2025-08-29 17:26:31 | INFO     | utils.logger:strategy:103 - STRATEGY: Momentum Strategy | SELL | AMD | {'strength': np.float64(-0.04439349898983173), 'rsi': np.float64(44.78071284042641), 'macd_histogram': np.float64(nan)}
2025-08-29 17:27:01 | INFO     | utils.logger:info:50 - Using yfinance fallback for AAPL data
2025-08-29 17:27:01 | INFO     | utils.logger:strategy:103 - STRATEGY: Momentum Strategy | SELL | AAPL | {'strength': np.float64(-0.02693856830439485), 'rsi': np.float64(68.03498588317177), 'macd_histogram': np.float64(nan)}
2025-08-29 17:27:01 | INFO     | utils.logger:info:50 - Using yfinance fallback for MSFT data
2025-08-29 17:27:02 | INFO     | utils.logger:strategy:103 - STRATEGY: Momentum Strategy | SELL | MSFT | {'strength': np.float64(-0.03976298147749007), 'rsi': np.float64(45.4260773695927), 'macd_histogram': np.float64(nan)}
2025-08-29 17:27:02 | INFO     | utils.logger:info:50 - Using yfinance fallback for GOOGL data
2025-08-29 17:27:02 | INFO     | utils.logger:strategy:103 - STRATEGY: Momentum Strategy | SELL | GOOGL | {'strength': np.float64(-0.01782377682738221), 'rsi': np.float64(73.38422164680107), 'macd_histogram': np.float64(nan)}
2025-08-29 17:27:02 | INFO     | utils.logger:info:50 - Using yfinance fallback for TSLA data
2025-08-29 17:27:02 | INFO     | utils.logger:strategy:103 - STRATEGY: Momentum Strategy | SELL | TSLA | {'strength': np.float64(-0.027809839277987247), 'rsi': np.float64(54.50192084500387), 'macd_histogram': np.float64(nan)}
2025-08-29 17:27:02 | INFO     | utils.logger:info:50 - Using yfinance fallback for AMZN data
2025-08-29 17:27:03 | INFO     | utils.logger:strategy:103 - STRATEGY: Momentum Strategy | SELL | AMZN | {'strength': np.float64(-0.03782743260527352), 'rsi': np.float64(53.172395771165235), 'macd_histogram': np.float64(nan)}
2025-08-29 17:27:03 | INFO     | utils.logger:info:50 - Using yfinance fallback for NVDA data
2025-08-29 17:27:03 | INFO     | utils.logger:strategy:103 - STRATEGY: Momentum Strategy | SELL | NVDA | {'strength': np.float64(-0.0377175470634121), 'rsi': np.float64(44.16508510169944), 'macd_histogram': np.float64(nan)}
2025-08-29 17:27:03 | INFO     | utils.logger:info:50 - Using yfinance fallback for AMD data
2025-08-29 17:27:03 | INFO     | utils.logger:strategy:103 - STRATEGY: Momentum Strategy | SELL | AMD | {'strength': np.float64(-0.04432456932562819), 'rsi': np.float64(44.785651311845534), 'macd_histogram': np.float64(nan)}
2025-08-29 17:28:32 | INFO     | utils.logger:info:50 - Using yfinance fallback for AAPL data
2025-08-29 17:28:33 | INFO     | utils.logger:strategy:103 - STRATEGY: Momentum Strategy | SELL | AAPL | {'strength': np.float64(-0.026879652142340355), 'rsi': np.float64(68.02898788540102), 'macd_histogram': np.float64(nan)}
2025-08-29 17:28:33 | INFO     | utils.logger:info:50 - Using yfinance fallback for MSFT data
2025-08-29 17:28:33 | INFO     | utils.logger:strategy:103 - STRATEGY: Momentum Strategy | SELL | MSFT | {'strength': np.float64(-0.0396363838683556), 'rsi': np.float64(45.46956093102747), 'macd_histogram': np.float64(nan)}
2025-08-29 17:28:33 | INFO     | utils.logger:info:50 - Using yfinance fallback for GOOGL data
2025-08-29 17:28:34 | INFO     | utils.logger:strategy:103 - STRATEGY: Momentum Strategy | SELL | GOOGL | {'strength': np.float64(-0.018053765572207014), 'rsi': np.float64(73.25724427696792), 'macd_histogram': np.float64(nan)}
2025-08-29 17:28:34 | INFO     | utils.logger:info:50 - Using yfinance fallback for TSLA data
2025-08-29 17:28:34 | INFO     | utils.logger:strategy:103 - STRATEGY: Momentum Strategy | SELL | TSLA | {'strength': np.float64(-0.028091204783049436), 'rsi': np.float64(54.317051687356205), 'macd_histogram': np.float64(nan)}
2025-08-29 17:28:34 | INFO     | utils.logger:info:50 - Using yfinance fallback for AMZN data
2025-08-29 17:28:34 | INFO     | utils.logger:strategy:103 - STRATEGY: Momentum Strategy | SELL | AMZN | {'strength': np.float64(-0.03811017192846126), 'rsi': np.float64(52.91421801008571), 'macd_histogram': np.float64(nan)}
2025-08-29 17:28:34 | INFO     | utils.logger:info:50 - Using yfinance fallback for NVDA data
2025-08-29 17:28:35 | INFO     | utils.logger:strategy:103 - STRATEGY: Momentum Strategy | SELL | NVDA | {'strength': np.float64(-0.03799048151448054), 'rsi': np.float64(43.946593362610294), 'macd_histogram': np.float64(nan)}
2025-08-29 17:28:35 | INFO     | utils.logger:info:50 - Using yfinance fallback for AMD data
2025-08-29 17:28:35 | INFO     | utils.logger:strategy:103 - STRATEGY: Momentum Strategy | SELL | AMD | {'strength': np.float64(-0.044139358430821875), 'rsi': np.float64(44.810932858529675), 'macd_histogram': np.float64(nan)}
2025-08-29 17:29:05 | INFO     | utils.logger:info:50 - Using yfinance fallback for AAPL data
2025-08-29 17:29:05 | INFO     | utils.logger:strategy:103 - STRATEGY: Momentum Strategy | SELL | AAPL | {'strength': np.float64(-0.026902934792299465), 'rsi': np.float64(67.9929892378309), 'macd_histogram': np.float64(nan)}
2025-08-29 17:29:05 | INFO     | utils.logger:info:50 - Using yfinance fallback for MSFT data
2025-08-29 17:29:05 | INFO     | utils.logger:strategy:103 - STRATEGY: Momentum Strategy | SELL | MSFT | {'strength': np.float64(-0.03961256209871572), 'rsi': np.float64(45.43571681392349), 'macd_histogram': np.float64(nan)}
2025-08-29 17:29:06 | INFO     | utils.logger:info:50 - Using yfinance fallback for GOOGL data
2025-08-29 17:29:06 | INFO     | utils.logger:strategy:103 - STRATEGY: Momentum Strategy | SELL | GOOGL | {'strength': np.float64(-0.01813369126548769), 'rsi': np.float64(73.21221692663002), 'macd_histogram': np.float64(nan)}
2025-08-29 17:29:06 | INFO     | utils.logger:info:50 - Using yfinance fallback for TSLA data
2025-08-29 17:29:06 | INFO     | utils.logger:strategy:103 - STRATEGY: Momentum Strategy | SELL | TSLA | {'strength': np.float64(-0.028215101894231827), 'rsi': np.float64(54.24488422613915), 'macd_histogram': np.float64(nan)}
2025-08-29 17:29:06 | INFO     | utils.logger:info:50 - Using yfinance fallback for AMZN data
2025-08-29 17:29:07 | INFO     | utils.logger:strategy:103 - STRATEGY: Momentum Strategy | SELL | AMZN | {'strength': np.float64(-0.038088486282059505), 'rsi': np.float64(52.90618269300146), 'macd_histogram': np.float64(nan)}
2025-08-29 17:29:07 | INFO     | utils.logger:info:50 - Using yfinance fallback for NVDA data
2025-08-29 17:29:07 | INFO     | utils.logger:strategy:103 - STRATEGY: Momentum Strategy | SELL | NVDA | {'strength': np.float64(-0.03845516987048541), 'rsi': np.float64(43.65583302528522), 'macd_histogram': np.float64(nan)}
2025-08-29 17:29:07 | INFO     | utils.logger:info:50 - Using yfinance fallback for AMD data
2025-08-29 17:29:07 | INFO     | utils.logger:strategy:103 - STRATEGY: Momentum Strategy | SELL | AMD | {'strength': np.float64(-0.04419992048270462), 'rsi': np.float64(44.7757905093489), 'macd_histogram': np.float64(nan)}
2025-08-29 17:30:36 | INFO     | utils.logger:info:50 - Using yfinance fallback for AAPL data
2025-08-29 17:30:37 | INFO     | utils.logger:strategy:103 - STRATEGY: Momentum Strategy | SELL | AAPL | {'strength': np.float64(-0.026964595423078188), 'rsi': np.float64(67.87239374067335), 'macd_histogram': np.float64(nan)}
2025-08-29 17:30:37 | INFO     | utils.logger:info:50 - Using yfinance fallback for MSFT data
2025-08-29 17:30:37 | INFO     | utils.logger:strategy:103 - STRATEGY: Momentum Strategy | SELL | MSFT | {'strength': np.float64(-0.03956564431428169), 'rsi': np.float64(45.28645608453543), 'macd_histogram': np.float64(nan)}
2025-08-29 17:30:37 | INFO     | utils.logger:info:50 - Using yfinance fallback for GOOGL data
2025-08-29 17:30:37 | INFO     | utils.logger:strategy:103 - STRATEGY: Momentum Strategy | SELL | GOOGL | {'strength': np.float64(-0.01795041033513658), 'rsi': np.float64(73.25163486169296), 'macd_histogram': np.float64(nan)}
2025-08-29 17:30:38 | INFO     | utils.logger:info:50 - Using yfinance fallback for TSLA data
2025-08-29 17:30:38 | INFO     | utils.logger:strategy:103 - STRATEGY: Momentum Strategy | SELL | TSLA | {'strength': np.float64(-0.02879900357661755), 'rsi': np.float64(53.918936647033746), 'macd_histogram': np.float64(nan)}
2025-08-29 17:30:38 | INFO     | utils.logger:info:50 - Using yfinance fallback for AMZN data
2025-08-29 17:30:38 | INFO     | utils.logger:strategy:103 - STRATEGY: Momentum Strategy | SELL | AMZN | {'strength': np.float64(-0.037877355512308544), 'rsi': np.float64(52.97851483816783), 'macd_histogram': np.float64(nan)}
2025-08-29 17:30:38 | INFO     | utils.logger:info:50 - Using yfinance fallback for NVDA data
2025-08-29 17:30:38 | INFO     | utils.logger:strategy:103 - STRATEGY: Momentum Strategy | SELL | NVDA | {'strength': np.float64(-0.038616821484853674), 'rsi': np.float64(43.49959787316188), 'macd_histogram': np.float64(nan)}
2025-08-29 17:30:39 | INFO     | utils.logger:info:50 - Using yfinance fallback for AMD data
2025-08-29 17:30:39 | INFO     | utils.logger:strategy:103 - STRATEGY: Momentum Strategy | SELL | AMD | {'strength': np.float64(-0.04424472646724994), 'rsi': np.float64(44.71185351370716), 'macd_histogram': np.float64(nan)}
2025-08-29 17:31:08 | INFO     | utils.logger:info:50 - Using yfinance fallback for AAPL data
2025-08-29 17:31:09 | INFO     | utils.logger:strategy:103 - STRATEGY: Momentum Strategy | SELL | AAPL | {'strength': np.float64(-0.027121922265160015), 'rsi': np.float64(67.77004254004224), 'macd_histogram': np.float64(nan)}
2025-08-29 17:31:09 | INFO     | utils.logger:info:50 - Using yfinance fallback for MSFT data
2025-08-29 17:31:09 | INFO     | utils.logger:strategy:103 - STRATEGY: Momentum Strategy | SELL | MSFT | {'strength': np.float64(-0.03951487068692193), 'rsi': np.float64(45.25288389688678), 'macd_histogram': np.float64(nan)}
2025-08-29 17:31:09 | INFO     | utils.logger:info:50 - Using yfinance fallback for GOOGL data
2025-08-29 17:31:10 | INFO     | utils.logger:strategy:103 - STRATEGY: Momentum Strategy | SELL | GOOGL | {'strength': np.float64(-0.018002310588037147), 'rsi': np.float64(73.21786008620595), 'macd_histogram': np.float64(nan)}
2025-08-29 17:31:10 | INFO     | utils.logger:info:50 - Using yfinance fallback for TSLA data
2025-08-29 17:31:10 | INFO     | utils.logger:strategy:103 - STRATEGY: Momentum Strategy | SELL | TSLA | {'strength': np.float64(-0.028811864188260886), 'rsi': np.float64(53.87575099811028), 'macd_histogram': np.float64(nan)}
2025-08-29 17:31:10 | INFO     | utils.logger:info:50 - Using yfinance fallback for AMZN data
2025-08-29 17:31:10 | INFO     | utils.logger:strategy:103 - STRATEGY: Momentum Strategy | SELL | AMZN | {'strength': np.float64(-0.038024380547244004), 'rsi': np.float64(52.834853908427604), 'macd_histogram': np.float64(nan)}
2025-08-29 17:31:11 | INFO     | utils.logger:info:50 - Using yfinance fallback for NVDA data
2025-08-29 17:31:11 | INFO     | utils.logger:strategy:103 - STRATEGY: Momentum Strategy | SELL | NVDA | {'strength': np.float64(-0.03877553459383718), 'rsi': np.float64(43.38518044650374), 'macd_histogram': np.float64(nan)}
2025-08-29 17:31:11 | INFO     | utils.logger:info:50 - Using yfinance fallback for AMD data
2025-08-29 17:31:11 | INFO     | utils.logger:strategy:103 - STRATEGY: Momentum Strategy | SELL | AMD | {'strength': np.float64(-0.04406107496852849), 'rsi': np.float64(44.75606688730228), 'macd_histogram': np.float64(nan)}
2025-08-29 17:32:40 | INFO     | utils.logger:info:50 - Using yfinance fallback for AAPL data
2025-08-29 17:32:40 | INFO     | utils.logger:strategy:103 - STRATEGY: Momentum Strategy | SELL | AAPL | {'strength': np.float64(-0.02686143707426278), 'rsi': np.float64(67.86029158398037), 'macd_histogram': np.float64(nan)}
2025-08-29 17:32:41 | INFO     | utils.logger:info:50 - Using yfinance fallback for MSFT data
2025-08-29 17:32:41 | INFO     | utils.logger:strategy:103 - STRATEGY: Momentum Strategy | SELL | MSFT | {'strength': np.float64(-0.039370402656987755), 'rsi': np.float64(45.25288389688678), 'macd_histogram': np.float64(nan)}
2025-08-29 17:32:41 | INFO     | utils.logger:info:50 - Using yfinance fallback for GOOGL data
2025-08-29 17:32:41 | INFO     | utils.logger:strategy:103 - STRATEGY: Momentum Strategy | SELL | GOOGL | {'strength': np.float64(-0.017615513180466495), 'rsi': np.float64(73.33189756828652), 'macd_histogram': np.float64(nan)}
2025-08-29 17:32:41 | INFO     | utils.logger:info:50 - Using yfinance fallback for TSLA data
2025-08-29 17:32:42 | INFO     | utils.logger:strategy:103 - STRATEGY: Momentum Strategy | SELL | TSLA | {'strength': np.float64(-0.029951579137901647), 'rsi': np.float64(53.11580570563891), 'macd_histogram': np.float64(nan)}
2025-08-29 17:32:42 | INFO     | utils.logger:info:50 - Using yfinance fallback for AMZN data
2025-08-29 17:32:42 | INFO     | utils.logger:strategy:103 - STRATEGY: Momentum Strategy | SELL | AMZN | {'strength': np.float64(-0.03820589715381152), 'rsi': np.float64(52.67445822340733), 'macd_histogram': np.float64(nan)}
2025-08-29 17:32:42 | INFO     | utils.logger:info:50 - Using yfinance fallback for NVDA data
2025-08-29 17:32:42 | INFO     | utils.logger:strategy:103 - STRATEGY: Momentum Strategy | SELL | NVDA | {'strength': np.float64(-0.038940041525905036), 'rsi': np.float64(43.23104595835851), 'macd_histogram': np.float64(nan)}
2025-08-29 17:32:43 | INFO     | utils.logger:info:50 - Using yfinance fallback for AMD data
2025-08-29 17:32:43 | INFO     | utils.logger:strategy:103 - STRATEGY: Momentum Strategy | SELL | AMD | {'strength': np.float64(-0.044708982064841654), 'rsi': np.float64(44.51591094201332), 'macd_histogram': np.float64(nan)}
2025-08-29 17:33:12 | INFO     | utils.logger:info:50 - Using yfinance fallback for AAPL data
2025-08-29 17:33:13 | INFO     | utils.logger:strategy:103 - STRATEGY: Momentum Strategy | SELL | AAPL | {'strength': np.float64(-0.02704551677919976), 'rsi': np.float64(67.75090466062343), 'macd_histogram': np.float64(nan)}
2025-08-29 17:33:13 | INFO     | utils.logger:info:50 - Using yfinance fallback for MSFT data
2025-08-29 17:33:13 | INFO     | utils.logger:strategy:103 - STRATEGY: Momentum Strategy | SELL | MSFT | {'strength': np.float64(-0.03944449608075213), 'rsi': np.float64(45.133400958010306), 'macd_histogram': np.float64(nan)}
2025-08-29 17:33:13 | INFO     | utils.logger:info:50 - Using yfinance fallback for GOOGL data
2025-08-29 17:33:14 | INFO     | utils.logger:strategy:103 - STRATEGY: Momentum Strategy | SELL | GOOGL | {'strength': np.float64(-0.01767613194278452), 'rsi': np.float64(73.29652990604696), 'macd_histogram': np.float64(nan)}
2025-08-29 17:33:14 | INFO     | utils.logger:info:50 - Using yfinance fallback for TSLA data
2025-08-29 17:33:14 | INFO     | utils.logger:strategy:103 - STRATEGY: Momentum Strategy | SELL | TSLA | {'strength': np.float64(-0.030396932385005137), 'rsi': np.float64(52.86822132215866), 'macd_histogram': np.float64(nan)}
2025-08-29 17:33:14 | INFO     | utils.logger:info:50 - Using yfinance fallback for AMZN data
2025-08-29 17:33:14 | INFO     | utils.logger:strategy:103 - STRATEGY: Momentum Strategy | SELL | AMZN | {'strength': np.float64(-0.03829861843842728), 'rsi': np.float64(52.595012331319516), 'macd_histogram': np.float64(nan)}
2025-08-29 17:33:14 | INFO     | utils.logger:info:50 - Using yfinance fallback for NVDA data
2025-08-29 17:33:15 | INFO     | utils.logger:strategy:103 - STRATEGY: Momentum Strategy | SELL | NVDA | {'strength': np.float64(-0.03918310214371609), 'rsi': np.float64(43.07768399831417), 'macd_histogram': np.float64(nan)}
2025-08-29 17:33:15 | INFO     | utils.logger:info:50 - Using yfinance fallback for AMD data
2025-08-29 17:33:15 | INFO     | utils.logger:strategy:103 - STRATEGY: Momentum Strategy | SELL | AMD | {'strength': np.float64(-0.044920013592529055), 'rsi': np.float64(44.44299869958196), 'macd_histogram': np.float64(nan)}
2025-08-29 17:34:44 | INFO     | utils.logger:info:50 - Using yfinance fallback for AAPL data
2025-08-29 17:34:44 | INFO     | utils.logger:strategy:103 - STRATEGY: Momentum Strategy | SELL | AAPL | {'strength': np.float64(-0.027705807871513225), 'rsi': np.float64(67.07156730450788), 'macd_histogram': np.float64(nan)}
2025-08-29 17:34:45 | INFO     | utils.logger:info:50 - Using yfinance fallback for MSFT data
2025-08-29 17:34:45 | INFO     | utils.logger:strategy:103 - STRATEGY: Momentum Strategy | SELL | MSFT | {'strength': np.float64(-0.039650850525562366), 'rsi': np.float64(44.88500685443463), 'macd_histogram': np.float64(nan)}
2025-08-29 17:34:45 | INFO     | utils.logger:info:50 - Using yfinance fallback for GOOGL data
2025-08-29 17:34:45 | INFO     | utils.logger:strategy:103 - STRATEGY: Momentum Strategy | SELL | GOOGL | {'strength': np.float64(-0.01689143779011964), 'rsi': np.float64(73.56313564255909), 'macd_histogram': np.float64(nan)}
2025-08-29 17:34:45 | INFO     | utils.logger:info:50 - Using yfinance fallback for TSLA data
2025-08-29 17:34:46 | INFO     | utils.logger:strategy:103 - STRATEGY: Momentum Strategy | SELL | TSLA | {'strength': np.float64(-0.0297983709799063), 'rsi': np.float64(53.03646806641404), 'macd_histogram': np.float64(nan)}
2025-08-29 17:34:46 | INFO     | utils.logger:info:50 - Using yfinance fallback for AMZN data
2025-08-29 17:34:46 | INFO     | utils.logger:strategy:103 - STRATEGY: Momentum Strategy | SELL | AMZN | {'strength': np.float64(-0.0378815765044754), 'rsi': np.float64(52.810046514969486), 'macd_histogram': np.float64(nan)}
2025-08-29 17:34:46 | INFO     | utils.logger:info:50 - Using yfinance fallback for NVDA data
2025-08-29 17:34:46 | INFO     | utils.logger:strategy:103 - STRATEGY: Momentum Strategy | SELL | NVDA | {'strength': np.float64(-0.03872562082983017), 'rsi': np.float64(43.26327406809994), 'macd_histogram': np.float64(nan)}
2025-08-29 17:34:46 | INFO     | utils.logger:info:50 - Using yfinance fallback for AMD data
2025-08-29 17:34:47 | INFO     | utils.logger:strategy:103 - STRATEGY: Momentum Strategy | SELL | AMD | {'strength': np.float64(-0.04422134636680973), 'rsi': np.float64(44.62350892291722), 'macd_histogram': np.float64(nan)}
2025-08-29 17:35:16 | INFO     | utils.logger:info:50 - Using yfinance fallback for AAPL data
2025-08-29 17:35:17 | INFO     | utils.logger:strategy:103 - STRATEGY: Momentum Strategy | SELL | AAPL | {'strength': np.float64(-0.028155281685405504), 'rsi': np.float64(66.30415037569438), 'macd_histogram': np.float64(nan)}
2025-08-29 17:35:17 | INFO     | utils.logger:info:50 - Using yfinance fallback for MSFT data
2025-08-29 17:35:17 | INFO     | utils.logger:strategy:103 - STRATEGY: Momentum Strategy | SELL | MSFT | {'strength': np.float64(-0.03977067415227457), 'rsi': np.float64(44.755265741036204), 'macd_histogram': np.float64(nan)}
2025-08-29 17:35:17 | INFO     | utils.logger:info:50 - Using yfinance fallback for GOOGL data
2025-08-29 17:35:17 | INFO     | utils.logger:strategy:103 - STRATEGY: Momentum Strategy | SELL | GOOGL | {'strength': np.float64(-0.016941598261314153), 'rsi': np.float64(73.5298241785809), 'macd_histogram': np.float64(nan)}
2025-08-29 17:35:17 | INFO     | utils.logger:info:50 - Using yfinance fallback for TSLA data
2025-08-29 17:35:18 | INFO     | utils.logger:strategy:103 - STRATEGY: Momentum Strategy | SELL | TSLA | {'strength': np.float64(-0.03008879476040587), 'rsi': np.float64(52.882326515275025), 'macd_histogram': np.float64(nan)}
2025-08-29 17:35:18 | INFO     | utils.logger:info:50 - Using yfinance fallback for AMZN data
2025-08-29 17:35:18 | INFO     | utils.logger:strategy:103 - STRATEGY: Momentum Strategy | SELL | AMZN | {'strength': np.float64(-0.0378884241588398), 'rsi': np.float64(52.786067036202105), 'macd_histogram': np.float64(nan)}
2025-08-29 17:35:18 | INFO     | utils.logger:info:50 - Using yfinance fallback for NVDA data
2025-08-29 17:35:18 | INFO     | utils.logger:strategy:103 - STRATEGY: Momentum Strategy | SELL | NVDA | {'strength': np.float64(-0.03869229119599835), 'rsi': np.float64(43.263447201421066), 'macd_histogram': np.float64(nan)}
2025-08-29 17:35:19 | INFO     | utils.logger:info:50 - Using yfinance fallback for AMD data
2025-08-29 17:35:19 | INFO     | utils.logger:strategy:103 - STRATEGY: Momentum Strategy | SELL | AMD | {'strength': np.float64(-0.044276489591350734), 'rsi': np.float64(44.59403374977364), 'macd_histogram': np.float64(nan)}
2025-08-29 17:36:48 | INFO     | utils.logger:info:50 - Using yfinance fallback for AAPL data
2025-08-29 17:36:48 | INFO     | utils.logger:strategy:103 - STRATEGY: Momentum Strategy | SELL | AAPL | {'strength': np.float64(-0.026646493729092804), 'rsi': np.float64(67.51750122219423), 'macd_histogram': np.float64(nan)}
2025-08-29 17:36:48 | INFO     | utils.logger:info:50 - Using yfinance fallback for MSFT data
2025-08-29 17:36:49 | INFO     | utils.logger:strategy:103 - STRATEGY: Momentum Strategy | SELL | MSFT | {'strength': np.float64(-0.039656014507015495), 'rsi': np.float64(44.81628419725546), 'macd_histogram': np.float64(nan)}
2025-08-29 17:36:49 | INFO     | utils.logger:info:50 - Using yfinance fallback for GOOGL data
2025-08-29 17:36:49 | INFO     | utils.logger:strategy:103 - STRATEGY: Momentum Strategy | SELL | GOOGL | {'strength': np.float64(-0.017294224929733756), 'rsi': np.float64(73.34129154022128), 'macd_histogram': np.float64(nan)}
2025-08-29 17:36:49 | INFO     | utils.logger:info:50 - Using yfinance fallback for TSLA data
2025-08-29 17:36:49 | INFO     | utils.logger:strategy:103 - STRATEGY: Momentum Strategy | SELL | TSLA | {'strength': np.float64(-0.03116059809992487), 'rsi': np.float64(52.147071579835305), 'macd_histogram': np.float64(nan)}
2025-08-29 17:36:50 | INFO     | utils.logger:info:50 - Using yfinance fallback for AMZN data
2025-08-29 17:36:50 | INFO     | utils.logger:strategy:103 - STRATEGY: Momentum Strategy | SELL | AMZN | {'strength': np.float64(-0.03775747957286902), 'rsi': np.float64(52.83404779027406), 'macd_histogram': np.float64(nan)}
2025-08-29 17:36:50 | INFO     | utils.logger:info:50 - Using yfinance fallback for NVDA data
2025-08-29 17:36:50 | INFO     | utils.logger:strategy:103 - STRATEGY: Momentum Strategy | SELL | NVDA | {'strength': np.float64(-0.03846536747626967), 'rsi': np.float64(43.32008661106221), 'macd_histogram': np.float64(nan)}
2025-08-29 17:36:50 | INFO     | utils.logger:info:50 - Using yfinance fallback for AMD data
2025-08-29 17:36:51 | INFO     | utils.logger:strategy:103 - STRATEGY: Momentum Strategy | SELL | AMD | {'strength': np.float64(-0.04374190077177684), 'rsi': np.float64(44.72652152260827), 'macd_histogram': np.float64(nan)}
2025-08-29 17:37:20 | INFO     | utils.logger:info:50 - Using yfinance fallback for AAPL data
2025-08-29 17:37:20 | INFO     | utils.logger:strategy:103 - STRATEGY: Momentum Strategy | SELL | AAPL | {'strength': np.float64(-0.02653660771216404), 'rsi': np.float64(67.52986286027513), 'macd_histogram': np.float64(nan)}
2025-08-29 17:37:21 | INFO     | utils.logger:info:50 - Using yfinance fallback for MSFT data
2025-08-29 17:37:21 | INFO     | utils.logger:strategy:103 - STRATEGY: Momentum Strategy | SELL | MSFT | {'strength': np.float64(-0.03925659296523943), 'rsi': np.float64(45.12865919633885), 'macd_histogram': np.float64(nan)}
2025-08-29 17:37:21 | INFO     | utils.logger:info:50 - Using yfinance fallback for GOOGL data
2025-08-29 17:37:21 | INFO     | utils.logger:strategy:103 - STRATEGY: Momentum Strategy | SELL | GOOGL | {'strength': np.float64(-0.01692448556508489), 'rsi': np.float64(73.48569394582111), 'macd_histogram': np.float64(nan)}
2025-08-29 17:37:21 | INFO     | utils.logger:info:50 - Using yfinance fallback for TSLA data
2025-08-29 17:37:22 | INFO     | utils.logger:strategy:103 - STRATEGY: Momentum Strategy | SELL | TSLA | {'strength': np.float64(-0.030815735516453842), 'rsi': np.float64(52.23579849851663), 'macd_histogram': np.float64(nan)}
2025-08-29 17:37:22 | INFO     | utils.logger:info:50 - Using yfinance fallback for AMZN data
2025-08-29 17:37:22 | INFO     | utils.logger:strategy:103 - STRATEGY: Momentum Strategy | SELL | AMZN | {'strength': np.float64(-0.0375250289245039), 'rsi': np.float64(52.96243212317241), 'macd_histogram': np.float64(nan)}
2025-08-29 17:37:22 | INFO     | utils.logger:info:50 - Using yfinance fallback for NVDA data
2025-08-29 17:37:22 | INFO     | utils.logger:strategy:103 - STRATEGY: Momentum Strategy | SELL | NVDA | {'strength': np.float64(-0.038516837146300505), 'rsi': np.float64(43.271388089894565), 'macd_histogram': np.float64(nan)}
2025-08-29 17:37:22 | INFO     | utils.logger:info:50 - Using yfinance fallback for AMD data
2025-08-29 17:37:23 | INFO     | utils.logger:strategy:103 - STRATEGY: Momentum Strategy | SELL | AMD | {'strength': np.float64(-0.04370216997963012), 'rsi': np.float64(44.731433026489405), 'macd_histogram': np.float64(nan)}
2025-08-29 17:38:52 | INFO     | utils.logger:info:50 - Using yfinance fallback for AAPL data
2025-08-29 17:38:52 | INFO     | utils.logger:strategy:103 - STRATEGY: Momentum Strategy | SELL | AAPL | {'strength': np.float64(-0.02688352196391566), 'rsi': np.float64(66.99530192159972), 'macd_histogram': np.float64(nan)}
2025-08-29 17:38:52 | INFO     | utils.logger:info:50 - Using yfinance fallback for MSFT data
2025-08-29 17:38:53 | INFO     | utils.logger:strategy:103 - STRATEGY: Momentum Strategy | SELL | MSFT | {'strength': np.float64(-0.03917767321780296), 'rsi': np.float64(45.10005523191118), 'macd_histogram': np.float64(nan)}
2025-08-29 17:38:53 | INFO     | utils.logger:info:50 - Using yfinance fallback for GOOGL data
2025-08-29 17:38:53 | INFO     | utils.logger:strategy:103 - STRATEGY: Momentum Strategy | SELL | GOOGL | {'strength': np.float64(-0.016655269468269073), 'rsi': np.float64(73.57379100835188), 'macd_histogram': np.float64(nan)}
2025-08-29 17:38:53 | INFO     | utils.logger:info:50 - Using yfinance fallback for TSLA data
2025-08-29 17:38:53 | INFO     | utils.logger:strategy:103 - STRATEGY: Momentum Strategy | SELL | TSLA | {'strength': np.float64(-0.030119060183007442), 'rsi': np.float64(52.435381131759684), 'macd_histogram': np.float64(nan)}
2025-08-29 17:38:53 | INFO     | utils.logger:info:50 - Using yfinance fallback for AMZN data
2025-08-29 17:38:54 | INFO     | utils.logger:strategy:103 - STRATEGY: Momentum Strategy | SELL | AMZN | {'strength': np.float64(-0.03736925681464695), 'rsi': np.float64(53.01073417938056), 'macd_histogram': np.float64(nan)}
2025-08-29 17:38:54 | INFO     | utils.logger:info:50 - Using yfinance fallback for NVDA data
2025-08-29 17:38:54 | INFO     | utils.logger:strategy:103 - STRATEGY: Momentum Strategy | SELL | NVDA | {'strength': np.float64(-0.0389496391980596), 'rsi': np.float64(42.98145642443464), 'macd_histogram': np.float64(nan)}
2025-08-29 17:38:54 | INFO     | utils.logger:info:50 - Using yfinance fallback for AMD data
2025-08-29 17:38:54 | INFO     | utils.logger:strategy:103 - STRATEGY: Momentum Strategy | SELL | AMD | {'strength': np.float64(-0.044246508446022195), 'rsi': np.float64(44.52565759964651), 'macd_histogram': np.float64(nan)}
2025-08-29 17:39:24 | INFO     | utils.logger:info:50 - Using yfinance fallback for AAPL data
2025-08-29 17:39:24 | INFO     | utils.logger:strategy:103 - STRATEGY: Momentum Strategy | SELL | AAPL | {'strength': np.float64(-0.02740922860834939), 'rsi': np.float64(66.31660119573691), 'macd_histogram': np.float64(nan)}
2025-08-29 17:39:24 | INFO     | utils.logger:info:50 - Using yfinance fallback for MSFT data
2025-08-29 17:39:25 | INFO     | utils.logger:strategy:103 - STRATEGY: Momentum Strategy | SELL | MSFT | {'strength': np.float64(-0.03915930601586927), 'rsi': np.float64(45.100171434789175), 'macd_histogram': np.float64(nan)}
2025-08-29 17:39:25 | INFO     | utils.logger:info:50 - Using yfinance fallback for GOOGL data
2025-08-29 17:39:25 | INFO     | utils.logger:strategy:103 - STRATEGY: Momentum Strategy | SELL | GOOGL | {'strength': np.float64(-0.01699033727229028), 'rsi': np.float64(73.41923895150362), 'macd_histogram': np.float64(nan)}
2025-08-29 17:39:25 | INFO     | utils.logger:info:50 - Using yfinance fallback for TSLA data
2025-08-29 17:39:25 | INFO     | utils.logger:strategy:103 - STRATEGY: Momentum Strategy | SELL | TSLA | {'strength': np.float64(-0.03128473841680616), 'rsi': np.float64(51.89389910261957), 'macd_histogram': np.float64(nan)}
2025-08-29 17:39:25 | INFO     | utils.logger:info:50 - Using yfinance fallback for AMZN data
2025-08-29 17:39:26 | INFO     | utils.logger:strategy:103 - STRATEGY: Momentum Strategy | SELL | AMZN | {'strength': np.float64(-0.03760269798871126), 'rsi': np.float64(52.83404779027406), 'macd_histogram': np.float64(nan)}
2025-08-29 17:39:26 | INFO     | utils.logger:info:50 - Using yfinance fallback for NVDA data
2025-08-29 17:39:26 | INFO     | utils.logger:strategy:103 - STRATEGY: Momentum Strategy | SELL | NVDA | {'strength': np.float64(-0.03898009577790869), 'rsi': np.float64(42.94150664193166), 'macd_histogram': np.float64(nan)}
2025-08-29 17:39:26 | INFO     | utils.logger:info:50 - Using yfinance fallback for AMD data
2025-08-29 17:39:26 | INFO     | utils.logger:strategy:103 - STRATEGY: Momentum Strategy | SELL | AMD | {'strength': np.float64(-0.04439014610281113), 'rsi': np.float64(44.476937242764336), 'macd_histogram': np.float64(nan)}
2025-08-29 17:40:55 | INFO     | utils.logger:info:50 - Using yfinance fallback for AAPL data
2025-08-29 17:40:56 | INFO     | utils.logger:strategy:103 - STRATEGY: Momentum Strategy | SELL | AAPL | {'strength': np.float64(-0.027442309795481044), 'rsi': np.float64(65.98240035669795), 'macd_histogram': np.float64(nan)}
2025-08-29 17:40:56 | INFO     | utils.logger:info:50 - Using yfinance fallback for MSFT data
2025-08-29 17:40:56 | INFO     | utils.logger:strategy:103 - STRATEGY: Momentum Strategy | SELL | MSFT | {'strength': np.float64(-0.03865961726308137), 'rsi': np.float64(45.300871980089155), 'macd_histogram': np.float64(nan)}
2025-08-29 17:40:56 | INFO     | utils.logger:info:50 - Using yfinance fallback for GOOGL data
2025-08-29 17:40:57 | INFO     | utils.logger:strategy:103 - STRATEGY: Momentum Strategy | SELL | GOOGL | {'strength': np.float64(-0.017152494767906184), 'rsi': np.float64(73.31892949676694), 'macd_histogram': np.float64(nan)}
2025-08-29 17:40:57 | INFO     | utils.logger:info:50 - Using yfinance fallback for TSLA data
2025-08-29 17:40:57 | INFO     | utils.logger:strategy:103 - STRATEGY: Momentum Strategy | SELL | TSLA | {'strength': np.float64(-0.03039457347613234), 'rsi': np.float64(52.145079809096124), 'macd_histogram': np.float64(nan)}
2025-08-29 17:40:57 | INFO     | utils.logger:info:50 - Using yfinance fallback for AMZN data
2025-08-29 17:40:57 | INFO     | utils.logger:strategy:103 - STRATEGY: Momentum Strategy | SELL | AMZN | {'strength': np.float64(-0.03766967586995513), 'rsi': np.float64(52.75412013441528), 'macd_histogram': np.float64(nan)}
2025-08-29 17:40:58 | INFO     | utils.logger:info:50 - Using yfinance fallback for NVDA data
2025-08-29 17:40:58 | INFO     | utils.logger:strategy:103 - STRATEGY: Momentum Strategy | SELL | NVDA | {'strength': np.float64(-0.038902078491134716), 'rsi': np.float64(42.925552384810665), 'macd_histogram': np.float64(nan)}
2025-08-29 17:40:58 | INFO     | utils.logger:info:50 - Using yfinance fallback for AMD data
2025-08-29 17:40:58 | INFO     | utils.logger:strategy:103 - STRATEGY: Momentum Strategy | SELL | AMD | {'strength': np.float64(-0.04455115669416076), 'rsi': np.float64(44.381368308749174), 'macd_histogram': np.float64(nan)}
2025-08-29 17:41:27 | INFO     | utils.logger:info:50 - Using yfinance fallback for AAPL data
2025-08-29 17:41:28 | INFO     | utils.logger:strategy:103 - STRATEGY: Momentum Strategy | SELL | AAPL | {'strength': np.float64(-0.027190159325512078), 'rsi': np.float64(66.19241650054752), 'macd_histogram': np.float64(nan)}
2025-08-29 17:41:28 | INFO     | utils.logger:info:50 - Using yfinance fallback for MSFT data
2025-08-29 17:41:28 | INFO     | utils.logger:strategy:103 - STRATEGY: Momentum Strategy | SELL | MSFT | {'strength': np.float64(-0.03885993194194826), 'rsi': np.float64(45.104820040981295), 'macd_histogram': np.float64(nan)}
2025-08-29 17:41:28 | INFO     | utils.logger:info:50 - Using yfinance fallback for GOOGL data
2025-08-29 17:41:29 | INFO     | utils.logger:strategy:103 - STRATEGY: Momentum Strategy | SELL | GOOGL | {'strength': np.float64(-0.017269102196354733), 'rsi': np.float64(73.25163486169296), 'macd_histogram': np.float64(nan)}
2025-08-29 17:41:29 | INFO     | utils.logger:info:50 - Using yfinance fallback for TSLA data
2025-08-29 17:41:29 | INFO     | utils.logger:strategy:103 - STRATEGY: Momentum Strategy | SELL | TSLA | {'strength': np.float64(-0.03024579561770804), 'rsi': np.float64(52.178533274829505), 'macd_histogram': np.float64(nan)}
2025-08-29 17:41:29 | INFO     | utils.logger:info:50 - Using yfinance fallback for AMZN data
2025-08-29 17:41:29 | INFO     | utils.logger:strategy:103 - STRATEGY: Momentum Strategy | SELL | AMZN | {'strength': np.float64(-0.03769273907623059), 'rsi': np.float64(52.72223620286381), 'macd_histogram': np.float64(nan)}
2025-08-29 17:41:30 | INFO     | utils.logger:info:50 - Using yfinance fallback for NVDA data
2025-08-29 17:41:30 | INFO     | utils.logger:strategy:103 - STRATEGY: Momentum Strategy | SELL | NVDA | {'strength': np.float64(-0.038980433610462835), 'rsi': np.float64(42.869769294640385), 'macd_histogram': np.float64(nan)}
2025-08-29 17:41:30 | INFO     | utils.logger:info:50 - Using yfinance fallback for AMD data
2025-08-29 17:41:30 | INFO     | utils.logger:strategy:103 - STRATEGY: Momentum Strategy | SELL | AMD | {'strength': np.float64(-0.04433322544375417), 'rsi': np.float64(44.43804655193419), 'macd_histogram': np.float64(nan)}
2025-08-29 17:42:59 | INFO     | utils.logger:info:50 - Using yfinance fallback for AAPL data
2025-08-29 17:43:00 | INFO     | utils.logger:strategy:103 - STRATEGY: Momentum Strategy | SELL | AAPL | {'strength': np.float64(-0.02665201345259268), 'rsi': np.float64(66.56637376100669), 'macd_histogram': np.float64(nan)}
2025-08-29 17:43:00 | INFO     | utils.logger:info:50 - Using yfinance fallback for MSFT data
2025-08-29 17:43:00 | INFO     | utils.logger:strategy:103 - STRATEGY: Momentum Strategy | SELL | MSFT | {'strength': np.float64(-0.038821704807269285), 'rsi': np.float64(45.06203097306418), 'macd_histogram': np.float64(nan)}
2025-08-29 17:43:00 | INFO     | utils.logger:info:50 - Using yfinance fallback for GOOGL data
2025-08-29 17:43:01 | INFO     | utils.logger:strategy:103 - STRATEGY: Momentum Strategy | SELL | GOOGL | {'strength': np.float64(-0.016955758951594763), 'rsi': np.float64(73.36359911631483), 'macd_histogram': np.float64(nan)}
2025-08-29 17:43:01 | INFO     | utils.logger:info:50 - Using yfinance fallback for TSLA data
2025-08-29 17:43:01 | INFO     | utils.logger:strategy:103 - STRATEGY: Momentum Strategy | SELL | TSLA | {'strength': np.float64(-0.03045319699024572), 'rsi': np.float64(51.953324819920724), 'macd_histogram': np.float64(nan)}
2025-08-29 17:43:01 | INFO     | utils.logger:info:50 - Using yfinance fallback for AMZN data
2025-08-29 17:43:01 | INFO     | utils.logger:strategy:103 - STRATEGY: Momentum Strategy | SELL | AMZN | {'strength': np.float64(-0.03773736500228953), 'rsi': np.float64(52.6346931770933), 'macd_histogram': np.float64(nan)}
2025-08-29 17:43:01 | INFO     | utils.logger:info:50 - Using yfinance fallback for NVDA data
2025-08-29 17:43:02 | INFO     | utils.logger:strategy:103 - STRATEGY: Momentum Strategy | SELL | NVDA | {'strength': np.float64(-0.039211429031110065), 'rsi': np.float64(42.67963630482582), 'macd_histogram': np.float64(nan)}
2025-08-29 17:43:02 | INFO     | utils.logger:info:50 - Using yfinance fallback for AMD data
2025-08-29 17:43:02 | INFO     | utils.logger:strategy:103 - STRATEGY: Momentum Strategy | SELL | AMD | {'strength': np.float64(-0.04429422165213403), 'rsi': np.float64(44.418619293835675), 'macd_histogram': np.float64(nan)}
2025-08-29 17:43:31 | INFO     | utils.logger:info:50 - Using yfinance fallback for AAPL data
2025-08-29 17:43:32 | INFO     | utils.logger:strategy:103 - STRATEGY: Momentum Strategy | SELL | AAPL | {'strength': np.float64(-0.0264718965916533), 'rsi': np.float64(66.71712708027127), 'macd_histogram': np.float64(nan)}
2025-08-29 17:43:32 | INFO     | utils.logger:info:50 - Using yfinance fallback for MSFT data
2025-08-29 17:43:32 | INFO     | utils.logger:strategy:103 - STRATEGY: Momentum Strategy | SELL | MSFT | {'strength': np.float64(-0.03863665571914681), 'rsi': np.float64(45.19633079643905), 'macd_histogram': np.float64(nan)}
2025-08-29 17:43:32 | INFO     | utils.logger:info:50 - Using yfinance fallback for GOOGL data
2025-08-29 17:43:32 | INFO     | utils.logger:strategy:103 - STRATEGY: Momentum Strategy | SELL | GOOGL | {'strength': np.float64(-0.01669200323005725), 'rsi': np.float64(73.46911136895285), 'macd_histogram': np.float64(nan)}
2025-08-29 17:43:33 | INFO     | utils.logger:info:50 - Using yfinance fallback for TSLA data
2025-08-29 17:43:33 | INFO     | utils.logger:strategy:103 - STRATEGY: Momentum Strategy | SELL | TSLA | {'strength': np.float64(-0.03029834134904667), 'rsi': np.float64(51.98574483172642), 'macd_histogram': np.float64(nan)}
2025-08-29 17:43:33 | INFO     | utils.logger:info:50 - Using yfinance fallback for AMZN data
2025-08-29 17:43:33 | INFO     | utils.logger:strategy:103 - STRATEGY: Momentum Strategy | SELL | AMZN | {'strength': np.float64(-0.037590212311966464), 'rsi': np.float64(52.71425908261216), 'macd_histogram': np.float64(nan)}
2025-08-29 17:43:33 | INFO     | utils.logger:info:50 - Using yfinance fallback for NVDA data
2025-08-29 17:43:34 | INFO     | utils.logger:strategy:103 - STRATEGY: Momentum Strategy | SELL | NVDA | {'strength': np.float64(-0.039230975334888195), 'rsi': np.float64(42.645723990362214), 'macd_histogram': np.float64(nan)}
2025-08-29 17:43:34 | INFO     | utils.logger:info:50 - Using yfinance fallback for AMD data
2025-08-29 17:43:34 | INFO     | utils.logger:strategy:103 - STRATEGY: Momentum Strategy | SELL | AMD | {'strength': np.float64(-0.044216636296042194), 'rsi': np.float64(44.42832338981036), 'macd_histogram': np.float64(nan)}
2025-08-29 17:45:03 | INFO     | utils.logger:info:50 - Using yfinance fallback for AAPL data
2025-08-29 17:45:04 | INFO     | utils.logger:strategy:103 - STRATEGY: Momentum Strategy | SELL | AAPL | {'strength': np.float64(-0.026666961355744468), 'rsi': np.float64(66.3913283199717), 'macd_histogram': np.float64(nan)}
2025-08-29 17:45:04 | INFO     | utils.logger:info:50 - Using yfinance fallback for MSFT data
2025-08-29 17:45:04 | INFO     | utils.logger:strategy:103 - STRATEGY: Momentum Strategy | SELL | MSFT | {'strength': np.float64(-0.038695734593122276), 'rsi': np.float64(45.081035084459685), 'macd_histogram': np.float64(nan)}
2025-08-29 17:45:04 | INFO     | utils.logger:info:50 - Using yfinance fallback for GOOGL data
2025-08-29 17:45:04 | INFO     | utils.logger:strategy:103 - STRATEGY: Momentum Strategy | SELL | GOOGL | {'strength': np.float64(-0.016697954289130578), 'rsi': np.float64(73.44143323745861), 'macd_histogram': np.float64(nan)}
2025-08-29 17:45:05 | INFO     | utils.logger:info:50 - Using yfinance fallback for TSLA data
2025-08-29 17:45:05 | INFO     | utils.logger:strategy:103 - STRATEGY: Momentum Strategy | SELL | TSLA | {'strength': np.float64(-0.03074959120881933), 'rsi': np.float64(51.58248541084048), 'macd_histogram': np.float64(nan)}
2025-08-29 17:45:05 | INFO     | utils.logger:info:50 - Using yfinance fallback for AMZN data
2025-08-29 17:45:05 | INFO     | utils.logger:strategy:103 - STRATEGY: Momentum Strategy | SELL | AMZN | {'strength': np.float64(-0.037762160893856776), 'rsi': np.float64(52.500002671763816), 'macd_histogram': np.float64(nan)}
2025-08-29 17:45:06 | INFO     | utils.logger:info:50 - Using yfinance fallback for NVDA data
2025-08-29 17:45:06 | INFO     | utils.logger:strategy:103 - STRATEGY: Momentum Strategy | SELL | NVDA | {'strength': np.float64(-0.039004816318210574), 'rsi': np.float64(42.65596415572884), 'macd_histogram': np.float64(nan)}
2025-08-29 17:45:06 | INFO     | utils.logger:info:50 - Using yfinance fallback for AMD data
2025-08-29 17:45:06 | INFO     | utils.logger:strategy:103 - STRATEGY: Momentum Strategy | SELL | AMD | {'strength': np.float64(-0.04426872179465537), 'rsi': np.float64(44.389517631460976), 'macd_histogram': np.float64(nan)}
2025-08-29 17:45:35 | INFO     | utils.logger:info:50 - Using yfinance fallback for AAPL data
2025-08-29 17:45:35 | INFO     | utils.logger:strategy:103 - STRATEGY: Momentum Strategy | SELL | AAPL | {'strength': np.float64(-0.026704563961675132), 'rsi': np.float64(66.30415037569438), 'macd_histogram': np.float64(nan)}
2025-08-29 17:45:36 | INFO     | utils.logger:info:50 - Using yfinance fallback for MSFT data
2025-08-29 17:45:36 | INFO     | utils.logger:strategy:103 - STRATEGY: Momentum Strategy | SELL | MSFT | {'strength': np.float64(-0.038796843754876555), 'rsi': np.float64(44.97666703734545), 'macd_histogram': np.float64(nan)}
2025-08-29 17:45:36 | INFO     | utils.logger:info:50 - Using yfinance fallback for GOOGL data
2025-08-29 17:45:36 | INFO     | utils.logger:strategy:103 - STRATEGY: Momentum Strategy | SELL | GOOGL | {'strength': np.float64(-0.016788039985568687), 'rsi': np.float64(73.39145660974361), 'macd_histogram': np.float64(nan)}
2025-08-29 17:45:36 | INFO     | utils.logger:info:50 - Using yfinance fallback for TSLA data
2025-08-29 17:45:37 | INFO     | utils.logger:strategy:103 - STRATEGY: Momentum Strategy | SELL | TSLA | {'strength': np.float64(-0.030410156458143545), 'rsi': np.float64(51.69024035250306), 'macd_histogram': np.float64(nan)}
2025-08-29 17:45:37 | INFO     | utils.logger:info:50 - Using yfinance fallback for AMZN data
2025-08-29 17:45:37 | INFO     | utils.logger:strategy:103 - STRATEGY: Momentum Strategy | SELL | AMZN | {'strength': np.float64(-0.03782713391452352), 'rsi': np.float64(52.42897038553), 'macd_histogram': np.float64(nan)}
2025-08-29 17:45:37 | INFO     | utils.logger:info:50 - Using yfinance fallback for NVDA data
2025-08-29 17:45:37 | INFO     | utils.logger:strategy:103 - STRATEGY: Momentum Strategy | SELL | NVDA | {'strength': np.float64(-0.039224316357262846), 'rsi': np.float64(42.51448087930622), 'macd_histogram': np.float64(nan)}
2025-08-29 17:45:37 | INFO     | utils.logger:info:50 - Using yfinance fallback for AMD data
2025-08-29 17:45:38 | INFO     | utils.logger:strategy:103 - STRATEGY: Momentum Strategy | SELL | AMD | {'strength': np.float64(-0.044514564104509914), 'rsi': np.float64(44.307259795531536), 'macd_histogram': np.float64(nan)}
2025-08-29 17:45:38 | INFO     | utils.logger:info:48 - Alpaca client initialized with rate limiting | {'base_url': 'https://paper-api.alpaca.markets', 'key_fingerprint': 'PKW5...3D1Z', 'max_calls_per_minute': 150, 'official_limit': '200 requests/minute'}
2025-08-29 17:47:07 | INFO     | utils.logger:info:50 - Using yfinance fallback for AAPL data
2025-08-29 17:47:08 | INFO     | utils.logger:strategy:103 - STRATEGY: Momentum Strategy | SELL | AAPL | {'strength': np.float64(-0.026854015654232698), 'rsi': np.float64(65.82267481330027), 'macd_histogram': np.float64(nan)}
2025-08-29 17:47:08 | INFO     | utils.logger:info:50 - Using yfinance fallback for MSFT data
2025-08-29 17:47:08 | INFO     | utils.logger:strategy:103 - STRATEGY: Momentum Strategy | SELL | MSFT | {'strength': np.float64(-0.03869809277298072), 'rsi': np.float64(44.95772193167411), 'macd_histogram': np.float64(nan)}
2025-08-29 17:47:08 | INFO     | utils.logger:info:50 - Using yfinance fallback for GOOGL data
2025-08-29 17:47:09 | INFO     | utils.logger:strategy:103 - STRATEGY: Momentum Strategy | SELL | GOOGL | {'strength': np.float64(-0.016799746079449798), 'rsi': np.float64(73.35244999687609), 'macd_histogram': np.float64(nan)}
2025-08-29 17:47:09 | INFO     | utils.logger:info:50 - Using yfinance fallback for TSLA data
2025-08-29 17:47:09 | INFO     | utils.logger:strategy:103 - STRATEGY: Momentum Strategy | SELL | TSLA | {'strength': np.float64(-0.030895565663645076), 'rsi': np.float64(51.39418684887178), 'macd_histogram': np.float64(nan)}
2025-08-29 17:47:09 | INFO     | utils.logger:info:50 - Using yfinance fallback for AMZN data
2025-08-29 17:47:09 | INFO     | utils.logger:strategy:103 - STRATEGY: Momentum Strategy | SELL | AMZN | {'strength': np.float64(-0.037694838653564454), 'rsi': np.float64(52.45262644766293), 'macd_histogram': np.float64(nan)}
2025-08-29 17:47:09 | INFO     | utils.logger:info:50 - Using yfinance fallback for NVDA data
2025-08-29 17:47:10 | INFO     | utils.logger:strategy:103 - STRATEGY: Momentum Strategy | SELL | NVDA | {'strength': np.float64(-0.03929283604867382), 'rsi': np.float64(42.38200171406609), 'macd_histogram': np.float64(nan)}
2025-08-29 17:47:10 | INFO     | utils.logger:info:50 - Using yfinance fallback for AMD data
2025-08-29 17:47:10 | INFO     | utils.logger:strategy:103 - STRATEGY: Momentum Strategy | SELL | AMD | {'strength': np.float64(-0.044994186111847516), 'rsi': np.float64(44.13408980474203), 'macd_histogram': np.float64(nan)}
2025-08-29 17:47:39 | INFO     | utils.logger:info:50 - Using yfinance fallback for AAPL data
2025-08-29 17:47:39 | INFO     | utils.logger:strategy:103 - STRATEGY: Momentum Strategy | SELL | AAPL | {'strength': np.float64(-0.02690177453026792), 'rsi': np.float64(65.6759321424887), 'macd_histogram': np.float64(nan)}
2025-08-29 17:47:39 | INFO     | utils.logger:info:50 - Using yfinance fallback for MSFT data
2025-08-29 17:47:40 | INFO     | utils.logger:strategy:103 - STRATEGY: Momentum Strategy | SELL | MSFT | {'strength': np.float64(-0.03867749680896), 'rsi': np.float64(44.95772193167411), 'macd_histogram': np.float64(nan)}
2025-08-29 17:47:40 | INFO     | utils.logger:info:50 - Using yfinance fallback for GOOGL data
2025-08-29 17:47:40 | INFO     | utils.logger:strategy:103 - STRATEGY: Momentum Strategy | SELL | GOOGL | {'strength': np.float64(-0.016767089556825206), 'rsi': np.float64(73.35936184812178), 'macd_histogram': np.float64(nan)}
2025-08-29 17:47:40 | INFO     | utils.logger:info:50 - Using yfinance fallback for TSLA data
2025-08-29 17:47:40 | INFO     | utils.logger:strategy:103 - STRATEGY: Momentum Strategy | SELL | TSLA | {'strength': np.float64(-0.030780976168021477), 'rsi': np.float64(51.3981356146265), 'macd_histogram': np.float64(nan)}
2025-08-29 17:47:41 | INFO     | utils.logger:info:50 - Using yfinance fallback for AMZN data
2025-08-29 17:47:41 | INFO     | utils.logger:strategy:103 - STRATEGY: Momentum Strategy | SELL | AMZN | {'strength': np.float64(-0.03756122155038594), 'rsi': np.float64(52.51597466475894), 'macd_histogram': np.float64(nan)}
2025-08-29 17:47:41 | INFO     | utils.logger:info:50 - Using yfinance fallback for NVDA data
2025-08-29 17:47:41 | INFO     | utils.logger:strategy:103 - STRATEGY: Momentum Strategy | SELL | NVDA | {'strength': np.float64(-0.039308761788593306), 'rsi': np.float64(42.34313430987021), 'macd_histogram': np.float64(nan)}
2025-08-29 17:47:41 | INFO     | utils.logger:info:50 - Using yfinance fallback for AMD data
2025-08-29 17:47:42 | INFO     | utils.logger:strategy:103 - STRATEGY: Momentum Strategy | SELL | AMD | {'strength': np.float64(-0.04505714443429892), 'rsi': np.float64(44.09100860546824), 'macd_histogram': np.float64(nan)}
2025-08-29 17:49:11 | INFO     | utils.logger:info:50 - Using yfinance fallback for AAPL data
2025-08-29 17:49:12 | INFO     | utils.logger:strategy:103 - STRATEGY: Momentum Strategy | SELL | AAPL | {'strength': np.float64(-0.026857049184303153), 'rsi': np.float64(65.6149575103336), 'macd_histogram': np.float64(nan)}
2025-08-29 17:49:12 | INFO     | utils.logger:info:50 - Using yfinance fallback for MSFT data
2025-08-29 17:49:12 | INFO     | utils.logger:strategy:103 - STRATEGY: Momentum Strategy | SELL | MSFT | {'strength': np.float64(-0.038654604861824815), 'rsi': np.float64(44.948284218064245), 'macd_histogram': np.float64(nan)}
2025-08-29 17:49:12 | INFO     | utils.logger:info:50 - Using yfinance fallback for GOOGL data
2025-08-29 17:49:12 | INFO     | utils.logger:strategy:103 - STRATEGY: Momentum Strategy | SELL | GOOGL | {'strength': np.float64(-0.016962927041539164), 'rsi': np.float64(73.22912208892052), 'macd_histogram': np.float64(nan)}
2025-08-29 17:49:13 | INFO     | utils.logger:info:50 - Using yfinance fallback for TSLA data
2025-08-29 17:49:13 | INFO     | utils.logger:strategy:103 - STRATEGY: Momentum Strategy | SELL | TSLA | {'strength': np.float64(-0.02953961135925405), 'rsi': np.float64(51.8280230756195), 'macd_histogram': np.float64(nan)}
2025-08-29 17:49:13 | INFO     | utils.logger:info:50 - Using yfinance fallback for AMZN data
2025-08-29 17:49:13 | INFO     | utils.logger:strategy:103 - STRATEGY: Momentum Strategy | SELL | AMZN | {'strength': np.float64(-0.03747645687787847), 'rsi': np.float64(52.51580572577837), 'macd_histogram': np.float64(nan)}
2025-08-29 17:49:13 | INFO     | utils.logger:info:50 - Using yfinance fallback for NVDA data
2025-08-29 17:49:14 | INFO     | utils.logger:strategy:103 - STRATEGY: Momentum Strategy | SELL | NVDA | {'strength': np.float64(-0.03906022948770033), 'rsi': np.float64(42.413118525130514), 'macd_histogram': np.float64(nan)}
2025-08-29 17:49:14 | INFO     | utils.logger:info:50 - Using yfinance fallback for AMD data
2025-08-29 17:49:14 | INFO     | utils.logger:strategy:103 - STRATEGY: Momentum Strategy | SELL | AMD | {'strength': np.float64(-0.0446975825061203), 'rsi': np.float64(44.17725527539204), 'macd_histogram': np.float64(nan)}
2025-08-29 17:49:43 | INFO     | utils.logger:info:50 - Using yfinance fallback for AAPL data
2025-08-29 17:49:43 | INFO     | utils.logger:strategy:103 - STRATEGY: Momentum Strategy | SELL | AAPL | {'strength': np.float64(-0.02689724772842262), 'rsi': np.float64(65.53614505169782), 'macd_histogram': np.float64(nan)}
2025-08-29 17:49:43 | INFO     | utils.logger:info:50 - Using yfinance fallback for MSFT data
2025-08-29 17:49:44 | INFO     | utils.logger:strategy:103 - STRATEGY: Momentum Strategy | SELL | MSFT | {'strength': np.float64(-0.03850660494655495), 'rsi': np.float64(45.06203097306418), 'macd_histogram': np.float64(nan)}
2025-08-29 17:49:44 | INFO     | utils.logger:info:50 - Using yfinance fallback for GOOGL data
2025-08-29 17:49:44 | INFO     | utils.logger:strategy:103 - STRATEGY: Momentum Strategy | SELL | GOOGL | {'strength': np.float64(-0.01688438629976612), 'rsi': np.float64(73.25252703614667), 'macd_histogram': np.float64(nan)}
2025-08-29 17:49:44 | INFO     | utils.logger:info:50 - Using yfinance fallback for TSLA data
2025-08-29 17:49:44 | INFO     | utils.logger:strategy:103 - STRATEGY: Momentum Strategy | SELL | TSLA | {'strength': np.float64(-0.029436956205229157), 'rsi': np.float64(51.84119694988397), 'macd_histogram': np.float64(nan)}
2025-08-29 17:49:45 | INFO     | utils.logger:info:50 - Using yfinance fallback for AMZN data
2025-08-29 17:49:45 | INFO     | utils.logger:strategy:103 - STRATEGY: Momentum Strategy | SELL | AMZN | {'strength': np.float64(-0.03748679078275016), 'rsi': np.float64(52.493997593311065), 'macd_histogram': np.float64(nan)}
2025-08-29 17:49:45 | INFO     | utils.logger:info:50 - Using yfinance fallback for NVDA data
2025-08-29 17:49:45 | INFO     | utils.logger:strategy:103 - STRATEGY: Momentum Strategy | SELL | NVDA | {'strength': np.float64(-0.038865837517742315), 'rsi': np.float64(42.475537105814546), 'macd_histogram': np.float64(nan)}
2025-08-29 17:49:45 | INFO     | utils.logger:info:50 - Using yfinance fallback for AMD data
2025-08-29 17:49:45 | INFO     | utils.logger:strategy:103 - STRATEGY: Momentum Strategy | SELL | AMD | {'strength': np.float64(-0.04454934708827502), 'rsi': np.float64(44.21569063666102), 'macd_histogram': np.float64(nan)}
2025-08-29 17:51:15 | INFO     | utils.logger:info:50 - Using yfinance fallback for AAPL data
2025-08-29 17:51:16 | INFO     | utils.logger:strategy:103 - STRATEGY: Momentum Strategy | SELL | AAPL | {'strength': np.float64(-0.02694704359256336), 'rsi': np.float64(65.36019887561181), 'macd_histogram': np.float64(nan)}
2025-08-29 17:51:16 | INFO     | utils.logger:info:50 - Using yfinance fallback for MSFT data
2025-08-29 17:51:16 | INFO     | utils.logger:strategy:103 - STRATEGY: Momentum Strategy | SELL | MSFT | {'strength': np.float64(-0.038750750935543275), 'rsi': np.float64(44.769345383083355), 'macd_histogram': np.float64(nan)}
2025-08-29 17:51:16 | INFO     | utils.logger:info:50 - Using yfinance fallback for GOOGL data
2025-08-29 17:51:16 | INFO     | utils.logger:strategy:103 - STRATEGY: Momentum Strategy | SELL | GOOGL | {'strength': np.float64(-0.017292991008770308), 'rsi': np.float64(72.88900477927334), 'macd_histogram': np.float64(nan)}
2025-08-29 17:51:17 | INFO     | utils.logger:info:50 - Using yfinance fallback for TSLA data
2025-08-29 17:51:17 | INFO     | utils.logger:strategy:103 - STRATEGY: Momentum Strategy | SELL | TSLA | {'strength': np.float64(-0.02932094516527517), 'rsi': np.float64(51.73655326447586), 'macd_histogram': np.float64(nan)}
2025-08-29 17:51:17 | INFO     | utils.logger:info:50 - Using yfinance fallback for AMZN data
2025-08-29 17:51:17 | INFO     | utils.logger:strategy:103 - STRATEGY: Momentum Strategy | SELL | AMZN | {'strength': np.float64(-0.03742346106681054), 'rsi': np.float64(52.49209265467183), 'macd_histogram': np.float64(nan)}
2025-08-29 17:51:17 | INFO     | utils.logger:info:50 - Using yfinance fallback for NVDA data
2025-08-29 17:51:18 | INFO     | utils.logger:strategy:103 - STRATEGY: Momentum Strategy | SELL | NVDA | {'strength': np.float64(-0.03866883509839452), 'rsi': np.float64(42.522459794386556), 'macd_histogram': np.float64(nan)}
2025-08-29 17:51:18 | INFO     | utils.logger:info:50 - Using yfinance fallback for AMD data
2025-08-29 17:51:18 | INFO     | utils.logger:strategy:103 - STRATEGY: Momentum Strategy | SELL | AMD | {'strength': np.float64(-0.04441763490471508), 'rsi': np.float64(44.23648324935243), 'macd_histogram': np.float64(nan)}
2025-08-29 17:51:47 | INFO     | utils.logger:info:50 - Using yfinance fallback for AAPL data
2025-08-29 17:51:47 | INFO     | utils.logger:strategy:103 - STRATEGY: Momentum Strategy | SELL | AAPL | {'strength': np.float64(-0.02677675656061098), 'rsi': np.float64(65.50553246286664), 'macd_histogram': np.float64(nan)}
2025-08-29 17:51:47 | INFO     | utils.logger:info:50 - Using yfinance fallback for MSFT data
2025-08-29 17:51:47 | INFO     | utils.logger:strategy:103 - STRATEGY: Momentum Strategy | SELL | MSFT | {'strength': np.float64(-0.03865840348928971), 'rsi': np.float64(44.8304022633479), 'macd_histogram': np.float64(nan)}
2025-08-29 17:51:48 | INFO     | utils.logger:info:50 - Using yfinance fallback for GOOGL data
2025-08-29 17:51:48 | INFO     | utils.logger:strategy:103 - STRATEGY: Momentum Strategy | SELL | GOOGL | {'strength': np.float64(-0.017302665445573212), 'rsi': np.float64(72.85826905822246), 'macd_histogram': np.float64(nan)}
2025-08-29 17:51:48 | INFO     | utils.logger:info:50 - Using yfinance fallback for TSLA data
2025-08-29 17:51:48 | INFO     | utils.logger:strategy:103 - STRATEGY: Momentum Strategy | SELL | TSLA | {'strength': np.float64(-0.02873172107462731), 'rsi': np.float64(51.9556449585646), 'macd_histogram': np.float64(nan)}
2025-08-29 17:51:48 | INFO     | utils.logger:info:50 - Using yfinance fallback for AMZN data
2025-08-29 17:51:49 | INFO     | utils.logger:strategy:103 - STRATEGY: Momentum Strategy | SELL | AMZN | {'strength': np.float64(-0.037345472984529594), 'rsi': np.float64(52.531618296429116), 'macd_histogram': np.float64(nan)}
2025-08-29 17:51:49 | INFO     | utils.logger:info:50 - Using yfinance fallback for NVDA data
2025-08-29 17:51:49 | INFO     | utils.logger:strategy:103 - STRATEGY: Momentum Strategy | SELL | NVDA | {'strength': np.float64(-0.03850157401561103), 'rsi': np.float64(42.59303853282958), 'macd_histogram': np.float64(nan)}
2025-08-29 17:51:49 | INFO     | utils.logger:info:50 - Using yfinance fallback for AMD data
2025-08-29 17:51:49 | INFO     | utils.logger:strategy:103 - STRATEGY: Momentum Strategy | SELL | AMD | {'strength': np.float64(-0.044340684640079606), 'rsi': np.float64(44.254104719558356), 'macd_histogram': np.float64(nan)}
2025-08-29 18:59:51 | INFO     | utils.logger:info:48 - Alpaca client initialized with rate limiting | {'base_url': 'https://paper-api.alpaca.markets', 'key_fingerprint': 'PKW5...3D1Z', 'max_calls_per_minute': 150, 'official_limit': '200 requests/minute'}
2025-08-29 19:00:45 | INFO     | utils.logger:info:50 - Alert system disabled - no webhooks configured
2025-08-29 19:00:45 | INFO     | utils.logger:info:48 - Enhanced Momentum Strategy initialized | {'cooldown_symbol': 15, 'cooldown_global': 5}
2025-08-29 19:00:45 | INFO     | utils.logger:info:48 - Enhanced Momentum Strategy initialized | {'cooldown_symbol': 15, 'cooldown_global': 5}
2025-08-29 19:00:45 | INFO     | utils.logger:strategy:103 - STRATEGY: Enhanced Momentum Strategy | NEUTRAL | AAPL | {'strength': np.float64(-0.0411102019061956), 'rsi': np.float64(28.99966600468524), 'macd_histogram': np.float64(-0.010042594683364992), 'adx': np.float64(31.478802698098978), 'confirmation_passed': False, 'cooldown_active': False}
2025-08-29 19:00:45 | INFO     | utils.logger:strategy:103 - STRATEGY: Enhanced Momentum Strategy | NEUTRAL | AAPL | {'strength': np.float64(-0.0411102019061956), 'rsi': np.float64(28.99966600468524), 'macd_histogram': np.float64(-0.010042594683364992), 'adx': np.float64(31.478802698098978), 'confirmation_passed': False, 'cooldown_active': False}
2025-08-29 19:00:45 | INFO     | utils.logger:strategy:103 - STRATEGY: Enhanced Momentum Strategy | NEUTRAL | AAPL | {'strength': np.float64(-0.0411102019061956), 'rsi': np.float64(28.99966600468524), 'macd_histogram': np.float64(-0.010042594683364992), 'adx': np.float64(31.478802698098978), 'confirmation_passed': False, 'cooldown_active': False}
2025-08-29 19:00:45 | INFO     | utils.logger:strategy:103 - STRATEGY: Enhanced Momentum Strategy | NEUTRAL | AAPL | {'strength': np.float64(-0.0411102019061956), 'rsi': np.float64(28.99966600468524), 'macd_histogram': np.float64(-0.010042594683364992), 'adx': np.float64(31.478802698098978), 'confirmation_passed': False, 'cooldown_active': False}
2025-08-29 19:00:45 | INFO     | utils.logger:info:48 - Enhanced Momentum Strategy initialized | {'cooldown_symbol': 15, 'cooldown_global': 5}
2025-08-29 19:00:45 | INFO     | utils.logger:strategy:103 - STRATEGY: Enhanced Momentum Strategy | NEUTRAL | AAPL | {'strength': np.float64(-0.0411102019061956), 'rsi': np.float64(28.99966600468524), 'macd_histogram': np.float64(-0.010042594683364992), 'adx': np.float64(31.478802698098978), 'confirmation_passed': False, 'cooldown_active': False}
2025-08-29 19:00:45 | INFO     | utils.logger:info:48 - Trade recorded for AAPL | {'symbol_cooldown_until': datetime.datetime(2025, 8, 29, 19, 15, 45, 590401), 'global_cooldown_until': datetime.datetime(2025, 8, 29, 19, 5, 45, 590401)}
2025-08-29 19:00:45 | INFO     | utils.logger:strategy:103 - STRATEGY: Enhanced Momentum Strategy | NEUTRAL | AAPL | {'strength': np.float64(-0.0411102019061956), 'rsi': np.float64(28.99966600468524), 'macd_histogram': np.float64(-0.010042594683364992), 'adx': np.float64(31.478802698098978), 'confirmation_passed': False, 'cooldown_active': False}
2025-08-29 19:00:45 | INFO     | utils.logger:info:48 - Trade recorded for analytics | {'symbol': 'AAPL', 'action': 'buy', 'pnl': 0}
2025-08-29 19:00:45 | INFO     | utils.logger:info:48 - Trade recorded for analytics | {'symbol': 'AAPL', 'action': 'sell', 'pnl': 50}
2025-08-29 19:00:45 | INFO     | utils.logger:info:48 - Trade recorded for analytics | {'symbol': 'NVDA', 'action': 'buy', 'pnl': 0}
2025-08-29 19:00:45 | INFO     | utils.logger:info:48 - Trade recorded for analytics | {'symbol': 'NVDA', 'action': 'sell', 'pnl': -50}
2025-08-29 19:00:45 | INFO     | utils.logger:info:48 - Trade recorded for analytics | {'symbol': 'TSLA', 'action': 'buy', 'pnl': 0}
2025-08-29 19:00:45 | INFO     | utils.logger:info:48 - Trade recorded for analytics | {'symbol': 'TSLA', 'action': 'sell', 'pnl': 80}
2025-08-29 19:00:51 | INFO     | utils.logger:info:48 - Alpaca client initialized with rate limiting | {'base_url': 'https://paper-api.alpaca.markets', 'key_fingerprint': 'PKW5...3D1Z', 'max_calls_per_minute': 150, 'official_limit': '200 requests/minute'}
2025-08-29 19:02:56 | INFO     | utils.logger:info:50 - Alert system disabled - no webhooks configured
2025-08-29 19:02:56 | INFO     | utils.logger:info:48 - Enhanced Momentum Strategy initialized | {'cooldown_symbol': 15, 'cooldown_global': 5}
2025-08-29 19:02:56 | INFO     | utils.logger:info:48 - Enhanced Momentum Strategy initialized | {'cooldown_symbol': 15, 'cooldown_global': 5}
2025-08-29 19:02:56 | INFO     | utils.logger:strategy:103 - STRATEGY: Enhanced Momentum Strategy | NEUTRAL | AAPL | {'strength': np.float64(-0.040572659527850094), 'rsi': np.float64(28.99966600468524), 'macd_histogram': np.float64(-0.010042594683364992), 'adx': np.float64(31.478802698098978), 'confirmation_passed': False, 'cooldown_active': False}
2025-08-29 19:02:56 | INFO     | utils.logger:strategy:103 - STRATEGY: Enhanced Momentum Strategy | NEUTRAL | AAPL | {'strength': np.float64(-0.040572659527850094), 'rsi': np.float64(28.99966600468524), 'macd_histogram': np.float64(-0.010042594683364992), 'adx': np.float64(31.478802698098978), 'confirmation_passed': False, 'cooldown_active': False}
2025-08-29 19:02:56 | INFO     | utils.logger:strategy:103 - STRATEGY: Enhanced Momentum Strategy | NEUTRAL | AAPL | {'strength': np.float64(-0.040572659527850094), 'rsi': np.float64(28.99966600468524), 'macd_histogram': np.float64(-0.010042594683364992), 'adx': np.float64(31.478802698098978), 'confirmation_passed': False, 'cooldown_active': False}
2025-08-29 19:02:56 | INFO     | utils.logger:strategy:103 - STRATEGY: Enhanced Momentum Strategy | NEUTRAL | AAPL | {'strength': np.float64(-0.040572659527850094), 'rsi': np.float64(28.99966600468524), 'macd_histogram': np.float64(-0.010042594683364992), 'adx': np.float64(31.478802698098978), 'confirmation_passed': False, 'cooldown_active': False}
2025-08-29 19:02:56 | INFO     | utils.logger:info:48 - Enhanced Momentum Strategy initialized | {'cooldown_symbol': 15, 'cooldown_global': 5}
2025-08-29 19:02:56 | INFO     | utils.logger:strategy:103 - STRATEGY: Enhanced Momentum Strategy | NEUTRAL | AAPL | {'strength': np.float64(-0.040572659527850094), 'rsi': np.float64(28.99966600468524), 'macd_histogram': np.float64(-0.010042594683364992), 'adx': np.float64(31.478802698098978), 'confirmation_passed': False, 'cooldown_active': False}
2025-08-29 19:02:56 | INFO     | utils.logger:info:48 - Trade recorded for AAPL | {'symbol_cooldown_until': datetime.datetime(2025, 8, 29, 19, 17, 56, 741577), 'global_cooldown_until': datetime.datetime(2025, 8, 29, 19, 7, 56, 741577)}
2025-08-29 19:02:56 | INFO     | utils.logger:strategy:103 - STRATEGY: Enhanced Momentum Strategy | NEUTRAL | AAPL | {'strength': np.float64(-0.040572659527850094), 'rsi': np.float64(28.99966600468524), 'macd_histogram': np.float64(-0.010042594683364992), 'adx': np.float64(31.478802698098978), 'confirmation_passed': False, 'cooldown_active': False}
2025-08-29 19:02:56 | INFO     | utils.logger:info:48 - Trade recorded for analytics | {'symbol': 'AAPL', 'action': 'buy', 'pnl': 0}
2025-08-29 19:02:56 | INFO     | utils.logger:info:48 - Trade recorded for analytics | {'symbol': 'AAPL', 'action': 'sell', 'pnl': 50}
2025-08-29 19:02:56 | INFO     | utils.logger:info:48 - Trade recorded for analytics | {'symbol': 'NVDA', 'action': 'buy', 'pnl': 0}
2025-08-29 19:02:56 | INFO     | utils.logger:info:48 - Trade recorded for analytics | {'symbol': 'NVDA', 'action': 'sell', 'pnl': -50}
2025-08-29 19:02:56 | INFO     | utils.logger:info:48 - Trade recorded for analytics | {'symbol': 'TSLA', 'action': 'buy', 'pnl': 0}
2025-08-29 19:02:56 | INFO     | utils.logger:info:48 - Trade recorded for analytics | {'symbol': 'TSLA', 'action': 'sell', 'pnl': 80}
2025-08-29 19:03:19 | INFO     | utils.logger:info:48 - Enhanced Momentum Strategy initialized | {'cooldown_symbol': 15, 'cooldown_global': 5}
2025-08-29 19:03:49 | INFO     | utils.logger:info:48 - Enhanced Momentum Strategy initialized | {'cooldown_symbol': 15, 'cooldown_global': 5}
2025-08-29 19:04:30 | INFO     | utils.logger:info:48 - Enhanced Momentum Strategy initialized | {'cooldown_symbol': 15, 'cooldown_global': 5}
2025-08-29 19:04:30 | INFO     | utils.logger:strategy:103 - STRATEGY: Enhanced Momentum Strategy | NEUTRAL | AAPL | {'strength': np.float64(-0.06410104635984197), 'rsi': np.float64(34.69576106284693), 'macd_histogram': np.float64(-0.04637783392238503), 'adx': np.float64(23.852375069114796), 'confirmation_passed': False, 'cooldown_active': False}
2025-08-29 19:04:31 | INFO     | utils.logger:strategy:103 - STRATEGY: Enhanced Momentum Strategy | NEUTRAL | NVDA | {'strength': np.float64(-0.06431823888705927), 'rsi': np.float64(30.49527595384727), 'macd_histogram': np.float64(-0.0728839063489759), 'adx': np.float64(24.35428458728384), 'confirmation_passed': False, 'cooldown_active': False}
2025-08-29 19:04:31 | INFO     | utils.logger:strategy:103 - STRATEGY: Enhanced Momentum Strategy | NEUTRAL | TSLA | {'strength': np.float64(-0.02427900666642849), 'rsi': np.float64(23.37226857610335), 'macd_histogram': np.float64(-0.17317815597636), 'adx': np.float64(35.636084762244785), 'confirmation_passed': False, 'cooldown_active': False}
2025-08-29 19:04:52 | INFO     | utils.logger:info:48 - Enhanced Momentum Strategy initialized | {'cooldown_symbol': 15, 'cooldown_global': 5}
2025-08-29 19:04:52 | INFO     | utils.logger:strategy:103 - STRATEGY: Enhanced Momentum Strategy | NEUTRAL | AAPL | {'strength': np.float64(-0.06398405452077285), 'rsi': np.float64(32.87371553736783), 'macd_histogram': np.float64(-0.04903235894019104), 'adx': np.float64(24.17246700682608), 'confirmation_passed': False, 'cooldown_active': False}
2025-08-29 19:04:53 | INFO     | utils.logger:strategy:103 - STRATEGY: Enhanced Momentum Strategy | NEUTRAL | MSFT | {'strength': np.float64(-0.02437160161615828), 'rsi': np.float64(42.89544199731731), 'macd_histogram': np.float64(-0.05553328861625682), 'adx': np.float64(21.59059143151737), 'confirmation_passed': False, 'cooldown_active': False}
2025-08-29 19:04:53 | INFO     | utils.logger:strategy:103 - STRATEGY: Enhanced Momentum Strategy | NEUTRAL | GOOGL | {'strength': np.float64(-0.06444295504310801), 'rsi': np.float64(30.783226164895794), 'macd_histogram': np.float64(-0.06030967078289557), 'adx': np.float64(22.907801674465706), 'confirmation_passed': False, 'cooldown_active': False}
2025-08-29 19:04:53 | INFO     | utils.logger:strategy:103 - STRATEGY: Enhanced Momentum Strategy | NEUTRAL | TSLA | {'strength': np.float64(-0.024272814080598514), 'rsi': np.float64(23.155258965762272), 'macd_histogram': np.float64(-0.174773208059663), 'adx': np.float64(35.636084762244785), 'confirmation_passed': False, 'cooldown_active': False}
2025-08-29 19:04:53 | INFO     | utils.logger:strategy:103 - STRATEGY: Enhanced Momentum Strategy | NEUTRAL | AMZN | {'strength': np.float64(-0.023811318526136858), 'rsi': np.float64(29.721450109947313), 'macd_histogram': np.float64(-0.05030921463783553), 'adx': np.float64(20.704715380071736), 'confirmation_passed': False, 'cooldown_active': False}
2025-08-29 19:04:54 | INFO     | utils.logger:strategy:103 - STRATEGY: Enhanced Momentum Strategy | NEUTRAL | NVDA | {'strength': np.float64(-0.06430038836775032), 'rsi': np.float64(30.126219643464395), 'macd_histogram': np.float64(-0.07383431589313298), 'adx': np.float64(24.418710783564116), 'confirmation_passed': False, 'cooldown_active': False}
2025-08-29 19:04:54 | INFO     | utils.logger:strategy:103 - STRATEGY: Enhanced Momentum Strategy | NEUTRAL | AMD | {'strength': np.float64(-0.06415717747073955), 'rsi': np.float64(31.843462846950402), 'macd_histogram': np.float64(-0.05183393574257729), 'adx': np.float64(19.372493868462104), 'confirmation_passed': False, 'cooldown_active': False}
2025-08-29 19:04:54 | INFO     | utils.logger:strategy:103 - STRATEGY: Enhanced Momentum Strategy | NEUTRAL | META | {'strength': np.float64(-0.023473350560525293), 'rsi': np.float64(25.509787490551545), 'macd_histogram': np.float64(-0.1463110575210476), 'adx': np.float64(23.029700518047374), 'confirmation_passed': False, 'cooldown_active': False}
2025-08-29 19:04:55 | INFO     | utils.logger:strategy:103 - STRATEGY: Enhanced Momentum Strategy | NEUTRAL | NFLX | {'strength': np.float64(-0.06443986295801989), 'rsi': np.float64(36.59635355000192), 'macd_histogram': np.float64(-0.27649932908228864), 'adx': np.float64(21.22825783337444), 'confirmation_passed': False, 'cooldown_active': False}
2025-08-29 19:04:55 | INFO     | utils.logger:strategy:103 - STRATEGY: Enhanced Momentum Strategy | NEUTRAL | SPY | {'strength': np.float64(-0.023493431321369555), 'rsi': np.float64(26.241782187190083), 'macd_histogram': np.float64(-0.08685444168600265), 'adx': np.float64(25.720477757052997), 'confirmation_passed': False, 'cooldown_active': False}
2025-08-29 19:06:26 | INFO     | utils.logger:info:48 - Alpaca client initialized with rate limiting | {'base_url': 'https://paper-api.alpaca.markets', 'key_fingerprint': 'PKW5...3D1Z', 'max_calls_per_minute': 150, 'official_limit': '200 requests/minute'}
2025-08-29 19:08:24 | INFO     | utils.logger:info:48 - Alpaca client initialized with rate limiting | {'base_url': 'https://paper-api.alpaca.markets', 'key_fingerprint': 'PKW5...3D1Z', 'max_calls_per_minute': 150, 'official_limit': '200 requests/minute'}
2025-08-29 19:12:32 | INFO     | utils.logger:info:48 - Alpaca client initialized with rate limiting | {'base_url': 'https://paper-api.alpaca.markets', 'key_fingerprint': 'PKW5...3D1Z', 'max_calls_per_minute': 150, 'official_limit': '200 requests/minute'}
2025-08-29 19:12:32 | INFO     | utils.logger:info:48 - Enhanced Momentum Strategy initialized | {'cooldown_symbol': 15, 'cooldown_global': 5}
2025-08-29 19:12:32 | INFO     | utils.logger:info:48 - Trading bot initialized | {'strategy': 'Enhanced Momentum Strategy'}
2025-08-29 19:12:32 | INFO     | utils.logger:info:48 - Enhanced Momentum Strategy initialized | {'cooldown_symbol': 15, 'cooldown_global': 5}
2025-08-29 19:12:32 | INFO     | utils.logger:info:48 - Trading bot initialized | {'strategy': 'Enhanced Momentum Strategy'}
2025-08-29 19:12:32 | SUCCESS  | utils.logger:success:76 - Alpaca connection successful | {'account_id': '41eedbc8-e9d1-4671-a2bc-d5a4ead1525b', 'status': 'ACTIVE', 'cash': '$10000.47', 'portfolio_value': '$10000.47'}
2025-08-29 19:12:32 | INFO     | utils.logger:info:48 - Scheduling timezone-aware trading | {'nyse_open_et': '09:30', 'nyse_close_et': '16:00', 'nyse_open_nl': '15:30', 'nyse_close_nl': '22:00', 'netherlands_tz': 'Europe/Amsterdam'}
2025-08-29 19:12:32 | INFO     | utils.logger:info:50 - Timezone-aware trading jobs scheduled
2025-08-29 19:12:32 | SUCCESS  | utils.logger:success:78 - Trading bot started successfully with timezone-aware scheduling
2025-08-29 19:12:32 | INFO     | utils.logger:info:48 - Market is currently open | {'closes_at': '22:00 (Netherlands time)', 'time_until_close': '2h 47m'}
2025-08-29 19:12:34 | INFO     | utils.logger:info:48 - Alpaca client initialized with rate limiting | {'base_url': 'https://paper-api.alpaca.markets', 'key_fingerprint': 'PKW5...3D1Z', 'max_calls_per_minute': 150, 'official_limit': '200 requests/minute'}
2025-08-29 19:14:33 | INFO     | utils.logger:info:50 - Using yfinance fallback for AAPL data
2025-08-29 19:14:34 | INFO     | utils.logger:strategy:103 - STRATEGY: Enhanced Momentum Strategy | SELL | AAPL | {'strength': np.float64(-0.020999674093973412), 'rsi': np.float64(66.76750438335108), 'macd_histogram': np.float64(nan), 'adx': np.float64(29.98706472062788), 'confirmation_passed': True, 'cooldown_active': False}
2025-08-29 19:14:34 | INFO     | utils.logger:info:50 - Using yfinance fallback for MSFT data
2025-08-29 19:14:34 | INFO     | utils.logger:strategy:103 - STRATEGY: Enhanced Momentum Strategy | NEUTRAL | MSFT | {'strength': np.float64(-0.015434801181335708), 'rsi': np.float64(44.825781348061646), 'macd_histogram': np.float64(nan), 'adx': np.float64(16.206875285466474), 'confirmation_passed': False, 'cooldown_active': False}
2025-08-29 19:14:35 | INFO     | utils.logger:info:50 - Using yfinance fallback for GOOGL data
2025-08-29 19:14:35 | INFO     | utils.logger:strategy:103 - STRATEGY: Enhanced Momentum Strategy | SELL | GOOGL | {'strength': np.float64(-0.015770497202785703), 'rsi': np.float64(73.01206632846801), 'macd_histogram': np.float64(nan), 'adx': np.float64(41.49127686433009), 'confirmation_passed': True, 'cooldown_active': False}
2025-08-29 19:14:35 | INFO     | utils.logger:info:50 - Using yfinance fallback for TSLA data
2025-08-29 19:14:35 | INFO     | utils.logger:strategy:103 - STRATEGY: Enhanced Momentum Strategy | NEUTRAL | TSLA | {'strength': np.float64(-0.011661580687758596), 'rsi': np.float64(50.37334915850564), 'macd_histogram': np.float64(nan), 'adx': np.float64(7.638107874930002), 'confirmation_passed': False, 'cooldown_active': False}
2025-08-29 19:14:35 | INFO     | utils.logger:info:50 - Using yfinance fallback for AMZN data
2025-08-29 19:14:35 | INFO     | utils.logger:strategy:103 - STRATEGY: Enhanced Momentum Strategy | NEUTRAL | AMZN | {'strength': np.float64(-0.0165494734039086), 'rsi': np.float64(51.96799328037515), 'macd_histogram': np.float64(nan), 'adx': np.float64(9.341967036167873), 'confirmation_passed': False, 'cooldown_active': False}
2025-08-29 19:14:36 | INFO     | utils.logger:info:50 - Using yfinance fallback for NVDA data
2025-08-29 19:14:36 | INFO     | utils.logger:strategy:103 - STRATEGY: Enhanced Momentum Strategy | NEUTRAL | NVDA | {'strength': np.float64(-0.01618265886730746), 'rsi': np.float64(41.74611952196039), 'macd_histogram': np.float64(nan), 'adx': np.float64(19.921965922066967), 'confirmation_passed': False, 'cooldown_active': False}
2025-08-29 19:14:36 | INFO     | utils.logger:info:50 - Using yfinance fallback for AMD data
2025-08-29 19:14:36 | INFO     | utils.logger:strategy:103 - STRATEGY: Enhanced Momentum Strategy | NEUTRAL | AMD | {'strength': np.float64(-0.018540707203567954), 'rsi': np.float64(43.68822184627517), 'macd_histogram': np.float64(nan), 'adx': np.float64(12.400576271416295), 'confirmation_passed': False, 'cooldown_active': False}
2025-08-29 19:14:44 | INFO     | utils.logger:info:48 - Alpaca client initialized with rate limiting | {'base_url': 'https://paper-api.alpaca.markets', 'key_fingerprint': 'PKW5...3D1Z', 'max_calls_per_minute': 150, 'official_limit': '200 requests/minute'}
2025-08-29 19:14:44 | INFO     | utils.logger:info:48 - Enhanced Momentum Strategy initialized | {'cooldown_symbol': 15, 'cooldown_global': 5}
2025-08-29 19:14:44 | INFO     | utils.logger:info:48 - Trading bot initialized | {'strategy': 'Enhanced Momentum Strategy'}
2025-08-29 19:14:44 | INFO     | utils.logger:info:48 - Enhanced Momentum Strategy initialized | {'cooldown_symbol': 15, 'cooldown_global': 5}
2025-08-29 19:14:44 | INFO     | utils.logger:info:48 - Trading bot initialized | {'strategy': 'Enhanced Momentum Strategy'}
2025-08-29 19:14:44 | SUCCESS  | utils.logger:success:76 - Alpaca connection successful | {'account_id': '41eedbc8-e9d1-4671-a2bc-d5a4ead1525b', 'status': 'ACTIVE', 'cash': '$10000.47', 'portfolio_value': '$10000.47'}
2025-08-29 19:14:44 | INFO     | utils.logger:info:48 - Scheduling timezone-aware trading | {'nyse_open_et': '09:30', 'nyse_close_et': '16:00', 'nyse_open_nl': '15:30', 'nyse_close_nl': '22:00', 'netherlands_tz': 'Europe/Amsterdam'}
2025-08-29 19:14:44 | INFO     | utils.logger:info:50 - Timezone-aware trading jobs scheduled
2025-08-29 19:14:44 | SUCCESS  | utils.logger:success:78 - Trading bot started successfully with timezone-aware scheduling
2025-08-29 19:14:44 | INFO     | utils.logger:info:48 - Market is currently open | {'closes_at': '22:00 (Netherlands time)', 'time_until_close': '2h 45m'}
2025-08-29 19:16:37 | INFO     | utils.logger:info:50 - Using yfinance fallback for AAPL data
2025-08-29 19:16:38 | INFO     | utils.logger:strategy:103 - STRATEGY: Enhanced Momentum Strategy | SELL | AAPL | {'strength': np.float64(-0.021152315175722365), 'rsi': np.float64(66.42875507091674), 'macd_histogram': np.float64(nan), 'adx': np.float64(29.98706472062788), 'confirmation_passed': True, 'cooldown_active': False}
2025-08-29 19:16:38 | INFO     | utils.logger:info:50 - Using yfinance fallback for MSFT data
2025-08-29 19:16:38 | INFO     | utils.logger:strategy:103 - STRATEGY: Enhanced Momentum Strategy | NEUTRAL | MSFT | {'strength': np.float64(-0.015450500884212154), 'rsi': np.float64(44.6944132151104), 'macd_histogram': np.float64(nan), 'adx': np.float64(16.206875285466474), 'confirmation_passed': False, 'cooldown_active': False}
2025-08-29 19:16:38 | INFO     | utils.logger:info:50 - Using yfinance fallback for GOOGL data
2025-08-29 19:16:38 | INFO     | utils.logger:strategy:103 - STRATEGY: Enhanced Momentum Strategy | SELL | GOOGL | {'strength': np.float64(-0.015927595408742), 'rsi': np.float64(72.67458409299904), 'macd_histogram': np.float64(nan), 'adx': np.float64(41.49127686433009), 'confirmation_passed': True, 'cooldown_active': False}
2025-08-29 19:16:39 | INFO     | utils.logger:info:50 - Using yfinance fallback for TSLA data
2025-08-29 19:16:39 | INFO     | utils.logger:strategy:103 - STRATEGY: Enhanced Momentum Strategy | NEUTRAL | TSLA | {'strength': np.float64(-0.01173957341631853), 'rsi': np.float64(50.10753088464034), 'macd_histogram': np.float64(nan), 'adx': np.float64(7.677754138671221), 'confirmation_passed': False, 'cooldown_active': False}
2025-08-29 19:16:39 | INFO     | utils.logger:info:50 - Using yfinance fallback for AMZN data
2025-08-29 19:16:39 | INFO     | utils.logger:strategy:103 - STRATEGY: Enhanced Momentum Strategy | NEUTRAL | AMZN | {'strength': np.float64(-0.016624372412143817), 'rsi': np.float64(51.79817836799809), 'macd_histogram': np.float64(nan), 'adx': np.float64(9.341967036167873), 'confirmation_passed': False, 'cooldown_active': False}
2025-08-29 19:16:39 | INFO     | utils.logger:info:50 - Using yfinance fallback for NVDA data
2025-08-29 19:16:40 | INFO     | utils.logger:strategy:103 - STRATEGY: Enhanced Momentum Strategy | NEUTRAL | NVDA | {'strength': np.float64(-0.01650365127350765), 'rsi': np.float64(41.20993478154317), 'macd_histogram': np.float64(nan), 'adx': np.float64(19.96086698670587), 'confirmation_passed': False, 'cooldown_active': False}
2025-08-29 19:16:40 | INFO     | utils.logger:info:50 - Using yfinance fallback for AMD data
2025-08-29 19:16:40 | INFO     | utils.logger:strategy:103 - STRATEGY: Enhanced Momentum Strategy | NEUTRAL | AMD | {'strength': np.float64(-0.018708140208183295), 'rsi': np.float64(43.49655556768176), 'macd_histogram': np.float64(nan), 'adx': np.float64(12.400576271416295), 'confirmation_passed': False, 'cooldown_active': False}
2025-08-29 19:16:45 | INFO     | utils.logger:info:50 - Using yfinance fallback for AAPL data
2025-08-29 19:16:46 | INFO     | utils.logger:strategy:103 - STRATEGY: Enhanced Momentum Strategy | SELL | AAPL | {'strength': np.float64(-0.021106625084634824), 'rsi': np.float64(66.47873581246576), 'macd_histogram': np.float64(nan), 'adx': np.float64(29.98706472062788), 'confirmation_passed': True, 'cooldown_active': False}
2025-08-29 19:16:46 | INFO     | utils.logger:info:50 - Using yfinance fallback for MSFT data
2025-08-29 19:16:46 | INFO     | utils.logger:strategy:103 - STRATEGY: Enhanced Momentum Strategy | NEUTRAL | MSFT | {'strength': np.float64(-0.015448411945694546), 'rsi': np.float64(44.696296301911794), 'macd_histogram': np.float64(nan), 'adx': np.float64(16.206875285466474), 'confirmation_passed': False, 'cooldown_active': False}
2025-08-29 19:16:47 | INFO     | utils.logger:info:50 - Using yfinance fallback for GOOGL data
2025-08-29 19:16:47 | INFO     | utils.logger:strategy:103 - STRATEGY: Enhanced Momentum Strategy | SELL | GOOGL | {'strength': np.float64(-0.016000387789695526), 'rsi': np.float64(72.55265661456679), 'macd_histogram': np.float64(nan), 'adx': np.float64(41.49127686433009), 'confirmation_passed': True, 'cooldown_active': False}
2025-08-29 19:16:47 | INFO     | utils.logger:info:50 - Using yfinance fallback for TSLA data
2025-08-29 19:16:47 | INFO     | utils.logger:strategy:103 - STRATEGY: Enhanced Momentum Strategy | NEUTRAL | TSLA | {'strength': np.float64(-0.011610960285050856), 'rsi': np.float64(50.207227169339966), 'macd_histogram': np.float64(nan), 'adx': np.float64(7.677754138671221), 'confirmation_passed': False, 'cooldown_active': False}
2025-08-29 19:16:47 | INFO     | utils.logger:info:50 - Using yfinance fallback for AMZN data
2025-08-29 19:16:48 | INFO     | utils.logger:strategy:103 - STRATEGY: Enhanced Momentum Strategy | NEUTRAL | AMZN | {'strength': np.float64(-0.01667959742437031), 'rsi': np.float64(51.690703718462125), 'macd_histogram': np.float64(nan), 'adx': np.float64(9.341967036167873), 'confirmation_passed': False, 'cooldown_active': False}
2025-08-29 19:16:48 | INFO     | utils.logger:info:50 - Using yfinance fallback for NVDA data
2025-08-29 19:16:48 | INFO     | utils.logger:strategy:103 - STRATEGY: Enhanced Momentum Strategy | NEUTRAL | NVDA | {'strength': np.float64(-0.016396159300146474), 'rsi': np.float64(41.327637450682346), 'macd_histogram': np.float64(nan), 'adx': np.float64(19.96086698670587), 'confirmation_passed': False, 'cooldown_active': False}
2025-08-29 19:16:48 | INFO     | utils.logger:info:50 - Using yfinance fallback for AMD data
2025-08-29 19:16:48 | INFO     | utils.logger:strategy:103 - STRATEGY: Enhanced Momentum Strategy | NEUTRAL | AMD | {'strength': np.float64(-0.018607507259288874), 'rsi': np.float64(43.56181947800101), 'macd_histogram': np.float64(nan), 'adx': np.float64(12.400576271416295), 'confirmation_passed': False, 'cooldown_active': False}
2025-08-29 19:18:41 | INFO     | utils.logger:info:50 - Using yfinance fallback for AAPL data
2025-08-29 19:18:41 | INFO     | utils.logger:strategy:103 - STRATEGY: Enhanced Momentum Strategy | SELL | AAPL | {'strength': np.float64(-0.021252684073899093), 'rsi': np.float64(66.11813622763005), 'macd_histogram': np.float64(nan), 'adx': np.float64(29.98706472062788), 'confirmation_passed': True, 'cooldown_active': False}
2025-08-29 19:18:42 | INFO     | utils.logger:info:50 - Using yfinance fallback for MSFT data
2025-08-29 19:18:42 | INFO     | utils.logger:strategy:103 - STRATEGY: Enhanced Momentum Strategy | NEUTRAL | MSFT | {'strength': np.float64(-0.015437199994904232), 'rsi': np.float64(44.6244237549163), 'macd_histogram': np.float64(nan), 'adx': np.float64(16.206875285466474), 'confirmation_passed': False, 'cooldown_active': False}
2025-08-29 19:18:42 | INFO     | utils.logger:info:50 - Using yfinance fallback for GOOGL data
2025-08-29 19:18:42 | INFO     | utils.logger:strategy:103 - STRATEGY: Enhanced Momentum Strategy | SELL | GOOGL | {'strength': np.float64(-0.015886453578724046), 'rsi': np.float64(72.55265661456679), 'macd_histogram': np.float64(nan), 'adx': np.float64(41.49127686433009), 'confirmation_passed': True, 'cooldown_active': False}
2025-08-29 19:18:42 | INFO     | utils.logger:info:50 - Using yfinance fallback for TSLA data
2025-08-29 19:18:43 | INFO     | utils.logger:strategy:103 - STRATEGY: Enhanced Momentum Strategy | NEUTRAL | TSLA | {'strength': np.float64(-0.011476462570076059), 'rsi': np.float64(50.215367773592966), 'macd_histogram': np.float64(nan), 'adx': np.float64(7.68162562394135), 'confirmation_passed': False, 'cooldown_active': False}
2025-08-29 19:18:43 | INFO     | utils.logger:info:50 - Using yfinance fallback for AMZN data
2025-08-29 19:18:43 | INFO     | utils.logger:strategy:103 - STRATEGY: Enhanced Momentum Strategy | NEUTRAL | AMZN | {'strength': np.float64(-0.016618896722529312), 'rsi': np.float64(51.67539327038015), 'macd_histogram': np.float64(nan), 'adx': np.float64(9.341967036167873), 'confirmation_passed': False, 'cooldown_active': False}
2025-08-29 19:18:43 | INFO     | utils.logger:info:50 - Using yfinance fallback for NVDA data
2025-08-29 19:18:43 | INFO     | utils.logger:strategy:103 - STRATEGY: Enhanced Momentum Strategy | NEUTRAL | NVDA | {'strength': np.float64(-0.0163183430650962), 'rsi': np.float64(41.3363511413338), 'macd_histogram': np.float64(nan), 'adx': np.float64(19.96086698670587), 'confirmation_passed': False, 'cooldown_active': False}
2025-08-29 19:18:43 | INFO     | utils.logger:info:50 - Using yfinance fallback for AMD data
2025-08-29 19:18:44 | INFO     | utils.logger:strategy:103 - STRATEGY: Enhanced Momentum Strategy | NEUTRAL | AMD | {'strength': np.float64(-0.018499003060505243), 'rsi': np.float64(43.60387225169008), 'macd_histogram': np.float64(nan), 'adx': np.float64(12.400576271416295), 'confirmation_passed': False, 'cooldown_active': False}
2025-08-29 19:18:49 | INFO     | utils.logger:info:50 - Using yfinance fallback for AAPL data
2025-08-29 19:18:50 | INFO     | utils.logger:strategy:103 - STRATEGY: Enhanced Momentum Strategy | SELL | AAPL | {'strength': np.float64(-0.0211773713599274), 'rsi': np.float64(66.19241650054752), 'macd_histogram': np.float64(nan), 'adx': np.float64(29.98706472062788), 'confirmation_passed': True, 'cooldown_active': False}
2025-08-29 19:18:50 | INFO     | utils.logger:info:50 - Using yfinance fallback for MSFT data
2025-08-29 19:18:50 | INFO     | utils.logger:strategy:103 - STRATEGY: Enhanced Momentum Strategy | NEUTRAL | MSFT | {'strength': np.float64(-0.015356900722093897), 'rsi': np.float64(44.78340524243701), 'macd_histogram': np.float64(nan), 'adx': np.float64(16.206875285466474), 'confirmation_passed': False, 'cooldown_active': False}
2025-08-29 19:18:50 | INFO     | utils.logger:info:50 - Using yfinance fallback for GOOGL data
2025-08-29 19:18:50 | INFO     | utils.logger:strategy:103 - STRATEGY: Enhanced Momentum Strategy | SELL | GOOGL | {'strength': np.float64(-0.015884789085106252), 'rsi': np.float64(72.55265661456679), 'macd_histogram': np.float64(nan), 'adx': np.float64(41.49127686433009), 'confirmation_passed': True, 'cooldown_active': False}
2025-08-29 19:18:51 | INFO     | utils.logger:info:50 - Using yfinance fallback for TSLA data
2025-08-29 19:18:51 | INFO     | utils.logger:strategy:103 - STRATEGY: Enhanced Momentum Strategy | NEUTRAL | TSLA | {'strength': np.float64(-0.011417078831636939), 'rsi': np.float64(50.26173659178157), 'macd_histogram': np.float64(nan), 'adx': np.float64(7.68162562394135), 'confirmation_passed': False, 'cooldown_active': False}
2025-08-29 19:18:51 | INFO     | utils.logger:info:50 - Using yfinance fallback for AMZN data
2025-08-29 19:18:51 | INFO     | utils.logger:strategy:103 - STRATEGY: Enhanced Momentum Strategy | NEUTRAL | AMZN | {'strength': np.float64(-0.016635944334061285), 'rsi': np.float64(51.644776227099484), 'macd_histogram': np.float64(nan), 'adx': np.float64(9.341967036167873), 'confirmation_passed': False, 'cooldown_active': False}
2025-08-29 19:18:51 | INFO     | utils.logger:info:50 - Using yfinance fallback for NVDA data
2025-08-29 19:18:52 | INFO     | utils.logger:strategy:103 - STRATEGY: Enhanced Momentum Strategy | NEUTRAL | NVDA | {'strength': np.float64(-0.016250985611472278), 'rsi': np.float64(41.4092972002091), 'macd_histogram': np.float64(nan), 'adx': np.float64(19.96086698670587), 'confirmation_passed': False, 'cooldown_active': False}
2025-08-29 19:18:52 | INFO     | utils.logger:info:50 - Using yfinance fallback for AMD data
2025-08-29 19:18:52 | INFO     | utils.logger:strategy:103 - STRATEGY: Enhanced Momentum Strategy | NEUTRAL | AMD | {'strength': np.float64(-0.018435255022195923), 'rsi': np.float64(43.64600629584123), 'macd_histogram': np.float64(nan), 'adx': np.float64(12.400576271416295), 'confirmation_passed': False, 'cooldown_active': False}
2025-08-29 19:20:45 | INFO     | utils.logger:info:50 - Using yfinance fallback for AAPL data
2025-08-29 19:20:45 | INFO     | utils.logger:strategy:103 - STRATEGY: Enhanced Momentum Strategy | SELL | AAPL | {'strength': np.float64(-0.0209071627203086), 'rsi': np.float64(66.29174216847636), 'macd_histogram': np.float64(nan), 'adx': np.float64(29.98706472062788), 'confirmation_passed': True, 'cooldown_active': False}
2025-08-29 19:20:45 | INFO     | utils.logger:info:50 - Using yfinance fallback for MSFT data
2025-08-29 19:20:46 | INFO     | utils.logger:strategy:103 - STRATEGY: Enhanced Momentum Strategy | NEUTRAL | MSFT | {'strength': np.float64(-0.015115023476606048), 'rsi': np.float64(45.219361448473805), 'macd_histogram': np.float64(nan), 'adx': np.float64(16.206875285466474), 'confirmation_passed': False, 'cooldown_active': False}
2025-08-29 19:20:46 | INFO     | utils.logger:info:50 - Using yfinance fallback for GOOGL data
2025-08-29 19:20:46 | INFO     | utils.logger:strategy:103 - STRATEGY: Enhanced Momentum Strategy | SELL | GOOGL | {'strength': np.float64(-0.015450322292902281), 'rsi': np.float64(73.04288490351097), 'macd_histogram': np.float64(nan), 'adx': np.float64(41.49127686433009), 'confirmation_passed': True, 'cooldown_active': False}
2025-08-29 19:20:46 | INFO     | utils.logger:info:50 - Using yfinance fallback for TSLA data
2025-08-29 19:20:46 | INFO     | utils.logger:strategy:103 - STRATEGY: Enhanced Momentum Strategy | NEUTRAL | TSLA | {'strength': np.float64(-0.010993295803931944), 'rsi': np.float64(50.54170055186304), 'macd_histogram': np.float64(nan), 'adx': np.float64(7.68162562394135), 'confirmation_passed': False, 'cooldown_active': False}
2025-08-29 19:20:47 | INFO     | utils.logger:info:50 - Using yfinance fallback for AMZN data
2025-08-29 19:20:47 | INFO     | utils.logger:strategy:103 - STRATEGY: Enhanced Momentum Strategy | NEUTRAL | AMZN | {'strength': np.float64(-0.01636753587544251), 'rsi': np.float64(51.999160499583255), 'macd_histogram': np.float64(nan), 'adx': np.float64(9.341967036167873), 'confirmation_passed': False, 'cooldown_active': False}
2025-08-29 19:20:47 | INFO     | utils.logger:info:50 - Using yfinance fallback for NVDA data
2025-08-29 19:20:47 | INFO     | utils.logger:strategy:103 - STRATEGY: Enhanced Momentum Strategy | NEUTRAL | NVDA | {'strength': np.float64(-0.01607759466525623), 'rsi': np.float64(41.54337179301852), 'macd_histogram': np.float64(nan), 'adx': np.float64(19.96086698670587), 'confirmation_passed': False, 'cooldown_active': False}
2025-08-29 19:20:47 | INFO     | utils.logger:info:50 - Using yfinance fallback for AMD data
2025-08-29 19:20:48 | INFO     | utils.logger:strategy:103 - STRATEGY: Enhanced Momentum Strategy | NEUTRAL | AMD | {'strength': np.float64(-0.01823921457944232), 'rsi': np.float64(43.738431175410305), 'macd_histogram': np.float64(nan), 'adx': np.float64(12.400576271416295), 'confirmation_passed': False, 'cooldown_active': False}
2025-08-29 19:20:53 | INFO     | utils.logger:info:50 - Using yfinance fallback for AAPL data
2025-08-29 19:20:53 | INFO     | utils.logger:strategy:103 - STRATEGY: Enhanced Momentum Strategy | SELL | AAPL | {'strength': np.float64(-0.020870398056641384), 'rsi': np.float64(66.32256254199942), 'macd_histogram': np.float64(nan), 'adx': np.float64(29.98706472062788), 'confirmation_passed': True, 'cooldown_active': False}
2025-08-29 19:20:54 | INFO     | utils.logger:info:50 - Using yfinance fallback for MSFT data
2025-08-29 19:20:54 | INFO     | utils.logger:strategy:103 - STRATEGY: Enhanced Momentum Strategy | NEUTRAL | MSFT | {'strength': np.float64(-0.015113761093527297), 'rsi': np.float64(45.214601608358635), 'macd_histogram': np.float64(nan), 'adx': np.float64(16.206875285466474), 'confirmation_passed': False, 'cooldown_active': False}
2025-08-29 19:20:54 | INFO     | utils.logger:info:50 - Using yfinance fallback for GOOGL data
2025-08-29 19:20:54 | INFO     | utils.logger:strategy:103 - STRATEGY: Enhanced Momentum Strategy | SELL | GOOGL | {'strength': np.float64(-0.01546627415563436), 'rsi': np.float64(73.01206632846801), 'macd_histogram': np.float64(nan), 'adx': np.float64(41.49127686433009), 'confirmation_passed': True, 'cooldown_active': False}
2025-08-29 19:20:54 | INFO     | utils.logger:info:50 - Using yfinance fallback for TSLA data
2025-08-29 19:20:55 | INFO     | utils.logger:strategy:103 - STRATEGY: Enhanced Momentum Strategy | NEUTRAL | TSLA | {'strength': np.float64(-0.011014351903525328), 'rsi': np.float64(50.51643431665065), 'macd_histogram': np.float64(nan), 'adx': np.float64(7.68162562394135), 'confirmation_passed': False, 'cooldown_active': False}
2025-08-29 19:20:55 | INFO     | utils.logger:info:50 - Using yfinance fallback for AMZN data
2025-08-29 19:20:55 | INFO     | utils.logger:strategy:103 - STRATEGY: Enhanced Momentum Strategy | NEUTRAL | AMZN | {'strength': np.float64(-0.01636417257604724), 'rsi': np.float64(52.00024895326498), 'macd_histogram': np.float64(nan), 'adx': np.float64(9.341967036167873), 'confirmation_passed': False, 'cooldown_active': False}
2025-08-29 19:20:55 | INFO     | utils.logger:info:50 - Using yfinance fallback for NVDA data
2025-08-29 19:20:55 | INFO     | utils.logger:strategy:103 - STRATEGY: Enhanced Momentum Strategy | NEUTRAL | NVDA | {'strength': np.float64(-0.016035071871813845), 'rsi': np.float64(41.588256468108575), 'macd_histogram': np.float64(nan), 'adx': np.float64(19.96086698670587), 'confirmation_passed': False, 'cooldown_active': False}
2025-08-29 19:20:55 | INFO     | utils.logger:info:50 - Using yfinance fallback for AMD data
2025-08-29 19:20:56 | INFO     | utils.logger:strategy:103 - STRATEGY: Enhanced Momentum Strategy | NEUTRAL | AMD | {'strength': np.float64(-0.018179280925388987), 'rsi': np.float64(43.77761708888767), 'macd_histogram': np.float64(nan), 'adx': np.float64(12.400576271416295), 'confirmation_passed': False, 'cooldown_active': False}
2025-08-29 19:22:49 | INFO     | utils.logger:info:50 - Using yfinance fallback for AAPL data
2025-08-29 19:22:49 | INFO     | utils.logger:strategy:103 - STRATEGY: Enhanced Momentum Strategy | SELL | AAPL | {'strength': np.float64(-0.020708860673408068), 'rsi': np.float64(66.37040600866547), 'macd_histogram': np.float64(nan), 'adx': np.float64(29.98706472062788), 'confirmation_passed': True, 'cooldown_active': False}
2025-08-29 19:22:49 | INFO     | utils.logger:info:50 - Using yfinance fallback for MSFT data
2025-08-29 19:22:49 | INFO     | utils.logger:strategy:103 - STRATEGY: Enhanced Momentum Strategy | NEUTRAL | MSFT | {'strength': np.float64(-0.01502480468523544), 'rsi': np.float64(45.34960814593034), 'macd_histogram': np.float64(nan), 'adx': np.float64(16.206875285466474), 'confirmation_passed': False, 'cooldown_active': False}
2025-08-29 19:22:50 | INFO     | utils.logger:info:50 - Using yfinance fallback for GOOGL data
2025-08-29 19:22:50 | INFO     | utils.logger:strategy:103 - STRATEGY: Enhanced Momentum Strategy | SELL | GOOGL | {'strength': np.float64(-0.015247115621444937), 'rsi': np.float64(73.1375833239401), 'macd_histogram': np.float64(nan), 'adx': np.float64(41.49127686433009), 'confirmation_passed': True, 'cooldown_active': False}
2025-08-29 19:22:50 | INFO     | utils.logger:info:50 - Using yfinance fallback for TSLA data
2025-08-29 19:22:50 | INFO     | utils.logger:strategy:103 - STRATEGY: Enhanced Momentum Strategy | NEUTRAL | TSLA | {'strength': np.float64(-0.010728882024370674), 'rsi': np.float64(50.6954438362996), 'macd_histogram': np.float64(nan), 'adx': np.float64(7.68162562394135), 'confirmation_passed': False, 'cooldown_active': False}
2025-08-29 19:22:50 | INFO     | utils.logger:info:50 - Using yfinance fallback for AMZN data
2025-08-29 19:22:51 | INFO     | utils.logger:strategy:103 - STRATEGY: Enhanced Momentum Strategy | NEUTRAL | AMZN | {'strength': np.float64(-0.0162999708526509), 'rsi': np.float64(52.0455548156392), 'macd_histogram': np.float64(nan), 'adx': np.float64(9.341967036167873), 'confirmation_passed': False, 'cooldown_active': False}
2025-08-29 19:22:51 | INFO     | utils.logger:info:50 - Using yfinance fallback for NVDA data
2025-08-29 19:22:51 | INFO     | utils.logger:strategy:103 - STRATEGY: Enhanced Momentum Strategy | NEUTRAL | NVDA | {'strength': np.float64(-0.015840758848809113), 'rsi': np.float64(41.73737035089129), 'macd_histogram': np.float64(nan), 'adx': np.float64(19.96086698670587), 'confirmation_passed': False, 'cooldown_active': False}
2025-08-29 19:22:51 | INFO     | utils.logger:info:50 - Using yfinance fallback for AMD data
2025-08-29 19:22:51 | INFO     | utils.logger:strategy:103 - STRATEGY: Enhanced Momentum Strategy | NEUTRAL | AMD | {'strength': np.float64(-0.018120117035285096), 'rsi': np.float64(43.78704309768587), 'macd_histogram': np.float64(nan), 'adx': np.float64(12.400576271416295), 'confirmation_passed': False, 'cooldown_active': False}
2025-08-29 19:22:57 | INFO     | utils.logger:info:50 - Using yfinance fallback for AAPL data
2025-08-29 19:22:57 | INFO     | utils.logger:strategy:103 - STRATEGY: Enhanced Momentum Strategy | SELL | AAPL | {'strength': np.float64(-0.020659326501587777), 'rsi': np.float64(66.42875507091674), 'macd_histogram': np.float64(nan), 'adx': np.float64(29.98706472062788), 'confirmation_passed': True, 'cooldown_active': False}
2025-08-29 19:22:57 | INFO     | utils.logger:info:50 - Using yfinance fallback for MSFT data
2025-08-29 19:22:58 | INFO     | utils.logger:strategy:103 - STRATEGY: Enhanced Momentum Strategy | NEUTRAL | MSFT | {'strength': np.float64(-0.01502412212781644), 'rsi': np.float64(45.34960814593034), 'macd_histogram': np.float64(nan), 'adx': np.float64(16.206875285466474), 'confirmation_passed': False, 'cooldown_active': False}
2025-08-29 19:22:58 | INFO     | utils.logger:info:50 - Using yfinance fallback for GOOGL data
2025-08-29 19:22:58 | INFO     | utils.logger:strategy:103 - STRATEGY: Enhanced Momentum Strategy | SELL | GOOGL | {'strength': np.float64(-0.015241841529526453), 'rsi': np.float64(73.13870806299244), 'macd_histogram': np.float64(nan), 'adx': np.float64(41.49127686433009), 'confirmation_passed': True, 'cooldown_active': False}
2025-08-29 19:22:58 | INFO     | utils.logger:info:50 - Using yfinance fallback for TSLA data
2025-08-29 19:22:58 | INFO     | utils.logger:strategy:103 - STRATEGY: Enhanced Momentum Strategy | NEUTRAL | TSLA | {'strength': np.float64(-0.01066425377833711), 'rsi': np.float64(50.752174205318234), 'macd_histogram': np.float64(nan), 'adx': np.float64(7.68162562394135), 'confirmation_passed': False, 'cooldown_active': False}
2025-08-29 19:22:58 | INFO     | utils.logger:info:50 - Using yfinance fallback for AMZN data
2025-08-29 19:22:59 | INFO     | utils.logger:strategy:103 - STRATEGY: Enhanced Momentum Strategy | NEUTRAL | AMZN | {'strength': np.float64(-0.01622269321001132), 'rsi': np.float64(52.154535492152576), 'macd_histogram': np.float64(nan), 'adx': np.float64(9.341967036167873), 'confirmation_passed': False, 'cooldown_active': False}
2025-08-29 19:22:59 | INFO     | utils.logger:info:50 - Using yfinance fallback for NVDA data
2025-08-29 19:22:59 | INFO     | utils.logger:strategy:103 - STRATEGY: Enhanced Momentum Strategy | NEUTRAL | NVDA | {'strength': np.float64(-0.015843088465080146), 'rsi': np.float64(41.731041000893775), 'macd_histogram': np.float64(nan), 'adx': np.float64(19.96086698670587), 'confirmation_passed': False, 'cooldown_active': False}
2025-08-29 19:22:59 | INFO     | utils.logger:info:50 - Using yfinance fallback for AMD data
2025-08-29 19:22:59 | INFO     | utils.logger:strategy:103 - STRATEGY: Enhanced Momentum Strategy | NEUTRAL | AMD | {'strength': np.float64(-0.018092664885777376), 'rsi': np.float64(43.80592170429672), 'macd_histogram': np.float64(nan), 'adx': np.float64(12.400576271416295), 'confirmation_passed': False, 'cooldown_active': False}
2025-08-29 19:24:52 | INFO     | utils.logger:info:50 - Using yfinance fallback for AAPL data
2025-08-29 19:24:53 | INFO     | utils.logger:strategy:103 - STRATEGY: Enhanced Momentum Strategy | SELL | AAPL | {'strength': np.float64(-0.0206483548799352), 'rsi': np.float64(66.31660119573691), 'macd_histogram': np.float64(nan), 'adx': np.float64(29.98706472062788), 'confirmation_passed': True, 'cooldown_active': False}
2025-08-29 19:24:53 | INFO     | utils.logger:info:50 - Using yfinance fallback for MSFT data
2025-08-29 19:24:53 | INFO     | utils.logger:strategy:103 - STRATEGY: Enhanced Momentum Strategy | NEUTRAL | MSFT | {'strength': np.float64(-0.015005751425232201), 'rsi': np.float64(45.32970197527311), 'macd_histogram': np.float64(nan), 'adx': np.float64(16.206875285466474), 'confirmation_passed': False, 'cooldown_active': False}
2025-08-29 19:24:53 | INFO     | utils.logger:info:50 - Using yfinance fallback for GOOGL data
2025-08-29 19:24:54 | INFO     | utils.logger:strategy:103 - STRATEGY: Enhanced Momentum Strategy | SELL | GOOGL | {'strength': np.float64(-0.015174599170382228), 'rsi': np.float64(73.14438223278476), 'macd_histogram': np.float64(nan), 'adx': np.float64(41.49127686433009), 'confirmation_passed': True, 'cooldown_active': False}
2025-08-29 19:24:54 | INFO     | utils.logger:info:50 - Using yfinance fallback for TSLA data
2025-08-29 19:24:54 | INFO     | utils.logger:strategy:103 - STRATEGY: Enhanced Momentum Strategy | NEUTRAL | TSLA | {'strength': np.float64(-0.010534079369735813), 'rsi': np.float64(50.787642189220165), 'macd_histogram': np.float64(nan), 'adx': np.float64(7.68162562394135), 'confirmation_passed': False, 'cooldown_active': False}
2025-08-29 19:24:54 | INFO     | utils.logger:info:50 - Using yfinance fallback for AMZN data
2025-08-29 19:24:54 | INFO     | utils.logger:strategy:103 - STRATEGY: Enhanced Momentum Strategy | NEUTRAL | AMZN | {'strength': np.float64(-0.016239622779103614), 'rsi': np.float64(52.06110914404825), 'macd_histogram': np.float64(nan), 'adx': np.float64(9.341967036167873), 'confirmation_passed': False, 'cooldown_active': False}
2025-08-29 19:24:54 | INFO     | utils.logger:info:50 - Using yfinance fallback for NVDA data
2025-08-29 19:24:55 | INFO     | utils.logger:strategy:103 - STRATEGY: Enhanced Momentum Strategy | NEUTRAL | NVDA | {'strength': np.float64(-0.015774134018979886), 'rsi': np.float64(41.73859040993092), 'macd_histogram': np.float64(nan), 'adx': np.float64(19.96086698670587), 'confirmation_passed': False, 'cooldown_active': False}
2025-08-29 19:24:55 | INFO     | utils.logger:info:50 - Using yfinance fallback for AMD data
2025-08-29 19:24:55 | INFO     | utils.logger:strategy:103 - STRATEGY: Enhanced Momentum Strategy | NEUTRAL | AMD | {'strength': np.float64(-0.01790295726166033), 'rsi': np.float64(43.90490048115926), 'macd_histogram': np.float64(nan), 'adx': np.float64(12.400576271416295), 'confirmation_passed': False, 'cooldown_active': False}
2025-08-29 19:25:00 | INFO     | utils.logger:info:50 - Using yfinance fallback for AAPL data
2025-08-29 19:25:01 | INFO     | utils.logger:strategy:103 - STRATEGY: Enhanced Momentum Strategy | SELL | AAPL | {'strength': np.float64(-0.020724198542080425), 'rsi': np.float64(66.21723892980269), 'macd_histogram': np.float64(nan), 'adx': np.float64(29.98706472062788), 'confirmation_passed': True, 'cooldown_active': False}
2025-08-29 19:25:01 | INFO     | utils.logger:info:50 - Using yfinance fallback for MSFT data
2025-08-29 19:25:01 | INFO     | utils.logger:strategy:103 - STRATEGY: Enhanced Momentum Strategy | NEUTRAL | MSFT | {'strength': np.float64(-0.014999906840935938), 'rsi': np.float64(45.33930055682335), 'macd_histogram': np.float64(nan), 'adx': np.float64(16.206875285466474), 'confirmation_passed': False, 'cooldown_active': False}
2025-08-29 19:25:01 | INFO     | utils.logger:info:50 - Using yfinance fallback for GOOGL data
2025-08-29 19:25:02 | INFO     | utils.logger:strategy:103 - STRATEGY: Enhanced Momentum Strategy | SELL | GOOGL | {'strength': np.float64(-0.015224826048994621), 'rsi': np.float64(73.11600471851055), 'macd_histogram': np.float64(nan), 'adx': np.float64(41.49127686433009), 'confirmation_passed': True, 'cooldown_active': False}
2025-08-29 19:25:02 | INFO     | utils.logger:info:50 - Using yfinance fallback for TSLA data
2025-08-29 19:25:02 | INFO     | utils.logger:strategy:103 - STRATEGY: Enhanced Momentum Strategy | NEUTRAL | TSLA | {'strength': np.float64(-0.010639096012850624), 'rsi': np.float64(50.68286497301252), 'macd_histogram': np.float64(nan), 'adx': np.float64(7.68162562394135), 'confirmation_passed': False, 'cooldown_active': False}
2025-08-29 19:25:02 | INFO     | utils.logger:info:50 - Using yfinance fallback for AMZN data
2025-08-29 19:25:02 | INFO     | utils.logger:strategy:103 - STRATEGY: Enhanced Momentum Strategy | NEUTRAL | AMZN | {'strength': np.float64(-0.016219496970666627), 'rsi': np.float64(52.09219821631639), 'macd_histogram': np.float64(nan), 'adx': np.float64(9.341967036167873), 'confirmation_passed': False, 'cooldown_active': False}
2025-08-29 19:25:02 | INFO     | utils.logger:info:50 - Using yfinance fallback for NVDA data
2025-08-29 19:25:03 | INFO     | utils.logger:strategy:103 - STRATEGY: Enhanced Momentum Strategy | NEUTRAL | NVDA | {'strength': np.float64(-0.01579911873015526), 'rsi': np.float64(41.70089363385464), 'macd_histogram': np.float64(nan), 'adx': np.float64(19.96086698670587), 'confirmation_passed': False, 'cooldown_active': False}
2025-08-29 19:25:03 | INFO     | utils.logger:info:50 - Using yfinance fallback for AMD data
2025-08-29 19:25:03 | INFO     | utils.logger:strategy:103 - STRATEGY: Enhanced Momentum Strategy | NEUTRAL | AMD | {'strength': np.float64(-0.017888176428976867), 'rsi': np.float64(43.91002400471814), 'macd_histogram': np.float64(nan), 'adx': np.float64(12.400576271416295), 'confirmation_passed': False, 'cooldown_active': False}
2025-08-29 19:26:56 | INFO     | utils.logger:info:50 - Using yfinance fallback for AAPL data
2025-08-29 19:26:57 | INFO     | utils.logger:strategy:103 - STRATEGY: Enhanced Momentum Strategy | SELL | AAPL | {'strength': np.float64(-0.02061665568029419), 'rsi': np.float64(66.26686386119373), 'macd_histogram': np.float64(nan), 'adx': np.float64(29.98706472062788), 'confirmation_passed': True, 'cooldown_active': False}
2025-08-29 19:26:57 | INFO     | utils.logger:info:50 - Using yfinance fallback for MSFT data
2025-08-29 19:26:57 | INFO     | utils.logger:strategy:103 - STRATEGY: Enhanced Momentum Strategy | NEUTRAL | MSFT | {'strength': np.float64(-0.014940568406228738), 'rsi': np.float64(45.41158168955479), 'macd_histogram': np.float64(nan), 'adx': np.float64(16.206875285466474), 'confirmation_passed': False, 'cooldown_active': False}
2025-08-29 19:26:57 | INFO     | utils.logger:info:50 - Using yfinance fallback for GOOGL data
2025-08-29 19:26:57 | INFO     | utils.logger:strategy:103 - STRATEGY: Enhanced Momentum Strategy | SELL | GOOGL | {'strength': np.float64(-0.015183365146471605), 'rsi': np.float64(73.10464732185437), 'macd_histogram': np.float64(nan), 'adx': np.float64(41.49127686433009), 'confirmation_passed': True, 'cooldown_active': False}
2025-08-29 19:26:57 | INFO     | utils.logger:info:50 - Using yfinance fallback for TSLA data
2025-08-29 19:26:58 | INFO     | utils.logger:strategy:103 - STRATEGY: Enhanced Momentum Strategy | NEUTRAL | TSLA | {'strength': np.float64(-0.010375067550323537), 'rsi': np.float64(50.85963575611713), 'macd_histogram': np.float64(nan), 'adx': np.float64(7.68162562394135), 'confirmation_passed': False, 'cooldown_active': False}
2025-08-29 19:26:58 | INFO     | utils.logger:info:50 - Using yfinance fallback for AMZN data
2025-08-29 19:26:58 | INFO     | utils.logger:strategy:103 - STRATEGY: Enhanced Momentum Strategy | NEUTRAL | AMZN | {'strength': np.float64(-0.016126694051637372), 'rsi': np.float64(52.17013122103654), 'macd_histogram': np.float64(nan), 'adx': np.float64(9.341967036167873), 'confirmation_passed': False, 'cooldown_active': False}
2025-08-29 19:26:58 | INFO     | utils.logger:info:50 - Using yfinance fallback for NVDA data
2025-08-29 19:26:58 | INFO     | utils.logger:strategy:103 - STRATEGY: Enhanced Momentum Strategy | NEUTRAL | NVDA | {'strength': np.float64(-0.015497060103298184), 'rsi': np.float64(41.99664923140552), 'macd_histogram': np.float64(nan), 'adx': np.float64(19.96086698670587), 'confirmation_passed': False, 'cooldown_active': False}
2025-08-29 19:26:59 | INFO     | utils.logger:info:50 - Using yfinance fallback for AMD data
2025-08-29 19:26:59 | INFO     | utils.logger:strategy:103 - STRATEGY: Enhanced Momentum Strategy | NEUTRAL | AMD | {'strength': np.float64(-0.01774842655576747), 'rsi': np.float64(43.9812836902726), 'macd_histogram': np.float64(nan), 'adx': np.float64(12.400576271416295), 'confirmation_passed': False, 'cooldown_active': False}
2025-08-29 19:27:04 | INFO     | utils.logger:info:50 - Using yfinance fallback for AAPL data
2025-08-29 19:27:04 | INFO     | utils.logger:strategy:103 - STRATEGY: Enhanced Momentum Strategy | SELL | AAPL | {'strength': np.float64(-0.02061337104352755), 'rsi': np.float64(66.26686386119373), 'macd_histogram': np.float64(nan), 'adx': np.float64(29.98706472062788), 'confirmation_passed': True, 'cooldown_active': False}
2025-08-29 19:27:04 | INFO     | utils.logger:info:50 - Using yfinance fallback for MSFT data
2025-08-29 19:27:05 | INFO     | utils.logger:strategy:103 - STRATEGY: Enhanced Momentum Strategy | NEUTRAL | MSFT | {'strength': np.float64(-0.014908423050895266), 'rsi': np.float64(45.46956093102747), 'macd_histogram': np.float64(nan), 'adx': np.float64(16.206875285466474), 'confirmation_passed': False, 'cooldown_active': False}
2025-08-29 19:27:05 | INFO     | utils.logger:info:50 - Using yfinance fallback for GOOGL data
2025-08-29 19:27:05 | INFO     | utils.logger:strategy:103 - STRATEGY: Enhanced Momentum Strategy | SELL | GOOGL | {'strength': np.float64(-0.015295910181395717), 'rsi': np.float64(72.91971953084379), 'macd_histogram': np.float64(nan), 'adx': np.float64(41.49127686433009), 'confirmation_passed': True, 'cooldown_active': False}
2025-08-29 19:27:05 | INFO     | utils.logger:info:50 - Using yfinance fallback for TSLA data
2025-08-29 19:27:05 | INFO     | utils.logger:strategy:103 - STRATEGY: Enhanced Momentum Strategy | NEUTRAL | TSLA | {'strength': np.float64(-0.010390057470122751), 'rsi': np.float64(50.840637761330285), 'macd_histogram': np.float64(nan), 'adx': np.float64(7.68162562394135), 'confirmation_passed': False, 'cooldown_active': False}
2025-08-29 19:27:06 | INFO     | utils.logger:info:50 - Using yfinance fallback for AMZN data
2025-08-29 19:27:06 | INFO     | utils.logger:strategy:103 - STRATEGY: Enhanced Momentum Strategy | NEUTRAL | AMZN | {'strength': np.float64(-0.016115468479906234), 'rsi': np.float64(52.17794449594636), 'macd_histogram': np.float64(nan), 'adx': np.float64(9.341967036167873), 'confirmation_passed': False, 'cooldown_active': False}
2025-08-29 19:27:06 | INFO     | utils.logger:info:50 - Using yfinance fallback for NVDA data
2025-08-29 19:27:06 | INFO     | utils.logger:strategy:103 - STRATEGY: Enhanced Momentum Strategy | NEUTRAL | NVDA | {'strength': np.float64(-0.015504909419309827), 'rsi': np.float64(41.98136593057738), 'macd_histogram': np.float64(nan), 'adx': np.float64(19.96086698670587), 'confirmation_passed': False, 'cooldown_active': False}
2025-08-29 19:27:06 | INFO     | utils.logger:info:50 - Using yfinance fallback for AMD data
2025-08-29 19:27:06 | INFO     | utils.logger:strategy:103 - STRATEGY: Enhanced Momentum Strategy | NEUTRAL | AMD | {'strength': np.float64(-0.017752145930677372), 'rsi': np.float64(43.97652101010523), 'macd_histogram': np.float64(nan), 'adx': np.float64(12.400576271416295), 'confirmation_passed': False, 'cooldown_active': False}
2025-08-29 19:29:00 | INFO     | utils.logger:info:50 - Using yfinance fallback for AAPL data
2025-08-29 19:29:00 | INFO     | utils.logger:strategy:103 - STRATEGY: Enhanced Momentum Strategy | SELL | AAPL | {'strength': np.float64(-0.02057985886462828), 'rsi': np.float64(66.21723892980269), 'macd_histogram': np.float64(nan), 'adx': np.float64(29.98706472062788), 'confirmation_passed': True, 'cooldown_active': False}
2025-08-29 19:29:01 | INFO     | utils.logger:info:50 - Using yfinance fallback for MSFT data
2025-08-29 19:29:01 | INFO     | utils.logger:strategy:103 - STRATEGY: Enhanced Momentum Strategy | NEUTRAL | MSFT | {'strength': np.float64(-0.014881247239666098), 'rsi': np.float64(45.46956093102747), 'macd_histogram': np.float64(nan), 'adx': np.float64(16.206875285466474), 'confirmation_passed': False, 'cooldown_active': False}
2025-08-29 19:29:01 | INFO     | utils.logger:info:50 - Using yfinance fallback for GOOGL data
2025-08-29 19:29:01 | INFO     | utils.logger:strategy:103 - STRATEGY: Enhanced Momentum Strategy | SELL | GOOGL | {'strength': np.float64(-0.015179759229059543), 'rsi': np.float64(73.01206632846801), 'macd_histogram': np.float64(nan), 'adx': np.float64(41.49127686433009), 'confirmation_passed': True, 'cooldown_active': False}
2025-08-29 19:29:01 | INFO     | utils.logger:info:50 - Using yfinance fallback for TSLA data
2025-08-29 19:29:02 | INFO     | utils.logger:strategy:103 - STRATEGY: Enhanced Momentum Strategy | NEUTRAL | TSLA | {'strength': np.float64(-0.010391743241439969), 'rsi': np.float64(50.78372883927051), 'macd_histogram': np.float64(nan), 'adx': np.float64(7.68162562394135), 'confirmation_passed': False, 'cooldown_active': False}
2025-08-29 19:29:02 | INFO     | utils.logger:info:50 - Using yfinance fallback for AMZN data
2025-08-29 19:29:02 | INFO     | utils.logger:strategy:103 - STRATEGY: Enhanced Momentum Strategy | NEUTRAL | AMZN | {'strength': np.float64(-0.01609889498160664), 'rsi': np.float64(52.16232028574071), 'macd_histogram': np.float64(nan), 'adx': np.float64(9.341967036167873), 'confirmation_passed': False, 'cooldown_active': False}
2025-08-29 19:29:02 | INFO     | utils.logger:info:50 - Using yfinance fallback for NVDA data
2025-08-29 19:29:02 | INFO     | utils.logger:strategy:103 - STRATEGY: Enhanced Momentum Strategy | NEUTRAL | NVDA | {'strength': np.float64(-0.015744869359392722), 'rsi': np.float64(41.63339857027533), 'macd_histogram': np.float64(nan), 'adx': np.float64(19.96086698670587), 'confirmation_passed': False, 'cooldown_active': False}
2025-08-29 19:29:02 | INFO     | utils.logger:info:50 - Using yfinance fallback for AMD data
2025-08-29 19:29:03 | INFO     | utils.logger:strategy:103 - STRATEGY: Enhanced Momentum Strategy | NEUTRAL | AMD | {'strength': np.float64(-0.017684632755539584), 'rsi': np.float64(43.98546640643124), 'macd_histogram': np.float64(nan), 'adx': np.float64(12.400576271416295), 'confirmation_passed': False, 'cooldown_active': False}
2025-08-29 19:29:08 | INFO     | utils.logger:info:50 - Using yfinance fallback for AAPL data
2025-08-29 19:29:08 | INFO     | utils.logger:strategy:103 - STRATEGY: Enhanced Momentum Strategy | SELL | AAPL | {'strength': np.float64(-0.020539298645232563), 'rsi': np.float64(66.26686386119373), 'macd_histogram': np.float64(nan), 'adx': np.float64(29.98706472062788), 'confirmation_passed': True, 'cooldown_active': False}
2025-08-29 19:29:08 | INFO     | utils.logger:info:50 - Using yfinance fallback for MSFT data
2025-08-29 19:29:08 | INFO     | utils.logger:strategy:103 - STRATEGY: Enhanced Momentum Strategy | NEUTRAL | MSFT | {'strength': np.float64(-0.014894628765502516), 'rsi': np.float64(45.43571681392349), 'macd_histogram': np.float64(nan), 'adx': np.float64(16.206875285466474), 'confirmation_passed': False, 'cooldown_active': False}
2025-08-29 19:29:08 | INFO     | utils.logger:info:50 - Using yfinance fallback for GOOGL data
2025-08-29 19:29:09 | INFO     | utils.logger:strategy:103 - STRATEGY: Enhanced Momentum Strategy | SELL | GOOGL | {'strength': np.float64(-0.01513494723532555), 'rsi': np.float64(73.07377661764835), 'macd_histogram': np.float64(nan), 'adx': np.float64(41.49127686433009), 'confirmation_passed': True, 'cooldown_active': False}
2025-08-29 19:29:09 | INFO     | utils.logger:info:50 - Using yfinance fallback for TSLA data
2025-08-29 19:29:09 | INFO     | utils.logger:strategy:103 - STRATEGY: Enhanced Momentum Strategy | NEUTRAL | TSLA | {'strength': np.float64(-0.01038187735131847), 'rsi': np.float64(50.79011003027863), 'macd_histogram': np.float64(nan), 'adx': np.float64(7.68162562394135), 'confirmation_passed': False, 'cooldown_active': False}
2025-08-29 19:29:09 | INFO     | utils.logger:info:50 - Using yfinance fallback for AMZN data
2025-08-29 19:29:09 | INFO     | utils.logger:strategy:103 - STRATEGY: Enhanced Momentum Strategy | NEUTRAL | AMZN | {'strength': np.float64(-0.016071585403440912), 'rsi': np.float64(52.201374522936675), 'macd_histogram': np.float64(nan), 'adx': np.float64(9.341967036167873), 'confirmation_passed': False, 'cooldown_active': False}
2025-08-29 19:29:10 | INFO     | utils.logger:info:50 - Using yfinance fallback for NVDA data
2025-08-29 19:29:10 | INFO     | utils.logger:strategy:103 - STRATEGY: Enhanced Momentum Strategy | NEUTRAL | NVDA | {'strength': np.float64(-0.01574086641201121), 'rsi': np.float64(41.63323823753617), 'macd_histogram': np.float64(nan), 'adx': np.float64(19.96086698670587), 'confirmation_passed': False, 'cooldown_active': False}
2025-08-29 19:29:10 | INFO     | utils.logger:info:50 - Using yfinance fallback for AMD data
2025-08-29 19:29:10 | INFO     | utils.logger:strategy:103 - STRATEGY: Enhanced Momentum Strategy | NEUTRAL | AMD | {'strength': np.float64(-0.017655180013313426), 'rsi': np.float64(44.00499627239059), 'macd_histogram': np.float64(nan), 'adx': np.float64(12.400576271416295), 'confirmation_passed': False, 'cooldown_active': False}
2025-08-29 19:31:04 | INFO     | utils.logger:info:50 - Using yfinance fallback for AAPL data
2025-08-29 19:31:04 | INFO     | utils.logger:strategy:103 - STRATEGY: Enhanced Momentum Strategy | SELL | AAPL | {'strength': np.float64(-0.02039819889084131), 'rsi': np.float64(66.35394371863262), 'macd_histogram': np.float64(nan), 'adx': np.float64(29.98706472062788), 'confirmation_passed': True, 'cooldown_active': False}
2025-08-29 19:31:04 | INFO     | utils.logger:info:50 - Using yfinance fallback for MSFT data
2025-08-29 19:31:05 | INFO     | utils.logger:strategy:103 - STRATEGY: Enhanced Momentum Strategy | NEUTRAL | MSFT | {'strength': np.float64(-0.014860112581419232), 'rsi': np.float64(45.42124444810772), 'macd_histogram': np.float64(nan), 'adx': np.float64(16.206875285466474), 'confirmation_passed': False, 'cooldown_active': False}
2025-08-29 19:31:05 | INFO     | utils.logger:info:50 - Using yfinance fallback for GOOGL data
2025-08-29 19:31:05 | INFO     | utils.logger:strategy:103 - STRATEGY: Enhanced Momentum Strategy | SELL | GOOGL | {'strength': np.float64(-0.014045873983744371), 'rsi': np.float64(73.4081363711267), 'macd_histogram': np.float64(nan), 'adx': np.float64(41.49127686433009), 'confirmation_passed': True, 'cooldown_active': False}
2025-08-29 19:31:05 | INFO     | utils.logger:info:50 - Using yfinance fallback for TSLA data
2025-08-29 19:31:05 | INFO     | utils.logger:strategy:103 - STRATEGY: Enhanced Momentum Strategy | NEUTRAL | TSLA | {'strength': np.float64(-0.010110306659919535), 'rsi': np.float64(50.96757276193822), 'macd_histogram': np.float64(nan), 'adx': np.float64(7.68162562394135), 'confirmation_passed': False, 'cooldown_active': False}
2025-08-29 19:31:06 | INFO     | utils.logger:info:50 - Using yfinance fallback for AMZN data
2025-08-29 19:31:06 | INFO     | utils.logger:strategy:103 - STRATEGY: Enhanced Momentum Strategy | NEUTRAL | AMZN | {'strength': np.float64(-0.015988418092866497), 'rsi': np.float64(52.28745697057909), 'macd_histogram': np.float64(nan), 'adx': np.float64(9.341967036167873), 'confirmation_passed': False, 'cooldown_active': False}
2025-08-29 19:31:06 | INFO     | utils.logger:info:50 - Using yfinance fallback for NVDA data
2025-08-29 19:31:06 | INFO     | utils.logger:strategy:103 - STRATEGY: Enhanced Momentum Strategy | NEUTRAL | NVDA | {'strength': np.float64(-0.01536079132398657), 'rsi': np.float64(42.01420613382612), 'macd_histogram': np.float64(nan), 'adx': np.float64(19.96086698670587), 'confirmation_passed': False, 'cooldown_active': False}
2025-08-29 19:31:06 | INFO     | utils.logger:info:50 - Using yfinance fallback for AMD data
2025-08-29 19:31:07 | INFO     | utils.logger:strategy:103 - STRATEGY: Enhanced Momentum Strategy | NEUTRAL | AMD | {'strength': np.float64(-0.01745305450131906), 'rsi': np.float64(44.11013567897201), 'macd_histogram': np.float64(nan), 'adx': np.float64(12.400576271416295), 'confirmation_passed': False, 'cooldown_active': False}
2025-08-29 19:31:11 | INFO     | utils.logger:info:50 - Using yfinance fallback for AAPL data
2025-08-29 19:31:12 | INFO     | utils.logger:strategy:103 - STRATEGY: Enhanced Momentum Strategy | SELL | AAPL | {'strength': np.float64(-0.020422757529890416), 'rsi': np.float64(66.31660119573691), 'macd_histogram': np.float64(nan), 'adx': np.float64(29.98706472062788), 'confirmation_passed': True, 'cooldown_active': False}
2025-08-29 19:31:12 | INFO     | utils.logger:info:50 - Using yfinance fallback for MSFT data
2025-08-29 19:31:12 | INFO     | utils.logger:strategy:103 - STRATEGY: Enhanced Momentum Strategy | NEUTRAL | MSFT | {'strength': np.float64(-0.014863407878042436), 'rsi': np.float64(45.40675185183074), 'macd_histogram': np.float64(nan), 'adx': np.float64(16.206875285466474), 'confirmation_passed': False, 'cooldown_active': False}
2025-08-29 19:31:12 | INFO     | utils.logger:info:50 - Using yfinance fallback for GOOGL data
2025-08-29 19:31:13 | INFO     | utils.logger:strategy:103 - STRATEGY: Enhanced Momentum Strategy | SELL | GOOGL | {'strength': np.float64(-0.013995005614679376), 'rsi': np.float64(73.43033226469655), 'macd_histogram': np.float64(nan), 'adx': np.float64(41.49127686433009), 'confirmation_passed': True, 'cooldown_active': False}
2025-08-29 19:31:13 | INFO     | utils.logger:info:50 - Using yfinance fallback for TSLA data
2025-08-29 19:31:13 | INFO     | utils.logger:strategy:103 - STRATEGY: Enhanced Momentum Strategy | NEUTRAL | TSLA | {'strength': np.float64(-0.010109616897131923), 'rsi': np.float64(50.9612051366921), 'macd_histogram': np.float64(nan), 'adx': np.float64(7.68162562394135), 'confirmation_passed': False, 'cooldown_active': False}
2025-08-29 19:31:13 | INFO     | utils.logger:info:50 - Using yfinance fallback for AMZN data
2025-08-29 19:31:13 | INFO     | utils.logger:strategy:103 - STRATEGY: Enhanced Momentum Strategy | NEUTRAL | AMZN | {'strength': np.float64(-0.015918298053098592), 'rsi': np.float64(52.38957498468502), 'macd_histogram': np.float64(nan), 'adx': np.float64(9.341967036167873), 'confirmation_passed': False, 'cooldown_active': False}
2025-08-29 19:31:13 | INFO     | utils.logger:info:50 - Using yfinance fallback for NVDA data
2025-08-29 19:31:14 | INFO     | utils.logger:strategy:103 - STRATEGY: Enhanced Momentum Strategy | NEUTRAL | NVDA | {'strength': np.float64(-0.015332439818801336), 'rsi': np.float64(42.04235575981376), 'macd_histogram': np.float64(nan), 'adx': np.float64(19.96086698670587), 'confirmation_passed': False, 'cooldown_active': False}
2025-08-29 19:31:14 | INFO     | utils.logger:info:50 - Using yfinance fallback for AMD data
2025-08-29 19:31:14 | INFO     | utils.logger:strategy:103 - STRATEGY: Enhanced Momentum Strategy | NEUTRAL | AMD | {'strength': np.float64(-0.01746419987211024), 'rsi': np.float64(44.10057006829612), 'macd_histogram': np.float64(nan), 'adx': np.float64(12.400576271416295), 'confirmation_passed': False, 'cooldown_active': False}
2025-08-29 19:33:08 | INFO     | utils.logger:info:50 - Using yfinance fallback for AAPL data
2025-08-29 19:33:08 | INFO     | utils.logger:strategy:103 - STRATEGY: Enhanced Momentum Strategy | SELL | AAPL | {'strength': np.float64(-0.01977002876549238), 'rsi': np.float64(66.28726572934875), 'macd_histogram': np.float64(nan), 'adx': np.float64(29.98706472062788), 'confirmation_passed': True, 'cooldown_active': False}
2025-08-29 19:33:08 | INFO     | utils.logger:info:50 - Using yfinance fallback for MSFT data
2025-08-29 19:33:09 | INFO     | utils.logger:strategy:103 - STRATEGY: Enhanced Momentum Strategy | NEUTRAL | MSFT | {'strength': np.float64(-0.014994039588963887), 'rsi': np.float64(45.0335403467271), 'macd_histogram': np.float64(nan), 'adx': np.float64(16.206875285466474), 'confirmation_passed': False, 'cooldown_active': False}
2025-08-29 19:33:09 | INFO     | utils.logger:info:50 - Using yfinance fallback for GOOGL data
2025-08-29 19:33:09 | INFO     | utils.logger:strategy:103 - STRATEGY: Enhanced Momentum Strategy | SELL | GOOGL | {'strength': np.float64(-0.014300819478357901), 'rsi': np.float64(73.240374624177), 'macd_histogram': np.float64(nan), 'adx': np.float64(41.49127686433009), 'confirmation_passed': True, 'cooldown_active': False}
2025-08-29 19:33:09 | INFO     | utils.logger:info:50 - Using yfinance fallback for TSLA data
2025-08-29 19:33:09 | INFO     | utils.logger:strategy:103 - STRATEGY: Enhanced Momentum Strategy | NEUTRAL | TSLA | {'strength': np.float64(-0.010329963899108265), 'rsi': np.float64(50.68286497301252), 'macd_histogram': np.float64(nan), 'adx': np.float64(7.68162562394135), 'confirmation_passed': False, 'cooldown_active': False}
2025-08-29 19:33:10 | INFO     | utils.logger:info:50 - Using yfinance fallback for AMZN data
2025-08-29 19:33:10 | INFO     | utils.logger:strategy:103 - STRATEGY: Enhanced Momentum Strategy | NEUTRAL | AMZN | {'strength': np.float64(-0.016019678830331018), 'rsi': np.float64(52.18573627986701), 'macd_histogram': np.float64(nan), 'adx': np.float64(9.341967036167873), 'confirmation_passed': False, 'cooldown_active': False}
2025-08-29 19:33:10 | INFO     | utils.logger:info:50 - Using yfinance fallback for NVDA data
2025-08-29 19:33:10 | INFO     | utils.logger:strategy:103 - STRATEGY: Enhanced Momentum Strategy | NEUTRAL | NVDA | {'strength': np.float64(-0.01565754628793863), 'rsi': np.float64(41.588256468108575), 'macd_histogram': np.float64(nan), 'adx': np.float64(19.96086698670587), 'confirmation_passed': False, 'cooldown_active': False}
2025-08-29 19:33:10 | INFO     | utils.logger:info:50 - Using yfinance fallback for AMD data
2025-08-29 19:33:10 | INFO     | utils.logger:strategy:103 - STRATEGY: Enhanced Momentum Strategy | NEUTRAL | AMD | {'strength': np.float64(-0.017838238624132044), 'rsi': np.float64(43.80592170429672), 'macd_histogram': np.float64(nan), 'adx': np.float64(12.400576271416295), 'confirmation_passed': False, 'cooldown_active': False}
2025-08-29 19:33:15 | INFO     | utils.logger:info:50 - Using yfinance fallback for AAPL data
2025-08-29 19:33:16 | INFO     | utils.logger:strategy:103 - STRATEGY: Enhanced Momentum Strategy | SELL | AAPL | {'strength': np.float64(-0.01972583426624756), 'rsi': np.float64(66.3414788739799), 'macd_histogram': np.float64(nan), 'adx': np.float64(29.98706472062788), 'confirmation_passed': True, 'cooldown_active': False}
2025-08-29 19:33:16 | INFO     | utils.logger:info:50 - Using yfinance fallback for MSFT data
2025-08-29 19:33:16 | INFO     | utils.logger:strategy:103 - STRATEGY: Enhanced Momentum Strategy | NEUTRAL | MSFT | {'strength': np.float64(-0.014994603038467256), 'rsi': np.float64(45.02404182456897), 'macd_histogram': np.float64(nan), 'adx': np.float64(16.206875285466474), 'confirmation_passed': False, 'cooldown_active': False}
2025-08-29 19:33:16 | INFO     | utils.logger:info:50 - Using yfinance fallback for GOOGL data
2025-08-29 19:33:16 | INFO     | utils.logger:strategy:103 - STRATEGY: Enhanced Momentum Strategy | SELL | GOOGL | {'strength': np.float64(-0.014277584819706224), 'rsi': np.float64(73.25163486169296), 'macd_histogram': np.float64(nan), 'adx': np.float64(41.49127686433009), 'confirmation_passed': True, 'cooldown_active': False}
2025-08-29 19:33:17 | INFO     | utils.logger:info:50 - Using yfinance fallback for TSLA data
2025-08-29 19:33:17 | INFO     | utils.logger:strategy:103 - STRATEGY: Enhanced Momentum Strategy | NEUTRAL | TSLA | {'strength': np.float64(-0.010359860419228989), 'rsi': np.float64(50.64829088375771), 'macd_histogram': np.float64(nan), 'adx': np.float64(7.68162562394135), 'confirmation_passed': False, 'cooldown_active': False}
2025-08-29 19:33:17 | INFO     | utils.logger:info:50 - Using yfinance fallback for AMZN data
2025-08-29 19:33:17 | INFO     | utils.logger:strategy:103 - STRATEGY: Enhanced Momentum Strategy | NEUTRAL | AMZN | {'strength': np.float64(-0.016018498482903716), 'rsi': np.float64(52.18573627986701), 'macd_histogram': np.float64(nan), 'adx': np.float64(9.341967036167873), 'confirmation_passed': False, 'cooldown_active': False}
2025-08-29 19:33:17 | INFO     | utils.logger:info:50 - Using yfinance fallback for NVDA data
2025-08-29 19:33:18 | INFO     | utils.logger:strategy:103 - STRATEGY: Enhanced Momentum Strategy | NEUTRAL | NVDA | {'strength': np.float64(-0.015704476956569808), 'rsi': np.float64(41.528576090322254), 'macd_histogram': np.float64(nan), 'adx': np.float64(19.96086698670587), 'confirmation_passed': False, 'cooldown_active': False}
2025-08-29 19:33:18 | INFO     | utils.logger:info:50 - Using yfinance fallback for AMD data
2025-08-29 19:33:18 | INFO     | utils.logger:strategy:103 - STRATEGY: Enhanced Momentum Strategy | NEUTRAL | AMD | {'strength': np.float64(-0.017809650890605634), 'rsi': np.float64(43.82481659679901), 'macd_histogram': np.float64(nan), 'adx': np.float64(12.400576271416295), 'confirmation_passed': False, 'cooldown_active': False}
2025-08-29 19:35:12 | INFO     | utils.logger:info:50 - Using yfinance fallback for AAPL data
2025-08-29 19:35:12 | INFO     | utils.logger:strategy:103 - STRATEGY: Enhanced Momentum Strategy | SELL | AAPL | {'strength': np.float64(-0.018887629150460983), 'rsi': np.float64(66.56687105994627), 'macd_histogram': np.float64(nan), 'adx': np.float64(29.98706472062788), 'confirmation_passed': True, 'cooldown_active': False}
2025-08-29 19:35:12 | INFO     | utils.logger:info:50 - Using yfinance fallback for MSFT data
2025-08-29 19:35:12 | INFO     | utils.logger:strategy:103 - STRATEGY: Enhanced Momentum Strategy | NEUTRAL | MSFT | {'strength': np.float64(-0.014934704780245889), 'rsi': np.float64(45.03829111086049), 'macd_histogram': np.float64(nan), 'adx': np.float64(16.206875285466474), 'confirmation_passed': False, 'cooldown_active': False}
2025-08-29 19:35:13 | INFO     | utils.logger:info:50 - Using yfinance fallback for GOOGL data
2025-08-29 19:35:13 | INFO     | utils.logger:strategy:103 - STRATEGY: Enhanced Momentum Strategy | SELL | GOOGL | {'strength': np.float64(-0.014027227581901572), 'rsi': np.float64(73.35244999687609), 'macd_histogram': np.float64(nan), 'adx': np.float64(41.49127686433009), 'confirmation_passed': True, 'cooldown_active': False}
2025-08-29 19:35:13 | INFO     | utils.logger:info:50 - Using yfinance fallback for TSLA data
2025-08-29 19:35:13 | INFO     | utils.logger:strategy:103 - STRATEGY: Enhanced Momentum Strategy | NEUTRAL | TSLA | {'strength': np.float64(-0.010178160337062363), 'rsi': np.float64(50.76484528504437), 'macd_histogram': np.float64(nan), 'adx': np.float64(7.68162562394135), 'confirmation_passed': False, 'cooldown_active': False}
2025-08-29 19:35:13 | INFO     | utils.logger:info:50 - Using yfinance fallback for AMZN data
2025-08-29 19:35:14 | INFO     | utils.logger:strategy:103 - STRATEGY: Enhanced Momentum Strategy | NEUTRAL | AMZN | {'strength': np.float64(-0.015998666613885663), 'rsi': np.float64(52.154535492152576), 'macd_histogram': np.float64(nan), 'adx': np.float64(9.341967036167873), 'confirmation_passed': False, 'cooldown_active': False}
2025-08-29 19:35:14 | INFO     | utils.logger:info:50 - Using yfinance fallback for NVDA data
2025-08-29 19:35:14 | INFO     | utils.logger:strategy:103 - STRATEGY: Enhanced Momentum Strategy | NEUTRAL | NVDA | {'strength': np.float64(-0.015637122406475357), 'rsi': np.float64(41.52843935333152), 'macd_histogram': np.float64(nan), 'adx': np.float64(19.96086698670587), 'confirmation_passed': False, 'cooldown_active': False}
2025-08-29 19:35:14 | INFO     | utils.logger:info:50 - Using yfinance fallback for AMD data
2025-08-29 19:35:14 | INFO     | utils.logger:strategy:103 - STRATEGY: Enhanced Momentum Strategy | NEUTRAL | AMD | {'strength': np.float64(-0.01769633744375951), 'rsi': np.float64(43.881483551491215), 'macd_histogram': np.float64(nan), 'adx': np.float64(12.400576271416295), 'confirmation_passed': False, 'cooldown_active': False}
2025-08-29 19:35:19 | INFO     | utils.logger:info:50 - Using yfinance fallback for AAPL data
2025-08-29 19:35:19 | INFO     | utils.logger:strategy:103 - STRATEGY: Enhanced Momentum Strategy | SELL | AAPL | {'strength': np.float64(-0.01886578781956298), 'rsi': np.float64(66.59143922443005), 'macd_histogram': np.float64(nan), 'adx': np.float64(29.98706472062788), 'confirmation_passed': True, 'cooldown_active': False}
2025-08-29 19:35:20 | INFO     | utils.logger:info:50 - Using yfinance fallback for MSFT data
2025-08-29 19:35:20 | INFO     | utils.logger:strategy:103 - STRATEGY: Enhanced Momentum Strategy | NEUTRAL | MSFT | {'strength': np.float64(-0.014922198053084451), 'rsi': np.float64(45.06203097306418), 'macd_histogram': np.float64(nan), 'adx': np.float64(16.206875285466474), 'confirmation_passed': False, 'cooldown_active': False}
2025-08-29 19:35:20 | INFO     | utils.logger:info:50 - Using yfinance fallback for GOOGL data
2025-08-29 19:35:20 | INFO     | utils.logger:strategy:103 - STRATEGY: Enhanced Momentum Strategy | SELL | GOOGL | {'strength': np.float64(-0.01397953896346015), 'rsi': np.float64(73.37475591044785), 'macd_histogram': np.float64(nan), 'adx': np.float64(41.49127686433009), 'confirmation_passed': True, 'cooldown_active': False}
2025-08-29 19:35:20 | INFO     | utils.logger:info:50 - Using yfinance fallback for TSLA data
2025-08-29 19:35:21 | INFO     | utils.logger:strategy:103 - STRATEGY: Enhanced Momentum Strategy | NEUTRAL | TSLA | {'strength': np.float64(-0.010173207593013914), 'rsi': np.float64(50.76603954274712), 'macd_histogram': np.float64(nan), 'adx': np.float64(7.68162562394135), 'confirmation_passed': False, 'cooldown_active': False}
2025-08-29 19:35:21 | INFO     | utils.logger:info:50 - Using yfinance fallback for AMZN data
2025-08-29 19:35:21 | INFO     | utils.logger:strategy:103 - STRATEGY: Enhanced Momentum Strategy | NEUTRAL | AMZN | {'strength': np.float64(-0.016043002184084363), 'rsi': np.float64(52.076649040241264), 'macd_histogram': np.float64(nan), 'adx': np.float64(9.341967036167873), 'confirmation_passed': False, 'cooldown_active': False}
2025-08-29 19:35:21 | INFO     | utils.logger:info:50 - Using yfinance fallback for NVDA data
2025-08-29 19:35:21 | INFO     | utils.logger:strategy:103 - STRATEGY: Enhanced Momentum Strategy | NEUTRAL | NVDA | {'strength': np.float64(-0.015542792591722195), 'rsi': np.float64(41.63323823753617), 'macd_histogram': np.float64(nan), 'adx': np.float64(19.96086698670587), 'confirmation_passed': False, 'cooldown_active': False}
2025-08-29 19:35:21 | INFO     | utils.logger:info:50 - Using yfinance fallback for AMD data
2025-08-29 19:35:22 | INFO     | utils.logger:strategy:103 - STRATEGY: Enhanced Momentum Strategy | NEUTRAL | AMD | {'strength': np.float64(-0.01770778523519491), 'rsi': np.float64(43.87201684296774), 'macd_histogram': np.float64(nan), 'adx': np.float64(12.400576271416295), 'confirmation_passed': False, 'cooldown_active': False}
2025-08-29 19:37:15 | INFO     | utils.logger:info:50 - Using yfinance fallback for AAPL data
2025-08-29 19:37:16 | INFO     | utils.logger:strategy:103 - STRATEGY: Enhanced Momentum Strategy | SELL | AAPL | {'strength': np.float64(-0.01889141158970611), 'rsi': np.float64(66.47873581246576), 'macd_histogram': np.float64(nan), 'adx': np.float64(29.98706472062788), 'confirmation_passed': True, 'cooldown_active': False}
2025-08-29 19:37:16 | INFO     | utils.logger:info:50 - Using yfinance fallback for MSFT data
2025-08-29 19:37:16 | INFO     | utils.logger:strategy:103 - STRATEGY: Enhanced Momentum Strategy | NEUTRAL | MSFT | {'strength': np.float64(-0.01483415575347386), 'rsi': np.float64(45.15727034255723), 'macd_histogram': np.float64(nan), 'adx': np.float64(16.206875285466474), 'confirmation_passed': False, 'cooldown_active': False}
2025-08-29 19:37:16 | INFO     | utils.logger:info:50 - Using yfinance fallback for GOOGL data
2025-08-29 19:37:16 | INFO     | utils.logger:strategy:103 - STRATEGY: Enhanced Momentum Strategy | SELL | GOOGL | {'strength': np.float64(-0.014194672740119534), 'rsi': np.float64(73.22912208892052), 'macd_histogram': np.float64(nan), 'adx': np.float64(41.49127686433009), 'confirmation_passed': True, 'cooldown_active': False}
2025-08-29 19:37:17 | INFO     | utils.logger:info:50 - Using yfinance fallback for TSLA data
2025-08-29 19:37:17 | INFO     | utils.logger:strategy:103 - STRATEGY: Enhanced Momentum Strategy | NEUTRAL | TSLA | {'strength': np.float64(-0.010180382712383739), 'rsi': np.float64(50.701745216627884), 'macd_histogram': np.float64(nan), 'adx': np.float64(7.68162562394135), 'confirmation_passed': False, 'cooldown_active': False}
2025-08-29 19:37:17 | INFO     | utils.logger:info:50 - Using yfinance fallback for AMZN data
2025-08-29 19:37:17 | INFO     | utils.logger:strategy:103 - STRATEGY: Enhanced Momentum Strategy | NEUTRAL | AMZN | {'strength': np.float64(-0.01605181392138642), 'rsi': np.float64(51.991235091385526), 'macd_histogram': np.float64(nan), 'adx': np.float64(9.341967036167873), 'confirmation_passed': False, 'cooldown_active': False}
2025-08-29 19:37:17 | INFO     | utils.logger:info:50 - Using yfinance fallback for NVDA data
2025-08-29 19:37:18 | INFO     | utils.logger:strategy:103 - STRATEGY: Enhanced Momentum Strategy | NEUTRAL | NVDA | {'strength': np.float64(-0.015525235035492446), 'rsi': np.float64(41.59575429963668), 'macd_histogram': np.float64(nan), 'adx': np.float64(19.96086698670587), 'confirmation_passed': False, 'cooldown_active': False}
2025-08-29 19:37:18 | INFO     | utils.logger:info:50 - Using yfinance fallback for AMD data
2025-08-29 19:37:18 | INFO     | utils.logger:strategy:103 - STRATEGY: Enhanced Momentum Strategy | NEUTRAL | AMD | {'strength': np.float64(-0.01783952276259338), 'rsi': np.float64(43.74934902716375), 'macd_histogram': np.float64(nan), 'adx': np.float64(12.400576271416295), 'confirmation_passed': False, 'cooldown_active': False}
2025-08-29 19:37:23 | INFO     | utils.logger:info:50 - Using yfinance fallback for AAPL data
2025-08-29 19:37:23 | INFO     | utils.logger:strategy:103 - STRATEGY: Enhanced Momentum Strategy | SELL | AAPL | {'strength': np.float64(-0.0189000304206138), 'rsi': np.float64(66.46622404279086), 'macd_histogram': np.float64(nan), 'adx': np.float64(29.98706472062788), 'confirmation_passed': True, 'cooldown_active': False}
2025-08-29 19:37:23 | INFO     | utils.logger:info:50 - Using yfinance fallback for MSFT data
2025-08-29 19:37:23 | INFO     | utils.logger:strategy:103 - STRATEGY: Enhanced Momentum Strategy | NEUTRAL | MSFT | {'strength': np.float64(-0.014834714386965611), 'rsi': np.float64(45.15296034272843), 'macd_histogram': np.float64(nan), 'adx': np.float64(16.206875285466474), 'confirmation_passed': False, 'cooldown_active': False}
2025-08-29 19:37:24 | INFO     | utils.logger:info:50 - Using yfinance fallback for GOOGL data
2025-08-29 19:37:24 | INFO     | utils.logger:strategy:103 - STRATEGY: Enhanced Momentum Strategy | SELL | GOOGL | {'strength': np.float64(-0.01414638804483077), 'rsi': np.float64(73.25163486169296), 'macd_histogram': np.float64(nan), 'adx': np.float64(41.49127686433009), 'confirmation_passed': True, 'cooldown_active': False}
2025-08-29 19:37:24 | INFO     | utils.logger:info:50 - Using yfinance fallback for TSLA data
2025-08-29 19:37:24 | INFO     | utils.logger:strategy:103 - STRATEGY: Enhanced Momentum Strategy | NEUTRAL | TSLA | {'strength': np.float64(-0.010197157542182677), 'rsi': np.float64(50.68286497301252), 'macd_histogram': np.float64(nan), 'adx': np.float64(7.68162562394135), 'confirmation_passed': False, 'cooldown_active': False}
2025-08-29 19:37:24 | INFO     | utils.logger:info:50 - Using yfinance fallback for AMZN data
2025-08-29 19:37:25 | INFO     | utils.logger:strategy:103 - STRATEGY: Enhanced Momentum Strategy | NEUTRAL | AMZN | {'strength': np.float64(-0.016035123466352254), 'rsi': np.float64(52.014497700715786), 'macd_histogram': np.float64(nan), 'adx': np.float64(9.341967036167873), 'confirmation_passed': False, 'cooldown_active': False}
2025-08-29 19:37:25 | INFO     | utils.logger:info:50 - Using yfinance fallback for NVDA data
2025-08-29 19:37:25 | INFO     | utils.logger:strategy:103 - STRATEGY: Enhanced Momentum Strategy | NEUTRAL | NVDA | {'strength': np.float64(-0.015516938428089518), 'rsi': np.float64(41.60323196358154), 'macd_histogram': np.float64(nan), 'adx': np.float64(19.96086698670587), 'confirmation_passed': False, 'cooldown_active': False}
2025-08-29 19:37:25 | INFO     | utils.logger:info:50 - Using yfinance fallback for AMD data
2025-08-29 19:37:25 | INFO     | utils.logger:strategy:103 - STRATEGY: Enhanced Momentum Strategy | NEUTRAL | AMD | {'strength': np.float64(-0.017876607552792245), 'rsi': np.float64(43.721117448360374), 'macd_histogram': np.float64(nan), 'adx': np.float64(12.400576271416295), 'confirmation_passed': False, 'cooldown_active': False}
2025-08-29 19:39:19 | INFO     | utils.logger:info:50 - Using yfinance fallback for AAPL data
2025-08-29 19:39:19 | INFO     | utils.logger:strategy:103 - STRATEGY: Enhanced Momentum Strategy | SELL | AAPL | {'strength': np.float64(-0.018820546037083483), 'rsi': np.float64(66.49121412635569), 'macd_histogram': np.float64(nan), 'adx': np.float64(29.98706472062788), 'confirmation_passed': True, 'cooldown_active': False}
2025-08-29 19:39:20 | INFO     | utils.logger:info:50 - Using yfinance fallback for MSFT data
2025-08-29 19:39:20 | INFO     | utils.logger:strategy:103 - STRATEGY: Enhanced Momentum Strategy | NEUTRAL | MSFT | {'strength': np.float64(-0.014678020841297981), 'rsi': np.float64(45.35375012100398), 'macd_histogram': np.float64(nan), 'adx': np.float64(16.206875285466474), 'confirmation_passed': False, 'cooldown_active': False}
2025-08-29 19:39:20 | INFO     | utils.logger:info:50 - Using yfinance fallback for GOOGL data
2025-08-29 19:39:20 | INFO     | utils.logger:strategy:103 - STRATEGY: Enhanced Momentum Strategy | SELL | GOOGL | {'strength': np.float64(-0.013806175397433316), 'rsi': np.float64(73.39700754017818), 'macd_histogram': np.float64(nan), 'adx': np.float64(41.49127686433009), 'confirmation_passed': True, 'cooldown_active': False}
2025-08-29 19:39:20 | INFO     | utils.logger:info:50 - Using yfinance fallback for TSLA data
2025-08-29 19:39:21 | INFO     | utils.logger:strategy:103 - STRATEGY: Enhanced Momentum Strategy | NEUTRAL | TSLA | {'strength': np.float64(-0.010001948878900263), 'rsi': np.float64(50.79446789775327), 'macd_histogram': np.float64(nan), 'adx': np.float64(7.68162562394135), 'confirmation_passed': False, 'cooldown_active': False}
2025-08-29 19:39:21 | INFO     | utils.logger:info:50 - Using yfinance fallback for AMZN data
2025-08-29 19:39:21 | INFO     | utils.logger:strategy:103 - STRATEGY: Enhanced Momentum Strategy | NEUTRAL | AMZN | {'strength': np.float64(-0.015859968935120476), 'rsi': np.float64(52.23671425192082), 'macd_histogram': np.float64(nan), 'adx': np.float64(9.341967036167873), 'confirmation_passed': False, 'cooldown_active': False}
2025-08-29 19:39:21 | INFO     | utils.logger:info:50 - Using yfinance fallback for NVDA data
2025-08-29 19:39:21 | INFO     | utils.logger:strategy:103 - STRATEGY: Enhanced Momentum Strategy | NEUTRAL | NVDA | {'strength': np.float64(-0.015091110245180263), 'rsi': np.float64(42.04265940240642), 'macd_histogram': np.float64(nan), 'adx': np.float64(19.96086698670587), 'confirmation_passed': False, 'cooldown_active': False}
2025-08-29 19:39:21 | INFO     | utils.logger:info:50 - Using yfinance fallback for AMD data
2025-08-29 19:39:22 | INFO     | utils.logger:strategy:103 - STRATEGY: Enhanced Momentum Strategy | NEUTRAL | AMD | {'strength': np.float64(-0.0175586382776602), 'rsi': np.float64(43.91477229167681), 'macd_histogram': np.float64(nan), 'adx': np.float64(12.400576271416295), 'confirmation_passed': False, 'cooldown_active': False}
2025-08-29 19:39:27 | INFO     | utils.logger:info:50 - Using yfinance fallback for AAPL data
2025-08-29 19:39:27 | INFO     | utils.logger:strategy:103 - STRATEGY: Enhanced Momentum Strategy | SELL | AAPL | {'strength': np.float64(-0.018807823961468), 'rsi': np.float64(66.5037353070782), 'macd_histogram': np.float64(nan), 'adx': np.float64(29.98706472062788), 'confirmation_passed': True, 'cooldown_active': False}
2025-08-29 19:39:27 | INFO     | utils.logger:info:50 - Using yfinance fallback for MSFT data
2025-08-29 19:39:27 | INFO     | utils.logger:strategy:103 - STRATEGY: Enhanced Momentum Strategy | NEUTRAL | MSFT | {'strength': np.float64(-0.01465894209466107), 'rsi': np.float64(45.39229792926906), 'macd_histogram': np.float64(nan), 'adx': np.float64(16.206875285466474), 'confirmation_passed': False, 'cooldown_active': False}
2025-08-29 19:39:28 | INFO     | utils.logger:info:50 - Using yfinance fallback for GOOGL data
2025-08-29 19:39:28 | INFO     | utils.logger:strategy:103 - STRATEGY: Enhanced Momentum Strategy | SELL | GOOGL | {'strength': np.float64(-0.013771263514176903), 'rsi': np.float64(73.41368034518426), 'macd_histogram': np.float64(nan), 'adx': np.float64(41.49127686433009), 'confirmation_passed': True, 'cooldown_active': False}
2025-08-29 19:39:28 | INFO     | utils.logger:info:50 - Using yfinance fallback for TSLA data
2025-08-29 19:39:28 | INFO     | utils.logger:strategy:103 - STRATEGY: Enhanced Momentum Strategy | NEUTRAL | TSLA | {'strength': np.float64(-0.010085598672412597), 'rsi': np.float64(50.711642313567104), 'macd_histogram': np.float64(nan), 'adx': np.float64(7.68162562394135), 'confirmation_passed': False, 'cooldown_active': False}
2025-08-29 19:39:28 | INFO     | utils.logger:info:50 - Using yfinance fallback for AMZN data
2025-08-29 19:39:28 | INFO     | utils.logger:strategy:103 - STRATEGY: Enhanced Momentum Strategy | NEUTRAL | AMZN | {'strength': np.float64(-0.01586102357740004), 'rsi': np.float64(52.23265526882355), 'macd_histogram': np.float64(nan), 'adx': np.float64(9.341967036167873), 'confirmation_passed': False, 'cooldown_active': False}
2025-08-29 19:39:29 | INFO     | utils.logger:info:50 - Using yfinance fallback for NVDA data
2025-08-29 19:39:29 | INFO     | utils.logger:strategy:103 - STRATEGY: Enhanced Momentum Strategy | NEUTRAL | NVDA | {'strength': np.float64(-0.01510612905694387), 'rsi': np.float64(42.01971171727611), 'macd_histogram': np.float64(nan), 'adx': np.float64(19.96086698670587), 'confirmation_passed': False, 'cooldown_active': False}
2025-08-29 19:39:29 | INFO     | utils.logger:info:50 - Using yfinance fallback for AMD data
2025-08-29 19:39:29 | INFO     | utils.logger:strategy:103 - STRATEGY: Enhanced Momentum Strategy | NEUTRAL | AMD | {'strength': np.float64(-0.01752165490363405), 'rsi': np.float64(43.93850015131328), 'macd_histogram': np.float64(nan), 'adx': np.float64(12.400576271416295), 'confirmation_passed': False, 'cooldown_active': False}
2025-08-29 19:41:23 | INFO     | utils.logger:info:50 - Using yfinance fallback for AAPL data
2025-08-29 19:41:23 | INFO     | utils.logger:strategy:103 - STRATEGY: Enhanced Momentum Strategy | SELL | AAPL | {'strength': np.float64(-0.01831134769034013), 'rsi': np.float64(66.99123362356377), 'macd_histogram': np.float64(nan), 'adx': np.float64(29.98706472062788), 'confirmation_passed': True, 'cooldown_active': False}
2025-08-29 19:41:23 | INFO     | utils.logger:info:50 - Using yfinance fallback for MSFT data
2025-08-29 19:41:24 | INFO     | utils.logger:strategy:103 - STRATEGY: Enhanced Momentum Strategy | NEUTRAL | MSFT | {'strength': np.float64(-0.014629503421287262), 'rsi': np.float64(45.31045835470624), 'macd_histogram': np.float64(nan), 'adx': np.float64(16.206875285466474), 'confirmation_passed': False, 'cooldown_active': False}
2025-08-29 19:41:24 | INFO     | utils.logger:info:50 - Using yfinance fallback for GOOGL data
2025-08-29 19:41:24 | INFO     | utils.logger:strategy:103 - STRATEGY: Enhanced Momentum Strategy | SELL | GOOGL | {'strength': np.float64(-0.013634461585914309), 'rsi': np.float64(73.43033226469655), 'macd_histogram': np.float64(nan), 'adx': np.float64(41.49127686433009), 'confirmation_passed': True, 'cooldown_active': False}
2025-08-29 19:41:24 | INFO     | utils.logger:info:50 - Using yfinance fallback for TSLA data
2025-08-29 19:41:24 | INFO     | utils.logger:strategy:103 - STRATEGY: Enhanced Momentum Strategy | NEUTRAL | TSLA | {'strength': np.float64(-0.009992679051283922), 'rsi': np.float64(50.747881338237555), 'macd_histogram': np.float64(nan), 'adx': np.float64(7.68162562394135), 'confirmation_passed': False, 'cooldown_active': False}
2025-08-29 19:41:25 | INFO     | utils.logger:info:50 - Using yfinance fallback for AMZN data
2025-08-29 19:41:25 | INFO     | utils.logger:strategy:103 - STRATEGY: Enhanced Momentum Strategy | NEUTRAL | AMZN | {'strength': np.float64(-0.015768669532165124), 'rsi': np.float64(52.32669888417088), 'macd_histogram': np.float64(nan), 'adx': np.float64(9.341967036167873), 'confirmation_passed': False, 'cooldown_active': False}
2025-08-29 19:41:25 | INFO     | utils.logger:info:50 - Using yfinance fallback for NVDA data
2025-08-29 19:41:25 | INFO     | utils.logger:strategy:103 - STRATEGY: Enhanced Momentum Strategy | NEUTRAL | NVDA | {'strength': np.float64(-0.014787638760103312), 'rsi': np.float64(42.23473571826928), 'macd_histogram': np.float64(nan), 'adx': np.float64(19.96086698670587), 'confirmation_passed': False, 'cooldown_active': False}
2025-08-29 19:41:25 | INFO     | utils.logger:info:50 - Using yfinance fallback for AMD data
2025-08-29 19:41:26 | INFO     | utils.logger:strategy:103 - STRATEGY: Enhanced Momentum Strategy | NEUTRAL | AMD | {'strength': np.float64(-0.017414278020028713), 'rsi': np.float64(43.9812836902726), 'macd_histogram': np.float64(nan), 'adx': np.float64(12.400576271416295), 'confirmation_passed': False, 'cooldown_active': False}
2025-08-29 19:41:30 | INFO     | utils.logger:info:50 - Using yfinance fallback for AAPL data
2025-08-29 19:41:31 | INFO     | utils.logger:strategy:103 - STRATEGY: Enhanced Momentum Strategy | SELL | AAPL | {'strength': np.float64(-0.018375587150909325), 'rsi': np.float64(66.89385837590885), 'macd_histogram': np.float64(nan), 'adx': np.float64(29.98706472062788), 'confirmation_passed': True, 'cooldown_active': False}
2025-08-29 19:41:31 | INFO     | utils.logger:info:50 - Using yfinance fallback for MSFT data
2025-08-29 19:41:31 | INFO     | utils.logger:strategy:103 - STRATEGY: Enhanced Momentum Strategy | NEUTRAL | MSFT | {'strength': np.float64(-0.014631875700773051), 'rsi': np.float64(45.300871980089155), 'macd_histogram': np.float64(nan), 'adx': np.float64(16.206875285466474), 'confirmation_passed': False, 'cooldown_active': False}
2025-08-29 19:41:31 | INFO     | utils.logger:info:50 - Using yfinance fallback for GOOGL data
2025-08-29 19:41:31 | INFO     | utils.logger:strategy:103 - STRATEGY: Enhanced Momentum Strategy | SELL | GOOGL | {'strength': np.float64(-0.013654708871240439), 'rsi': np.float64(73.41923895150362), 'macd_histogram': np.float64(nan), 'adx': np.float64(41.49127686433009), 'confirmation_passed': True, 'cooldown_active': False}
2025-08-29 19:41:32 | INFO     | utils.logger:info:50 - Using yfinance fallback for TSLA data
2025-08-29 19:41:32 | INFO     | utils.logger:strategy:103 - STRATEGY: Enhanced Momentum Strategy | NEUTRAL | TSLA | {'strength': np.float64(-0.009959415996099267), 'rsi': np.float64(50.77779249430617), 'macd_histogram': np.float64(nan), 'adx': np.float64(7.68162562394135), 'confirmation_passed': False, 'cooldown_active': False}
2025-08-29 19:41:32 | INFO     | utils.logger:info:50 - Using yfinance fallback for AMZN data
2025-08-29 19:41:32 | INFO     | utils.logger:strategy:103 - STRATEGY: Enhanced Momentum Strategy | NEUTRAL | AMZN | {'strength': np.float64(-0.015743157010133048), 'rsi': np.float64(52.365039899185035), 'macd_histogram': np.float64(nan), 'adx': np.float64(9.341967036167873), 'confirmation_passed': False, 'cooldown_active': False}
2025-08-29 19:41:32 | INFO     | utils.logger:info:50 - Using yfinance fallback for NVDA data
2025-08-29 19:41:33 | INFO     | utils.logger:strategy:103 - STRATEGY: Enhanced Momentum Strategy | NEUTRAL | NVDA | {'strength': np.float64(-0.014784273506943377), 'rsi': np.float64(42.23487714593812), 'macd_histogram': np.float64(nan), 'adx': np.float64(19.96086698670587), 'confirmation_passed': False, 'cooldown_active': False}
2025-08-29 19:41:33 | INFO     | utils.logger:info:50 - Using yfinance fallback for AMD data
2025-08-29 19:41:33 | INFO     | utils.logger:strategy:103 - STRATEGY: Enhanced Momentum Strategy | NEUTRAL | AMD | {'strength': np.float64(-0.017371781962945764), 'rsi': np.float64(44.01062304382774), 'macd_histogram': np.float64(nan), 'adx': np.float64(12.400576271416295), 'confirmation_passed': False, 'cooldown_active': False}
2025-08-29 19:43:27 | INFO     | utils.logger:info:50 - Using yfinance fallback for AAPL data
2025-08-29 19:43:27 | INFO     | utils.logger:strategy:103 - STRATEGY: Enhanced Momentum Strategy | SELL | AAPL | {'strength': np.float64(-0.018527273702858126), 'rsi': np.float64(66.59143922443005), 'macd_histogram': np.float64(nan), 'adx': np.float64(29.98706472062788), 'confirmation_passed': True, 'cooldown_active': False}
2025-08-29 19:43:27 | INFO     | utils.logger:info:50 - Using yfinance fallback for MSFT data
2025-08-29 19:43:28 | INFO     | utils.logger:strategy:103 - STRATEGY: Enhanced Momentum Strategy | NEUTRAL | MSFT | {'strength': np.float64(-0.014644033637828293), 'rsi': np.float64(45.22894256958312), 'macd_histogram': np.float64(nan), 'adx': np.float64(16.206875285466474), 'confirmation_passed': False, 'cooldown_active': False}
2025-08-29 19:43:28 | INFO     | utils.logger:info:50 - Using yfinance fallback for GOOGL data
2025-08-29 19:43:28 | INFO     | utils.logger:strategy:103 - STRATEGY: Enhanced Momentum Strategy | SELL | GOOGL | {'strength': np.float64(-0.013720544998032264), 'rsi': np.float64(73.36359911631483), 'macd_histogram': np.float64(nan), 'adx': np.float64(41.49127686433009), 'confirmation_passed': True, 'cooldown_active': False}
2025-08-29 19:43:28 | INFO     | utils.logger:info:50 - Using yfinance fallback for TSLA data
2025-08-29 19:43:28 | INFO     | utils.logger:strategy:103 - STRATEGY: Enhanced Momentum Strategy | NEUTRAL | TSLA | {'strength': np.float64(-0.010024868015039901), 'rsi': np.float64(50.616885133321794), 'macd_histogram': np.float64(nan), 'adx': np.float64(7.68162562394135), 'confirmation_passed': False, 'cooldown_active': False}
2025-08-29 19:43:28 | INFO     | utils.logger:info:50 - Using yfinance fallback for AMZN data
2025-08-29 19:43:29 | INFO     | utils.logger:strategy:103 - STRATEGY: Enhanced Momentum Strategy | NEUTRAL | AMZN | {'strength': np.float64(-0.015748708109877458), 'rsi': np.float64(52.27963478376473), 'macd_histogram': np.float64(nan), 'adx': np.float64(9.341967036167873), 'confirmation_passed': False, 'cooldown_active': False}
2025-08-29 19:43:29 | INFO     | utils.logger:info:50 - Using yfinance fallback for NVDA data
2025-08-29 19:43:29 | INFO     | utils.logger:strategy:103 - STRATEGY: Enhanced Momentum Strategy | NEUTRAL | NVDA | {'strength': np.float64(-0.014825607794559605), 'rsi': np.float64(42.103827583664724), 'macd_histogram': np.float64(nan), 'adx': np.float64(19.96086698670587), 'confirmation_passed': False, 'cooldown_active': False}
2025-08-29 19:43:29 | INFO     | utils.logger:info:50 - Using yfinance fallback for AMD data
2025-08-29 19:43:29 | INFO     | utils.logger:strategy:103 - STRATEGY: Enhanced Momentum Strategy | NEUTRAL | AMD | {'strength': np.float64(-0.017589264065882754), 'rsi': np.float64(43.834262944338626), 'macd_histogram': np.float64(nan), 'adx': np.float64(12.400576271416295), 'confirmation_passed': False, 'cooldown_active': False}
2025-08-29 19:43:34 | INFO     | utils.logger:info:50 - Using yfinance fallback for AAPL data
2025-08-29 19:43:34 | INFO     | utils.logger:strategy:103 - STRATEGY: Enhanced Momentum Strategy | SELL | AAPL | {'strength': np.float64(-0.018627577448720012), 'rsi': np.float64(66.45371698183737), 'macd_histogram': np.float64(nan), 'adx': np.float64(29.98706472062788), 'confirmation_passed': True, 'cooldown_active': False}
2025-08-29 19:43:35 | INFO     | utils.logger:info:50 - Using yfinance fallback for MSFT data
2025-08-29 19:43:35 | INFO     | utils.logger:strategy:103 - STRATEGY: Enhanced Momentum Strategy | NEUTRAL | MSFT | {'strength': np.float64(-0.014675690586826494), 'rsi': np.float64(45.15727034255723), 'macd_histogram': np.float64(nan), 'adx': np.float64(16.206875285466474), 'confirmation_passed': False, 'cooldown_active': False}
2025-08-29 19:43:35 | INFO     | utils.logger:info:50 - Using yfinance fallback for GOOGL data
2025-08-29 19:43:35 | INFO     | utils.logger:strategy:103 - STRATEGY: Enhanced Momentum Strategy | SELL | GOOGL | {'strength': np.float64(-0.01376922198422736), 'rsi': np.float64(73.33570028172676), 'macd_histogram': np.float64(nan), 'adx': np.float64(41.49127686433009), 'confirmation_passed': True, 'cooldown_active': False}
2025-08-29 19:43:35 | INFO     | utils.logger:info:50 - Using yfinance fallback for TSLA data
2025-08-29 19:43:36 | INFO     | utils.logger:strategy:103 - STRATEGY: Enhanced Momentum Strategy | NEUTRAL | TSLA | {'strength': np.float64(-0.010041583954918871), 'rsi': np.float64(50.59806802524292), 'macd_histogram': np.float64(nan), 'adx': np.float64(7.68162562394135), 'confirmation_passed': False, 'cooldown_active': False}
2025-08-29 19:43:36 | INFO     | utils.logger:info:50 - Using yfinance fallback for AMZN data
2025-08-29 19:43:36 | INFO     | utils.logger:strategy:103 - STRATEGY: Enhanced Momentum Strategy | NEUTRAL | AMZN | {'strength': np.float64(-0.015766111609662334), 'rsi': np.float64(52.24829775989198), 'macd_histogram': np.float64(nan), 'adx': np.float64(9.341967036167873), 'confirmation_passed': False, 'cooldown_active': False}
2025-08-29 19:43:36 | INFO     | utils.logger:info:50 - Using yfinance fallback for NVDA data
2025-08-29 19:43:36 | INFO     | utils.logger:strategy:103 - STRATEGY: Enhanced Momentum Strategy | NEUTRAL | NVDA | {'strength': np.float64(-0.01482276458055658), 'rsi': np.float64(42.103827583664724), 'macd_histogram': np.float64(nan), 'adx': np.float64(19.96086698670587), 'confirmation_passed': False, 'cooldown_active': False}
2025-08-29 19:43:36 | INFO     | utils.logger:info:50 - Using yfinance fallback for AMD data
2025-08-29 19:43:37 | INFO     | utils.logger:strategy:103 - STRATEGY: Enhanced Momentum Strategy | NEUTRAL | AMD | {'strength': np.float64(-0.01757469188923263), 'rsi': np.float64(43.84371336503712), 'macd_histogram': np.float64(nan), 'adx': np.float64(12.400576271416295), 'confirmation_passed': False, 'cooldown_active': False}
2025-08-29 19:45:30 | INFO     | utils.logger:info:50 - Using yfinance fallback for AAPL data
2025-08-29 19:45:31 | INFO     | utils.logger:strategy:103 - STRATEGY: Enhanced Momentum Strategy | SELL | AAPL | {'strength': np.float64(-0.01832643938550546), 'rsi': np.float64(66.76750438335108), 'macd_histogram': np.float64(nan), 'adx': np.float64(29.98706472062788), 'confirmation_passed': True, 'cooldown_active': False}
2025-08-29 19:45:31 | INFO     | utils.logger:info:50 - Using yfinance fallback for MSFT data
2025-08-29 19:45:31 | INFO     | utils.logger:strategy:103 - STRATEGY: Enhanced Momentum Strategy | NEUTRAL | MSFT | {'strength': np.float64(-0.014619576153111729), 'rsi': np.float64(45.22415150156797), 'macd_histogram': np.float64(nan), 'adx': np.float64(16.206875285466474), 'confirmation_passed': False, 'cooldown_active': False}
2025-08-29 19:45:31 | INFO     | utils.logger:info:50 - Using yfinance fallback for GOOGL data
2025-08-29 19:45:32 | INFO     | utils.logger:strategy:103 - STRATEGY: Enhanced Momentum Strategy | SELL | GOOGL | {'strength': np.float64(-0.013387250340179376), 'rsi': np.float64(73.50225580645215), 'macd_histogram': np.float64(nan), 'adx': np.float64(41.49127686433009), 'confirmation_passed': True, 'cooldown_active': False}
2025-08-29 19:45:32 | INFO     | utils.logger:info:50 - Using yfinance fallback for TSLA data
2025-08-29 19:45:32 | INFO     | utils.logger:strategy:103 - STRATEGY: Enhanced Momentum Strategy | NEUTRAL | TSLA | {'strength': np.float64(-0.009570722041056776), 'rsi': np.float64(50.96438875041818), 'macd_histogram': np.float64(nan), 'adx': np.float64(7.68162562394135), 'confirmation_passed': False, 'cooldown_active': False}
2025-08-29 19:45:32 | INFO     | utils.logger:info:50 - Using yfinance fallback for AMZN data
2025-08-29 19:45:32 | INFO     | utils.logger:strategy:103 - STRATEGY: Enhanced Momentum Strategy | NEUTRAL | AMZN | {'strength': np.float64(-0.015601953103300975), 'rsi': np.float64(52.46840098877621), 'macd_histogram': np.float64(nan), 'adx': np.float64(9.341967036167873), 'confirmation_passed': False, 'cooldown_active': False}
2025-08-29 19:45:33 | INFO     | utils.logger:info:50 - Using yfinance fallback for NVDA data
2025-08-29 19:45:33 | INFO     | utils.logger:strategy:103 - STRATEGY: Enhanced Momentum Strategy | NEUTRAL | NVDA | {'strength': np.float64(-0.014435064341936865), 'rsi': np.float64(42.50681534206919), 'macd_histogram': np.float64(nan), 'adx': np.float64(19.96086698670587), 'confirmation_passed': False, 'cooldown_active': False}
2025-08-29 19:45:33 | INFO     | utils.logger:info:50 - Using yfinance fallback for AMD data
2025-08-29 19:45:33 | INFO     | utils.logger:strategy:103 - STRATEGY: Enhanced Momentum Strategy | NEUTRAL | AMD | {'strength': np.float64(-0.017220162624752004), 'rsi': np.float64(44.07188353073493), 'macd_histogram': np.float64(nan), 'adx': np.float64(12.400576271416295), 'confirmation_passed': False, 'cooldown_active': False}
2025-08-29 19:45:38 | INFO     | utils.logger:info:50 - Using yfinance fallback for AAPL data
2025-08-29 19:45:38 | INFO     | utils.logger:strategy:103 - STRATEGY: Enhanced Momentum Strategy | SELL | AAPL | {'strength': np.float64(-0.018278633835671198), 'rsi': np.float64(66.81799636571739), 'macd_histogram': np.float64(nan), 'adx': np.float64(29.98706472062788), 'confirmation_passed': True, 'cooldown_active': False}
2025-08-29 19:45:38 | INFO     | utils.logger:info:50 - Using yfinance fallback for MSFT data
2025-08-29 19:45:39 | INFO     | utils.logger:strategy:103 - STRATEGY: Enhanced Momentum Strategy | NEUTRAL | MSFT | {'strength': np.float64(-0.014605916656876508), 'rsi': np.float64(45.25288389688678), 'macd_histogram': np.float64(nan), 'adx': np.float64(16.206875285466474), 'confirmation_passed': False, 'cooldown_active': False}
2025-08-29 19:45:39 | INFO     | utils.logger:info:50 - Using yfinance fallback for GOOGL data
2025-08-29 19:45:39 | INFO     | utils.logger:strategy:103 - STRATEGY: Enhanced Momentum Strategy | SELL | GOOGL | {'strength': np.float64(-0.013350648231059295), 'rsi': np.float64(73.51879698964224), 'macd_histogram': np.float64(nan), 'adx': np.float64(41.49127686433009), 'confirmation_passed': True, 'cooldown_active': False}
2025-08-29 19:45:39 | INFO     | utils.logger:info:50 - Using yfinance fallback for TSLA data
2025-08-29 19:45:39 | INFO     | utils.logger:strategy:103 - STRATEGY: Enhanced Momentum Strategy | NEUTRAL | TSLA | {'strength': np.float64(-0.009597497200802154), 'rsi': np.float64(50.93258989085752), 'macd_histogram': np.float64(nan), 'adx': np.float64(7.68162562394135), 'confirmation_passed': False, 'cooldown_active': False}
2025-08-29 19:45:40 | INFO     | utils.logger:info:50 - Using yfinance fallback for AMZN data
2025-08-29 19:45:40 | INFO     | utils.logger:strategy:103 - STRATEGY: Enhanced Momentum Strategy | NEUTRAL | AMZN | {'strength': np.float64(-0.015587542958656534), 'rsi': np.float64(52.484185020777595), 'macd_histogram': np.float64(nan), 'adx': np.float64(9.341967036167873), 'confirmation_passed': False, 'cooldown_active': False}
2025-08-29 19:45:40 | INFO     | utils.logger:info:50 - Using yfinance fallback for NVDA data
2025-08-29 19:45:40 | INFO     | utils.logger:strategy:103 - STRATEGY: Enhanced Momentum Strategy | NEUTRAL | NVDA | {'strength': np.float64(-0.014475926291545538), 'rsi': np.float64(42.45211457380437), 'macd_histogram': np.float64(nan), 'adx': np.float64(19.96086698670587), 'confirmation_passed': False, 'cooldown_active': False}
2025-08-29 19:45:40 | INFO     | utils.logger:info:50 - Using yfinance fallback for AMD data
2025-08-29 19:45:41 | INFO     | utils.logger:strategy:103 - STRATEGY: Enhanced Momentum Strategy | NEUTRAL | AMD | {'strength': np.float64(-0.01720423485888094), 'rsi': np.float64(44.08258919378683), 'macd_histogram': np.float64(nan), 'adx': np.float64(12.400576271416295), 'confirmation_passed': False, 'cooldown_active': False}
2025-08-29 19:47:34 | INFO     | utils.logger:info:50 - Using yfinance fallback for AAPL data
2025-08-29 19:47:35 | INFO     | utils.logger:strategy:103 - STRATEGY: Enhanced Momentum Strategy | SELL | AAPL | {'strength': np.float64(-0.018009057523177018), 'rsi': np.float64(67.05654101661452), 'macd_histogram': np.float64(nan), 'adx': np.float64(29.98706472062788), 'confirmation_passed': True, 'cooldown_active': False}
2025-08-29 19:47:35 | INFO     | utils.logger:info:50 - Using yfinance fallback for MSFT data
2025-08-29 19:47:35 | INFO     | utils.logger:strategy:103 - STRATEGY: Enhanced Momentum Strategy | NEUTRAL | MSFT | {'strength': np.float64(-0.014584722588809114), 'rsi': np.float64(45.262391449670375), 'macd_histogram': np.float64(nan), 'adx': np.float64(16.206875285466474), 'confirmation_passed': False, 'cooldown_active': False}
2025-08-29 19:47:35 | INFO     | utils.logger:info:50 - Using yfinance fallback for GOOGL data
2025-08-29 19:47:35 | INFO     | utils.logger:strategy:103 - STRATEGY: Enhanced Momentum Strategy | SELL | GOOGL | {'strength': np.float64(-0.013311410112727703), 'rsi': np.float64(73.50777744001064), 'macd_histogram': np.float64(nan), 'adx': np.float64(41.49127686433009), 'confirmation_passed': True, 'cooldown_active': False}
2025-08-29 19:47:36 | INFO     | utils.logger:info:50 - Using yfinance fallback for TSLA data
2025-08-29 19:47:36 | INFO     | utils.logger:strategy:103 - STRATEGY: Enhanced Momentum Strategy | NEUTRAL | TSLA | {'strength': np.float64(-0.009871356166469723), 'rsi': np.float64(50.59494914489673), 'macd_histogram': np.float64(nan), 'adx': np.float64(7.68162562394135), 'confirmation_passed': False, 'cooldown_active': False}
2025-08-29 19:47:36 | INFO     | utils.logger:info:50 - Using yfinance fallback for AMZN data
2025-08-29 19:47:36 | INFO     | utils.logger:strategy:103 - STRATEGY: Enhanced Momentum Strategy | NEUTRAL | AMZN | {'strength': np.float64(-0.015642874273574314), 'rsi': np.float64(52.34035997139459), 'macd_histogram': np.float64(nan), 'adx': np.float64(9.341967036167873), 'confirmation_passed': False, 'cooldown_active': False}
2025-08-29 19:47:36 | INFO     | utils.logger:info:50 - Using yfinance fallback for NVDA data
2025-08-29 19:47:37 | INFO     | utils.logger:strategy:103 - STRATEGY: Enhanced Momentum Strategy | NEUTRAL | NVDA | {'strength': np.float64(-0.014334525614464114), 'rsi': np.float64(42.56948626851618), 'macd_histogram': np.float64(nan), 'adx': np.float64(19.96086698670587), 'confirmation_passed': False, 'cooldown_active': False}
2025-08-29 19:47:37 | INFO     | utils.logger:info:50 - Using yfinance fallback for AMD data
2025-08-29 19:47:37 | INFO     | utils.logger:strategy:103 - STRATEGY: Enhanced Momentum Strategy | NEUTRAL | AMD | {'strength': np.float64(-0.017235715334228206), 'rsi': np.float64(44.038458182950315), 'macd_histogram': np.float64(nan), 'adx': np.float64(12.400576271416295), 'confirmation_passed': False, 'cooldown_active': False}
2025-08-29 19:47:42 | INFO     | utils.logger:info:50 - Using yfinance fallback for AAPL data
2025-08-29 19:47:42 | INFO     | utils.logger:strategy:103 - STRATEGY: Enhanced Momentum Strategy | SELL | AAPL | {'strength': np.float64(-0.018010633650803128), 'rsi': np.float64(67.04610035336856), 'macd_histogram': np.float64(nan), 'adx': np.float64(29.98706472062788), 'confirmation_passed': True, 'cooldown_active': False}
2025-08-29 19:47:42 | INFO     | utils.logger:info:50 - Using yfinance fallback for MSFT data
2025-08-29 19:47:42 | INFO     | utils.logger:strategy:103 - STRATEGY: Enhanced Momentum Strategy | NEUTRAL | MSFT | {'strength': np.float64(-0.014569169868759967), 'rsi': np.float64(45.28645608453543), 'macd_histogram': np.float64(nan), 'adx': np.float64(16.206875285466474), 'confirmation_passed': False, 'cooldown_active': False}
2025-08-29 19:47:43 | INFO     | utils.logger:info:50 - Using yfinance fallback for GOOGL data
2025-08-29 19:47:43 | INFO     | utils.logger:strategy:103 - STRATEGY: Enhanced Momentum Strategy | SELL | GOOGL | {'strength': np.float64(-0.01334913546777895), 'rsi': np.float64(73.48569394582111), 'macd_histogram': np.float64(nan), 'adx': np.float64(41.49127686433009), 'confirmation_passed': True, 'cooldown_active': False}
2025-08-29 19:47:43 | INFO     | utils.logger:info:50 - Using yfinance fallback for TSLA data
2025-08-29 19:47:43 | INFO     | utils.logger:strategy:103 - STRATEGY: Enhanced Momentum Strategy | NEUTRAL | TSLA | {'strength': np.float64(-0.009931493557823527), 'rsi': np.float64(50.532327723646034), 'macd_histogram': np.float64(nan), 'adx': np.float64(7.68162562394135), 'confirmation_passed': False, 'cooldown_active': False}
2025-08-29 19:47:43 | INFO     | utils.logger:info:50 - Using yfinance fallback for AMZN data
2025-08-29 19:47:44 | INFO     | utils.logger:strategy:103 - STRATEGY: Enhanced Momentum Strategy | NEUTRAL | AMZN | {'strength': np.float64(-0.015664608190248595), 'rsi': np.float64(52.30315624651354), 'macd_histogram': np.float64(nan), 'adx': np.float64(9.341967036167873), 'confirmation_passed': False, 'cooldown_active': False}
2025-08-29 19:47:44 | INFO     | utils.logger:info:50 - Using yfinance fallback for NVDA data
2025-08-29 19:47:44 | INFO     | utils.logger:strategy:103 - STRATEGY: Enhanced Momentum Strategy | NEUTRAL | NVDA | {'strength': np.float64(-0.014418489447806873), 'rsi': np.float64(42.4599033315794), 'macd_histogram': np.float64(nan), 'adx': np.float64(19.96086698670587), 'confirmation_passed': False, 'cooldown_active': False}
2025-08-29 19:47:44 | INFO     | utils.logger:info:50 - Using yfinance fallback for AMD data
2025-08-29 19:47:44 | INFO     | utils.logger:strategy:103 - STRATEGY: Enhanced Momentum Strategy | NEUTRAL | AMD | {'strength': np.float64(-0.017283345365983534), 'rsi': np.float64(44.001463918625795), 'macd_histogram': np.float64(nan), 'adx': np.float64(12.400576271416295), 'confirmation_passed': False, 'cooldown_active': False}
2025-08-29 19:49:38 | INFO     | utils.logger:info:50 - Using yfinance fallback for AAPL data
2025-08-29 19:49:39 | INFO     | utils.logger:strategy:103 - STRATEGY: Enhanced Momentum Strategy | SELL | AAPL | {'strength': np.float64(-0.017993353524124362), 'rsi': np.float64(66.91920978057883), 'macd_histogram': np.float64(nan), 'adx': np.float64(29.98706472062788), 'confirmation_passed': True, 'cooldown_active': False}
2025-08-29 19:49:39 | INFO     | utils.logger:info:50 - Using yfinance fallback for MSFT data
2025-08-29 19:49:39 | INFO     | utils.logger:strategy:103 - STRATEGY: Enhanced Momentum Strategy | NEUTRAL | MSFT | {'strength': np.float64(-0.01450191041378601), 'rsi': np.float64(45.35856868930543), 'macd_histogram': np.float64(nan), 'adx': np.float64(16.206875285466474), 'confirmation_passed': False, 'cooldown_active': False}
2025-08-29 19:49:39 | INFO     | utils.logger:info:50 - Using yfinance fallback for GOOGL data
2025-08-29 19:49:39 | INFO     | utils.logger:strategy:103 - STRATEGY: Enhanced Momentum Strategy | SELL | GOOGL | {'strength': np.float64(-0.013002464505008407), 'rsi': np.float64(73.61674403783823), 'macd_histogram': np.float64(nan), 'adx': np.float64(41.49127686433009), 'confirmation_passed': True, 'cooldown_active': False}
2025-08-29 19:49:39 | INFO     | utils.logger:info:50 - Using yfinance fallback for TSLA data
2025-08-29 19:49:40 | INFO     | utils.logger:strategy:103 - STRATEGY: Enhanced Momentum Strategy | NEUTRAL | TSLA | {'strength': np.float64(-0.009654904228588742), 'rsi': np.float64(50.73949020696469), 'macd_histogram': np.float64(nan), 'adx': np.float64(7.68162562394135), 'confirmation_passed': False, 'cooldown_active': False}
2025-08-29 19:49:40 | INFO     | utils.logger:info:50 - Using yfinance fallback for AMZN data
2025-08-29 19:49:40 | INFO     | utils.logger:strategy:103 - STRATEGY: Enhanced Momentum Strategy | NEUTRAL | AMZN | {'strength': np.float64(-0.015515691279042036), 'rsi': np.float64(52.484185020777595), 'macd_histogram': np.float64(nan), 'adx': np.float64(9.341967036167873), 'confirmation_passed': False, 'cooldown_active': False}
2025-08-29 19:49:40 | INFO     | utils.logger:info:50 - Using yfinance fallback for NVDA data
2025-08-29 19:49:40 | INFO     | utils.logger:strategy:103 - STRATEGY: Enhanced Momentum Strategy | NEUTRAL | NVDA | {'strength': np.float64(-0.014193612660674666), 'rsi': np.float64(42.663851953844784), 'macd_histogram': np.float64(nan), 'adx': np.float64(19.96086698670587), 'confirmation_passed': False, 'cooldown_active': False}
2025-08-29 19:49:41 | INFO     | utils.logger:info:50 - Using yfinance fallback for AMD data
2025-08-29 19:49:41 | INFO     | utils.logger:strategy:103 - STRATEGY: Enhanced Momentum Strategy | NEUTRAL | AMD | {'strength': np.float64(-0.017206084331107093), 'rsi': np.float64(44.02425248037329), 'macd_histogram': np.float64(nan), 'adx': np.float64(12.400576271416295), 'confirmation_passed': False, 'cooldown_active': False}
2025-08-29 19:49:45 | INFO     | utils.logger:info:50 - Using yfinance fallback for AAPL data
2025-08-29 19:49:46 | INFO     | utils.logger:strategy:103 - STRATEGY: Enhanced Momentum Strategy | SELL | AAPL | {'strength': np.float64(-0.018026910829882708), 'rsi': np.float64(66.86856477357671), 'macd_histogram': np.float64(nan), 'adx': np.float64(29.98706472062788), 'confirmation_passed': True, 'cooldown_active': False}
2025-08-29 19:49:46 | INFO     | utils.logger:info:50 - Using yfinance fallback for MSFT data
2025-08-29 19:49:46 | INFO     | utils.logger:strategy:103 - STRATEGY: Enhanced Momentum Strategy | NEUTRAL | MSFT | {'strength': np.float64(-0.014478946555543961), 'rsi': np.float64(45.401923041371155), 'macd_histogram': np.float64(nan), 'adx': np.float64(16.206875285466474), 'confirmation_passed': False, 'cooldown_active': False}
2025-08-29 19:49:46 | INFO     | utils.logger:info:50 - Using yfinance fallback for GOOGL data
2025-08-29 19:49:47 | INFO     | utils.logger:strategy:103 - STRATEGY: Enhanced Momentum Strategy | SELL | GOOGL | {'strength': np.float64(-0.012909865920634396), 'rsi': np.float64(73.66130458281259), 'macd_histogram': np.float64(nan), 'adx': np.float64(41.49127686433009), 'confirmation_passed': True, 'cooldown_active': False}
2025-08-29 19:49:47 | INFO     | utils.logger:info:50 - Using yfinance fallback for TSLA data
2025-08-29 19:49:47 | INFO     | utils.logger:strategy:103 - STRATEGY: Enhanced Momentum Strategy | NEUTRAL | TSLA | {'strength': np.float64(-0.009704337190918452), 'rsi': np.float64(50.68916322646052), 'macd_histogram': np.float64(nan), 'adx': np.float64(7.68162562394135), 'confirmation_passed': False, 'cooldown_active': False}
2025-08-29 19:49:47 | INFO     | utils.logger:info:50 - Using yfinance fallback for AMZN data
2025-08-29 19:49:47 | INFO     | utils.logger:strategy:103 - STRATEGY: Enhanced Momentum Strategy | NEUTRAL | AMZN | {'strength': np.float64(-0.015463762206500049), 'rsi': np.float64(52.563296199765766), 'macd_histogram': np.float64(nan), 'adx': np.float64(9.341967036167873), 'confirmation_passed': False, 'cooldown_active': False}
2025-08-29 19:49:48 | INFO     | utils.logger:info:50 - Using yfinance fallback for NVDA data
2025-08-29 19:49:48 | INFO     | utils.logger:strategy:103 - STRATEGY: Enhanced Momentum Strategy | NEUTRAL | NVDA | {'strength': np.float64(-0.01417161652033205), 'rsi': np.float64(42.687508781623606), 'macd_histogram': np.float64(nan), 'adx': np.float64(19.96086698670587), 'confirmation_passed': False, 'cooldown_active': False}
2025-08-29 19:49:48 | INFO     | utils.logger:info:50 - Using yfinance fallback for AMD data
2025-08-29 19:49:48 | INFO     | utils.logger:strategy:103 - STRATEGY: Enhanced Momentum Strategy | NEUTRAL | AMD | {'strength': np.float64(-0.01717622913166645), 'rsi': np.float64(44.04323428894986), 'macd_histogram': np.float64(nan), 'adx': np.float64(12.400576271416295), 'confirmation_passed': False, 'cooldown_active': False}
2025-08-29 19:51:42 | INFO     | utils.logger:info:50 - Using yfinance fallback for AAPL data
2025-08-29 19:51:42 | INFO     | utils.logger:strategy:103 - STRATEGY: Enhanced Momentum Strategy | SELL | AAPL | {'strength': np.float64(-0.017884137958966165), 'rsi': np.float64(66.8693368141981), 'macd_histogram': np.float64(nan), 'adx': np.float64(29.98706472062788), 'confirmation_passed': True, 'cooldown_active': False}
2025-08-29 19:51:43 | INFO     | utils.logger:info:50 - Using yfinance fallback for MSFT data
2025-08-29 19:51:43 | INFO     | utils.logger:strategy:103 - STRATEGY: Enhanced Momentum Strategy | NEUTRAL | MSFT | {'strength': np.float64(-0.014246880978214378), 'rsi': np.float64(45.82548770846629), 'macd_histogram': np.float64(nan), 'adx': np.float64(16.206875285466474), 'confirmation_passed': False, 'cooldown_active': False}
2025-08-29 19:51:43 | INFO     | utils.logger:info:50 - Using yfinance fallback for GOOGL data
2025-08-29 19:51:43 | INFO     | utils.logger:strategy:103 - STRATEGY: Enhanced Momentum Strategy | SELL | GOOGL | {'strength': np.float64(-0.012615836653428273), 'rsi': np.float64(73.7644760385112), 'macd_histogram': np.float64(nan), 'adx': np.float64(41.49127686433009), 'confirmation_passed': True, 'cooldown_active': False}
2025-08-29 19:51:43 | INFO     | utils.logger:info:50 - Using yfinance fallback for TSLA data
2025-08-29 19:51:44 | INFO     | utils.logger:strategy:103 - STRATEGY: Enhanced Momentum Strategy | NEUTRAL | TSLA | {'strength': np.float64(-0.009522064309391178), 'rsi': np.float64(50.821653954180945), 'macd_histogram': np.float64(nan), 'adx': np.float64(7.68162562394135), 'confirmation_passed': False, 'cooldown_active': False}
2025-08-29 19:51:44 | INFO     | utils.logger:info:50 - Using yfinance fallback for AMZN data
2025-08-29 19:51:44 | INFO     | utils.logger:strategy:103 - STRATEGY: Enhanced Momentum Strategy | NEUTRAL | AMZN | {'strength': np.float64(-0.015390353162364461), 'rsi': np.float64(52.62676676033167), 'macd_histogram': np.float64(nan), 'adx': np.float64(9.341967036167873), 'confirmation_passed': False, 'cooldown_active': False}
2025-08-29 19:51:44 | INFO     | utils.logger:info:50 - Using yfinance fallback for NVDA data
2025-08-29 19:51:44 | INFO     | utils.logger:strategy:103 - STRATEGY: Enhanced Momentum Strategy | NEUTRAL | NVDA | {'strength': np.float64(-0.014184426479277049), 'rsi': np.float64(42.608746529401294), 'macd_histogram': np.float64(nan), 'adx': np.float64(19.96086698670587), 'confirmation_passed': False, 'cooldown_active': False}
2025-08-29 19:51:44 | INFO     | utils.logger:info:50 - Using yfinance fallback for AMD data
2025-08-29 19:51:45 | INFO     | utils.logger:strategy:103 - STRATEGY: Enhanced Momentum Strategy | NEUTRAL | AMD | {'strength': np.float64(-0.016983485390808056), 'rsi': np.float64(44.148468919269774), 'macd_histogram': np.float64(nan), 'adx': np.float64(12.400576271416295), 'confirmation_passed': False, 'cooldown_active': False}
2025-08-29 19:51:49 | INFO     | utils.logger:info:50 - Using yfinance fallback for AAPL data
2025-08-29 19:51:50 | INFO     | utils.logger:strategy:103 - STRATEGY: Enhanced Momentum Strategy | SELL | AAPL | {'strength': np.float64(-0.017843731270884382), 'rsi': np.float64(66.91920978057883), 'macd_histogram': np.float64(nan), 'adx': np.float64(29.98706472062788), 'confirmation_passed': True, 'cooldown_active': False}
2025-08-29 19:51:50 | INFO     | utils.logger:info:50 - Using yfinance fallback for MSFT data
2025-08-29 19:51:50 | INFO     | utils.logger:strategy:103 - STRATEGY: Enhanced Momentum Strategy | NEUTRAL | MSFT | {'strength': np.float64(-0.01422578183969536), 'rsi': np.float64(45.86976971609858), 'macd_histogram': np.float64(nan), 'adx': np.float64(16.206875285466474), 'confirmation_passed': False, 'cooldown_active': False}
2025-08-29 19:51:50 | INFO     | utils.logger:info:50 - Using yfinance fallback for GOOGL data
2025-08-29 19:51:50 | INFO     | utils.logger:strategy:103 - STRATEGY: Enhanced Momentum Strategy | SELL | GOOGL | {'strength': np.float64(-0.01256337173955848), 'rsi': np.float64(73.78609777393433), 'macd_histogram': np.float64(nan), 'adx': np.float64(41.49127686433009), 'confirmation_passed': True, 'cooldown_active': False}
2025-08-29 19:51:51 | INFO     | utils.logger:info:50 - Using yfinance fallback for TSLA data
2025-08-29 19:51:51 | INFO     | utils.logger:strategy:103 - STRATEGY: Enhanced Momentum Strategy | NEUTRAL | TSLA | {'strength': np.float64(-0.009486064623978817), 'rsi': np.float64(50.85329507081902), 'macd_histogram': np.float64(nan), 'adx': np.float64(7.68162562394135), 'confirmation_passed': False, 'cooldown_active': False}
2025-08-29 19:51:51 | INFO     | utils.logger:info:50 - Using yfinance fallback for AMZN data
2025-08-29 19:51:51 | INFO     | utils.logger:strategy:103 - STRATEGY: Enhanced Momentum Strategy | NEUTRAL | AMZN | {'strength': np.float64(-0.015378521267914395), 'rsi': np.float64(52.64264623267327), 'macd_histogram': np.float64(nan), 'adx': np.float64(9.341967036167873), 'confirmation_passed': False, 'cooldown_active': False}
2025-08-29 19:51:51 | INFO     | utils.logger:info:50 - Using yfinance fallback for NVDA data
2025-08-29 19:51:52 | INFO     | utils.logger:strategy:103 - STRATEGY: Enhanced Momentum Strategy | NEUTRAL | NVDA | {'strength': np.float64(-0.014125834708748845), 'rsi': np.float64(42.67963630482582), 'macd_histogram': np.float64(nan), 'adx': np.float64(19.96086698670587), 'confirmation_passed': False, 'cooldown_active': False}
2025-08-29 19:51:52 | INFO     | utils.logger:info:50 - Using yfinance fallback for AMD data
2025-08-29 19:51:52 | INFO     | utils.logger:strategy:103 - STRATEGY: Enhanced Momentum Strategy | NEUTRAL | AMD | {'strength': np.float64(-0.01691641173891676), 'rsi': np.float64(44.1964719319145), 'macd_histogram': np.float64(nan), 'adx': np.float64(12.400576271416295), 'confirmation_passed': False, 'cooldown_active': False}
2025-08-29 19:53:46 | INFO     | utils.logger:info:50 - Using yfinance fallback for AAPL data
2025-08-29 19:53:46 | INFO     | utils.logger:strategy:103 - STRATEGY: Enhanced Momentum Strategy | SELL | AAPL | {'strength': np.float64(-0.017469120744679094), 'rsi': np.float64(67.2732274245217), 'macd_histogram': np.float64(nan), 'adx': np.float64(29.98706472062788), 'confirmation_passed': True, 'cooldown_active': False}
2025-08-29 19:53:46 | INFO     | utils.logger:info:50 - Using yfinance fallback for MSFT data
2025-08-29 19:53:47 | INFO     | utils.logger:strategy:103 - STRATEGY: Enhanced Momentum Strategy | NEUTRAL | MSFT | {'strength': np.float64(-0.014145815976932659), 'rsi': np.float64(45.98328100011252), 'macd_histogram': np.float64(nan), 'adx': np.float64(16.206875285466474), 'confirmation_passed': False, 'cooldown_active': False}
2025-08-29 19:53:47 | INFO     | utils.logger:info:50 - Using yfinance fallback for GOOGL data
2025-08-29 19:53:47 | INFO     | utils.logger:strategy:103 - STRATEGY: Enhanced Momentum Strategy | SELL | GOOGL | {'strength': np.float64(-0.012142380800447565), 'rsi': np.float64(73.92040177625948), 'macd_histogram': np.float64(nan), 'adx': np.float64(41.49193579378629), 'confirmation_passed': True, 'cooldown_active': False}
2025-08-29 19:53:47 | INFO     | utils.logger:info:50 - Using yfinance fallback for TSLA data
2025-08-29 19:53:47 | INFO     | utils.logger:strategy:103 - STRATEGY: Enhanced Momentum Strategy | NEUTRAL | TSLA | {'strength': np.float64(-0.009391364122580412), 'rsi': np.float64(50.884994964011504), 'macd_histogram': np.float64(nan), 'adx': np.float64(7.68162562394135), 'confirmation_passed': False, 'cooldown_active': False}
2025-08-29 19:53:48 | INFO     | utils.logger:info:50 - Using yfinance fallback for AMZN data
2025-08-29 19:53:48 | INFO     | utils.logger:strategy:103 - STRATEGY: Enhanced Momentum Strategy | NEUTRAL | AMZN | {'strength': np.float64(-0.015342333574258375), 'rsi': np.float64(52.610872643546855), 'macd_histogram': np.float64(nan), 'adx': np.float64(9.341967036167873), 'confirmation_passed': False, 'cooldown_active': False}
2025-08-29 19:53:48 | INFO     | utils.logger:info:50 - Using yfinance fallback for NVDA data
2025-08-29 19:53:48 | INFO     | utils.logger:strategy:103 - STRATEGY: Enhanced Momentum Strategy | NEUTRAL | NVDA | {'strength': np.float64(-0.014123270946212851), 'rsi': np.float64(42.61661687292047), 'macd_histogram': np.float64(nan), 'adx': np.float64(19.96086698670587), 'confirmation_passed': False, 'cooldown_active': False}
2025-08-29 19:53:48 | INFO     | utils.logger:info:50 - Using yfinance fallback for AMD data
2025-08-29 19:53:49 | INFO     | utils.logger:strategy:103 - STRATEGY: Enhanced Momentum Strategy | NEUTRAL | AMD | {'strength': np.float64(-0.016680938206248257), 'rsi': np.float64(44.30244099328592), 'macd_histogram': np.float64(nan), 'adx': np.float64(12.400576271416295), 'confirmation_passed': False, 'cooldown_active': False}
2025-08-29 19:53:53 | INFO     | utils.logger:info:50 - Using yfinance fallback for AAPL data
2025-08-29 19:53:53 | INFO     | utils.logger:strategy:103 - STRATEGY: Enhanced Momentum Strategy | SELL | AAPL | {'strength': np.float64(-0.01742894847523655), 'rsi': np.float64(67.3142370513536), 'macd_histogram': np.float64(nan), 'adx': np.float64(29.98706472062788), 'confirmation_passed': True, 'cooldown_active': False}
2025-08-29 19:53:53 | INFO     | utils.logger:info:50 - Using yfinance fallback for MSFT data
2025-08-29 19:53:54 | INFO     | utils.logger:strategy:103 - STRATEGY: Enhanced Momentum Strategy | NEUTRAL | MSFT | {'strength': np.float64(-0.014127561789595611), 'rsi': np.float64(46.02142453999415), 'macd_histogram': np.float64(nan), 'adx': np.float64(16.206875285466474), 'confirmation_passed': False, 'cooldown_active': False}
2025-08-29 19:53:54 | INFO     | utils.logger:info:50 - Using yfinance fallback for GOOGL data
2025-08-29 19:53:54 | INFO     | utils.logger:strategy:103 - STRATEGY: Enhanced Momentum Strategy | SELL | GOOGL | {'strength': np.float64(-0.012181755987436975), 'rsi': np.float64(73.89900111681797), 'macd_histogram': np.float64(nan), 'adx': np.float64(41.49193579378629), 'confirmation_passed': True, 'cooldown_active': False}
2025-08-29 19:53:54 | INFO     | utils.logger:info:50 - Using yfinance fallback for TSLA data
2025-08-29 19:53:54 | INFO     | utils.logger:strategy:103 - STRATEGY: Enhanced Momentum Strategy | NEUTRAL | TSLA | {'strength': np.float64(-0.009344007065312796), 'rsi': np.float64(50.92656054070285), 'macd_histogram': np.float64(nan), 'adx': np.float64(7.68162562394135), 'confirmation_passed': False, 'cooldown_active': False}
2025-08-29 19:53:55 | INFO     | utils.logger:info:50 - Using yfinance fallback for AMZN data
2025-08-29 19:53:55 | INFO     | utils.logger:strategy:103 - STRATEGY: Enhanced Momentum Strategy | NEUTRAL | AMZN | {'strength': np.float64(-0.01534874330009051), 'rsi': np.float64(52.595012331319516), 'macd_histogram': np.float64(nan), 'adx': np.float64(9.341967036167873), 'confirmation_passed': False, 'cooldown_active': False}
2025-08-29 19:53:55 | INFO     | utils.logger:info:50 - Using yfinance fallback for NVDA data
2025-08-29 19:53:55 | INFO     | utils.logger:strategy:103 - STRATEGY: Enhanced Momentum Strategy | NEUTRAL | NVDA | {'strength': np.float64(-0.014108642895770972), 'rsi': np.float64(42.632342268549934), 'macd_histogram': np.float64(nan), 'adx': np.float64(19.96086698670587), 'confirmation_passed': False, 'cooldown_active': False}
2025-08-29 19:53:55 | INFO     | utils.logger:info:50 - Using yfinance fallback for AMD data
2025-08-29 19:53:56 | INFO     | utils.logger:strategy:103 - STRATEGY: Enhanced Momentum Strategy | NEUTRAL | AMD | {'strength': np.float64(-0.016653484464806263), 'rsi': np.float64(44.31693003442124), 'macd_histogram': np.float64(nan), 'adx': np.float64(12.400576271416295), 'confirmation_passed': False, 'cooldown_active': False}
2025-08-29 19:55:50 | INFO     | utils.logger:info:50 - Using yfinance fallback for AAPL data
2025-08-29 19:55:50 | INFO     | utils.logger:strategy:103 - STRATEGY: Enhanced Momentum Strategy | SELL | AAPL | {'strength': np.float64(-0.017399022529479828), 'rsi': np.float64(67.25045720605388), 'macd_histogram': np.float64(nan), 'adx': np.float64(29.98706472062788), 'confirmation_passed': True, 'cooldown_active': False}
2025-08-29 19:55:50 | INFO     | utils.logger:info:50 - Using yfinance fallback for MSFT data
2025-08-29 19:55:51 | INFO     | utils.logger:strategy:103 - STRATEGY: Enhanced Momentum Strategy | NEUTRAL | MSFT | {'strength': np.float64(-0.014057164646180566), 'rsi': np.float64(46.122255631296085), 'macd_histogram': np.float64(nan), 'adx': np.float64(16.206875285466474), 'confirmation_passed': False, 'cooldown_active': False}
2025-08-29 19:55:51 | INFO     | utils.logger:info:50 - Using yfinance fallback for GOOGL data
2025-08-29 19:55:51 | INFO     | utils.logger:strategy:103 - STRATEGY: Enhanced Momentum Strategy | SELL | GOOGL | {'strength': np.float64(-0.012249181484572082), 'rsi': np.float64(73.82382963947724), 'macd_histogram': np.float64(nan), 'adx': np.float64(41.49193579378629), 'confirmation_passed': True, 'cooldown_active': False}
2025-08-29 19:55:51 | INFO     | utils.logger:info:50 - Using yfinance fallback for TSLA data
2025-08-29 19:55:51 | INFO     | utils.logger:strategy:103 - STRATEGY: Enhanced Momentum Strategy | NEUTRAL | TSLA | {'strength': np.float64(-0.009546995541503372), 'rsi': np.float64(50.68286497301252), 'macd_histogram': np.float64(nan), 'adx': np.float64(7.68162562394135), 'confirmation_passed': False, 'cooldown_active': False}
2025-08-29 19:55:51 | INFO     | utils.logger:info:50 - Using yfinance fallback for AMZN data
2025-08-29 19:55:52 | INFO     | utils.logger:strategy:103 - STRATEGY: Enhanced Momentum Strategy | NEUTRAL | AMZN | {'strength': np.float64(-0.015302716099165746), 'rsi': np.float64(52.6188185016893), 'macd_histogram': np.float64(nan), 'adx': np.float64(9.341967036167873), 'confirmation_passed': False, 'cooldown_active': False}
2025-08-29 19:55:52 | INFO     | utils.logger:info:50 - Using yfinance fallback for NVDA data
2025-08-29 19:55:52 | INFO     | utils.logger:strategy:103 - STRATEGY: Enhanced Momentum Strategy | NEUTRAL | NVDA | {'strength': np.float64(-0.01417506602116106), 'rsi': np.float64(42.483358311004274), 'macd_histogram': np.float64(nan), 'adx': np.float64(19.96086698670587), 'confirmation_passed': False, 'cooldown_active': False}
2025-08-29 19:55:52 | INFO     | utils.logger:info:50 - Using yfinance fallback for AMD data
2025-08-29 19:55:52 | INFO     | utils.logger:strategy:103 - STRATEGY: Enhanced Momentum Strategy | NEUTRAL | AMD | {'strength': np.float64(-0.01675703240501652), 'rsi': np.float64(44.20137038109851), 'macd_histogram': np.float64(nan), 'adx': np.float64(12.400576271416295), 'confirmation_passed': False, 'cooldown_active': False}
2025-08-29 19:55:57 | INFO     | utils.logger:info:50 - Using yfinance fallback for AAPL data
2025-08-29 19:55:57 | INFO     | utils.logger:strategy:103 - STRATEGY: Enhanced Momentum Strategy | SELL | AAPL | {'strength': np.float64(-0.017358185728490724), 'rsi': np.float64(67.30140884122673), 'macd_histogram': np.float64(nan), 'adx': np.float64(29.98706472062788), 'confirmation_passed': True, 'cooldown_active': False}
2025-08-29 19:55:57 | INFO     | utils.logger:info:50 - Using yfinance fallback for MSFT data
2025-08-29 19:55:57 | INFO     | utils.logger:strategy:103 - STRATEGY: Enhanced Momentum Strategy | NEUTRAL | MSFT | {'strength': np.float64(-0.014081251926934128), 'rsi': np.float64(46.05266346886871), 'macd_histogram': np.float64(nan), 'adx': np.float64(16.206875285466474), 'confirmation_passed': False, 'cooldown_active': False}
2025-08-29 19:55:58 | INFO     | utils.logger:info:50 - Using yfinance fallback for GOOGL data
2025-08-29 19:55:58 | INFO     | utils.logger:strategy:103 - STRATEGY: Enhanced Momentum Strategy | SELL | GOOGL | {'strength': np.float64(-0.012235299228865196), 'rsi': np.float64(73.82921807996162), 'macd_histogram': np.float64(nan), 'adx': np.float64(41.49193579378629), 'confirmation_passed': True, 'cooldown_active': False}
2025-08-29 19:55:58 | INFO     | utils.logger:info:50 - Using yfinance fallback for TSLA data
2025-08-29 19:55:58 | INFO     | utils.logger:strategy:103 - STRATEGY: Enhanced Momentum Strategy | NEUTRAL | TSLA | {'strength': np.float64(-0.009579491324860231), 'rsi': np.float64(50.650495923127615), 'macd_histogram': np.float64(nan), 'adx': np.float64(7.68162562394135), 'confirmation_passed': False, 'cooldown_active': False}
2025-08-29 19:55:58 | INFO     | utils.logger:info:50 - Using yfinance fallback for AMZN data
2025-08-29 19:55:59 | INFO     | utils.logger:strategy:103 - STRATEGY: Enhanced Momentum Strategy | NEUTRAL | AMZN | {'strength': np.float64(-0.015315284371801748), 'rsi': np.float64(52.595012331319516), 'macd_histogram': np.float64(nan), 'adx': np.float64(9.341967036167873), 'confirmation_passed': False, 'cooldown_active': False}
2025-08-29 19:55:59 | INFO     | utils.logger:info:50 - Using yfinance fallback for NVDA data
2025-08-29 19:55:59 | INFO     | utils.logger:strategy:103 - STRATEGY: Enhanced Momentum Strategy | NEUTRAL | NVDA | {'strength': np.float64(-0.014210693940223711), 'rsi': np.float64(42.43649803369146), 'macd_histogram': np.float64(nan), 'adx': np.float64(19.96086698670587), 'confirmation_passed': False, 'cooldown_active': False}
2025-08-29 19:55:59 | INFO     | utils.logger:info:50 - Using yfinance fallback for AMD data
2025-08-29 19:55:59 | INFO     | utils.logger:strategy:103 - STRATEGY: Enhanced Momentum Strategy | NEUTRAL | AMD | {'strength': np.float64(-0.01674826769015319), 'rsi': np.float64(44.20626991622732), 'macd_histogram': np.float64(nan), 'adx': np.float64(12.400576271416295), 'confirmation_passed': False, 'cooldown_active': False}
2025-08-29 19:57:53 | INFO     | utils.logger:info:50 - Using yfinance fallback for AAPL data
2025-08-29 19:57:54 | INFO     | utils.logger:strategy:103 - STRATEGY: Enhanced Momentum Strategy | SELL | AAPL | {'strength': np.float64(-0.017509461575731723), 'rsi': np.float64(66.99553441069787), 'macd_histogram': np.float64(nan), 'adx': np.float64(29.98706472062788), 'confirmation_passed': True, 'cooldown_active': False}
2025-08-29 19:57:54 | INFO     | utils.logger:info:50 - Using yfinance fallback for MSFT data
2025-08-29 19:57:54 | INFO     | utils.logger:strategy:103 - STRATEGY: Enhanced Momentum Strategy | NEUTRAL | MSFT | {'strength': np.float64(-0.014110737636405031), 'rsi': np.float64(45.81568218840603), 'macd_histogram': np.float64(nan), 'adx': np.float64(16.206875285466474), 'confirmation_passed': False, 'cooldown_active': False}
2025-08-29 19:57:55 | INFO     | utils.logger:info:50 - Using yfinance fallback for GOOGL data
2025-08-29 19:57:55 | INFO     | utils.logger:strategy:103 - STRATEGY: Enhanced Momentum Strategy | SELL | GOOGL | {'strength': np.float64(-0.012108432096203107), 'rsi': np.float64(73.83460430245043), 'macd_histogram': np.float64(nan), 'adx': np.float64(41.49193579378629), 'confirmation_passed': True, 'cooldown_active': False}
2025-08-29 19:57:55 | INFO     | utils.logger:info:50 - Using yfinance fallback for TSLA data
2025-08-29 19:57:55 | INFO     | utils.logger:strategy:103 - STRATEGY: Enhanced Momentum Strategy | NEUTRAL | TSLA | {'strength': np.float64(-0.009624974348088604), 'rsi': np.float64(50.53606880232102), 'macd_histogram': np.float64(nan), 'adx': np.float64(7.68162562394135), 'confirmation_passed': False, 'cooldown_active': False}
2025-08-29 19:57:55 | INFO     | utils.logger:info:50 - Using yfinance fallback for AMZN data
2025-08-29 19:57:56 | INFO     | utils.logger:strategy:103 - STRATEGY: Enhanced Momentum Strategy | NEUTRAL | AMZN | {'strength': np.float64(-0.01533121377512585), 'rsi': np.float64(52.51580572577837), 'macd_histogram': np.float64(nan), 'adx': np.float64(9.341967036167873), 'confirmation_passed': False, 'cooldown_active': False}
2025-08-29 19:57:56 | INFO     | utils.logger:info:50 - Using yfinance fallback for NVDA data
2025-08-29 19:57:56 | INFO     | utils.logger:strategy:103 - STRATEGY: Enhanced Momentum Strategy | NEUTRAL | NVDA | {'strength': np.float64(-0.014333816353062669), 'rsi': np.float64(42.21157793408728), 'macd_histogram': np.float64(nan), 'adx': np.float64(19.96086698670587), 'confirmation_passed': False, 'cooldown_active': False}
2025-08-29 19:57:56 | INFO     | utils.logger:info:50 - Using yfinance fallback for AMD data
2025-08-29 19:57:56 | INFO     | utils.logger:strategy:103 - STRATEGY: Enhanced Momentum Strategy | NEUTRAL | AMD | {'strength': np.float64(-0.01700895990584335), 'rsi': np.float64(43.990797617855186), 'macd_histogram': np.float64(nan), 'adx': np.float64(12.400576271416295), 'confirmation_passed': False, 'cooldown_active': False}
2025-08-29 19:58:00 | INFO     | utils.logger:info:50 - Using yfinance fallback for AAPL data
2025-08-29 19:58:01 | INFO     | utils.logger:strategy:103 - STRATEGY: Enhanced Momentum Strategy | SELL | AAPL | {'strength': np.float64(-0.017546845312879887), 'rsi': np.float64(66.94454171848503), 'macd_histogram': np.float64(nan), 'adx': np.float64(29.98706472062788), 'confirmation_passed': True, 'cooldown_active': False}
2025-08-29 19:58:01 | INFO     | utils.logger:info:50 - Using yfinance fallback for MSFT data
2025-08-29 19:58:01 | INFO     | utils.logger:strategy:103 - STRATEGY: Enhanced Momentum Strategy | NEUTRAL | MSFT | {'strength': np.float64(-0.01409593932469179), 'rsi': np.float64(45.84517138240395), 'macd_histogram': np.float64(nan), 'adx': np.float64(16.206875285466474), 'confirmation_passed': False, 'cooldown_active': False}
2025-08-29 19:58:01 | INFO     | utils.logger:info:50 - Using yfinance fallback for GOOGL data
2025-08-29 19:58:02 | INFO     | utils.logger:strategy:103 - STRATEGY: Enhanced Momentum Strategy | SELL | GOOGL | {'strength': np.float64(-0.012116033435167324), 'rsi': np.float64(73.82921807996162), 'macd_histogram': np.float64(nan), 'adx': np.float64(41.49193579378629), 'confirmation_passed': True, 'cooldown_active': False}
2025-08-29 19:58:02 | INFO     | utils.logger:info:50 - Using yfinance fallback for TSLA data
2025-08-29 19:58:02 | INFO     | utils.logger:strategy:103 - STRATEGY: Enhanced Momentum Strategy | NEUTRAL | TSLA | {'strength': np.float64(-0.009690075257208705), 'rsi': np.float64(50.46986112396913), 'macd_histogram': np.float64(nan), 'adx': np.float64(7.68162562394135), 'confirmation_passed': False, 'cooldown_active': False}
2025-08-29 19:58:02 | INFO     | utils.logger:info:50 - Using yfinance fallback for AMZN data
2025-08-29 19:58:02 | INFO     | utils.logger:strategy:103 - STRATEGY: Enhanced Momentum Strategy | NEUTRAL | AMZN | {'strength': np.float64(-0.015347556769997937), 'rsi': np.float64(52.484185020777595), 'macd_histogram': np.float64(nan), 'adx': np.float64(9.341967036167873), 'confirmation_passed': False, 'cooldown_active': False}
2025-08-29 19:58:02 | INFO     | utils.logger:info:50 - Using yfinance fallback for NVDA data
2025-08-29 19:58:03 | INFO     | utils.logger:strategy:103 - STRATEGY: Enhanced Momentum Strategy | NEUTRAL | NVDA | {'strength': np.float64(-0.014342640002288166), 'rsi': np.float64(42.196137829242446), 'macd_histogram': np.float64(nan), 'adx': np.float64(19.96086698670587), 'confirmation_passed': False, 'cooldown_active': False}
2025-08-29 19:58:03 | INFO     | utils.logger:info:50 - Using yfinance fallback for AMD data
2025-08-29 19:58:03 | INFO     | utils.logger:strategy:103 - STRATEGY: Enhanced Momentum Strategy | NEUTRAL | AMD | {'strength': np.float64(-0.017075578523572457), 'rsi': np.float64(43.93860160744576), 'macd_histogram': np.float64(nan), 'adx': np.float64(12.400576271416295), 'confirmation_passed': False, 'cooldown_active': False}
2025-08-29 19:59:57 | INFO     | utils.logger:info:50 - Using yfinance fallback for AAPL data
2025-08-29 19:59:58 | INFO     | utils.logger:strategy:103 - STRATEGY: Enhanced Momentum Strategy | SELL | AAPL | {'strength': np.float64(-0.017448225905475838), 'rsi': np.float64(66.81799636571739), 'macd_histogram': np.float64(nan), 'adx': np.float64(29.98706472062788), 'confirmation_passed': True, 'cooldown_active': False}
2025-08-29 19:59:58 | INFO     | utils.logger:info:50 - Using yfinance fallback for MSFT data
2025-08-29 19:59:58 | INFO     | utils.logger:strategy:103 - STRATEGY: Enhanced Momentum Strategy | NEUTRAL | MSFT | {'strength': np.float64(-0.014058996011939455), 'rsi': np.float64(45.859915200586855), 'macd_histogram': np.float64(nan), 'adx': np.float64(16.206875285466474), 'confirmation_passed': False, 'cooldown_active': False}
2025-08-29 19:59:58 | INFO     | utils.logger:info:50 - Using yfinance fallback for GOOGL data
2025-08-29 19:59:59 | INFO     | utils.logger:strategy:103 - STRATEGY: Enhanced Momentum Strategy | SELL | GOOGL | {'strength': np.float64(-0.010238237879909903), 'rsi': np.float64(73.99777705943467), 'macd_histogram': np.float64(nan), 'adx': np.float64(41.595542920942826), 'confirmation_passed': True, 'cooldown_active': False}
2025-08-29 19:59:59 | INFO     | utils.logger:info:50 - Using yfinance fallback for TSLA data
2025-08-29 19:59:59 | INFO     | utils.logger:strategy:103 - STRATEGY: Enhanced Momentum Strategy | NEUTRAL | TSLA | {'strength': np.float64(-0.009596708820648007), 'rsi': np.float64(50.50106557595842), 'macd_histogram': np.float64(nan), 'adx': np.float64(7.68162562394135), 'confirmation_passed': False, 'cooldown_active': False}
2025-08-29 19:59:59 | INFO     | utils.logger:info:50 - Using yfinance fallback for AMZN data
2025-08-29 19:59:59 | INFO     | utils.logger:strategy:103 - STRATEGY: Enhanced Momentum Strategy | NEUTRAL | AMZN | {'strength': np.float64(-0.015249327040893828), 'rsi': np.float64(52.57930673322799), 'macd_histogram': np.float64(nan), 'adx': np.float64(9.341967036167873), 'confirmation_passed': False, 'cooldown_active': False}
2025-08-29 19:59:59 | INFO     | utils.logger:info:50 - Using yfinance fallback for NVDA data
2025-08-29 20:00:00 | INFO     | utils.logger:strategy:103 - STRATEGY: Enhanced Momentum Strategy | NEUTRAL | NVDA | {'strength': np.float64(-0.014085022988122343), 'rsi': np.float64(42.4599033315794), 'macd_histogram': np.float64(nan), 'adx': np.float64(19.96086698670587), 'confirmation_passed': False, 'cooldown_active': False}
2025-08-29 20:00:00 | INFO     | utils.logger:info:50 - Using yfinance fallback for AMD data
2025-08-29 20:00:00 | INFO     | utils.logger:strategy:103 - STRATEGY: Enhanced Momentum Strategy | NEUTRAL | AMD | {'strength': np.float64(-0.016846664936968618), 'rsi': np.float64(44.06233450159479), 'macd_histogram': np.float64(nan), 'adx': np.float64(12.400576271416295), 'confirmation_passed': False, 'cooldown_active': False}
2025-08-29 20:00:04 | INFO     | utils.logger:info:50 - Using yfinance fallback for AAPL data
2025-08-29 20:00:05 | INFO     | utils.logger:strategy:103 - STRATEGY: Enhanced Momentum Strategy | SELL | AAPL | {'strength': np.float64(-0.017406868743288523), 'rsi': np.float64(66.86856477357671), 'macd_histogram': np.float64(nan), 'adx': np.float64(29.98706472062788), 'confirmation_passed': True, 'cooldown_active': False}
2025-08-29 20:00:05 | INFO     | utils.logger:info:50 - Using yfinance fallback for MSFT data
2025-08-29 20:00:05 | INFO     | utils.logger:strategy:103 - STRATEGY: Enhanced Momentum Strategy | NEUTRAL | MSFT | {'strength': np.float64(-0.014060544183401403), 'rsi': np.float64(45.85501956186253), 'macd_histogram': np.float64(nan), 'adx': np.float64(16.206875285466474), 'confirmation_passed': False, 'cooldown_active': False}
2025-08-29 20:00:05 | INFO     | utils.logger:info:50 - Using yfinance fallback for GOOGL data
2025-08-29 20:00:05 | INFO     | utils.logger:strategy:103 - STRATEGY: Enhanced Momentum Strategy | SELL | GOOGL | {'strength': np.float64(-0.010182472746902484), 'rsi': np.float64(74.00563842173102), 'macd_histogram': np.float64(nan), 'adx': np.float64(41.595542920942826), 'confirmation_passed': True, 'cooldown_active': False}
2025-08-29 20:00:06 | INFO     | utils.logger:info:50 - Using yfinance fallback for TSLA data
2025-08-29 20:00:06 | INFO     | utils.logger:strategy:103 - STRATEGY: Enhanced Momentum Strategy | NEUTRAL | TSLA | {'strength': np.float64(-0.009587980521428218), 'rsi': np.float64(50.50731872399557), 'macd_histogram': np.float64(nan), 'adx': np.float64(7.68162562394135), 'confirmation_passed': False, 'cooldown_active': False}
2025-08-29 20:00:06 | INFO     | utils.logger:info:50 - Using yfinance fallback for AMZN data
2025-08-29 20:00:06 | INFO     | utils.logger:strategy:103 - STRATEGY: Enhanced Momentum Strategy | NEUTRAL | AMZN | {'strength': np.float64(-0.015228268428995464), 'rsi': np.float64(52.610872643546855), 'macd_histogram': np.float64(nan), 'adx': np.float64(9.341967036167873), 'confirmation_passed': False, 'cooldown_active': False}
2025-08-29 20:00:06 | INFO     | utils.logger:info:50 - Using yfinance fallback for NVDA data
2025-08-29 20:00:07 | INFO     | utils.logger:strategy:103 - STRATEGY: Enhanced Momentum Strategy | NEUTRAL | NVDA | {'strength': np.float64(-0.014068996589542585), 'rsi': np.float64(42.475537105814546), 'macd_histogram': np.float64(nan), 'adx': np.float64(19.96086698670587), 'confirmation_passed': False, 'cooldown_active': False}
2025-08-29 20:00:07 | INFO     | utils.logger:info:50 - Using yfinance fallback for AMD data
2025-08-29 20:00:07 | INFO     | utils.logger:strategy:103 - STRATEGY: Enhanced Momentum Strategy | NEUTRAL | AMD | {'strength': np.float64(-0.016858407186746676), 'rsi': np.float64(44.05277504033057), 'macd_histogram': np.float64(nan), 'adx': np.float64(12.400576271416295), 'confirmation_passed': False, 'cooldown_active': False}
2025-08-29 20:02:01 | INFO     | utils.logger:info:50 - Using yfinance fallback for AAPL data
2025-08-29 20:02:02 | INFO     | utils.logger:strategy:103 - STRATEGY: Enhanced Momentum Strategy | SELL | AAPL | {'strength': np.float64(-0.017618220412569156), 'rsi': np.float64(66.49121412635569), 'macd_histogram': np.float64(nan), 'adx': np.float64(29.98706472062788), 'confirmation_passed': True, 'cooldown_active': False}
2025-08-29 20:02:02 | INFO     | utils.logger:info:50 - Using yfinance fallback for MSFT data
2025-08-29 20:02:02 | INFO     | utils.logger:strategy:103 - STRATEGY: Enhanced Momentum Strategy | NEUTRAL | MSFT | {'strength': np.float64(-0.014065078507253805), 'rsi': np.float64(45.74309615172902), 'macd_histogram': np.float64(nan), 'adx': np.float64(16.206875285466474), 'confirmation_passed': False, 'cooldown_active': False}
2025-08-29 20:02:02 | INFO     | utils.logger:info:50 - Using yfinance fallback for GOOGL data
2025-08-29 20:02:02 | INFO     | utils.logger:strategy:103 - STRATEGY: Enhanced Momentum Strategy | SELL | GOOGL | {'strength': np.float64(-0.009569021569519364), 'rsi': np.float64(74.16920388023883), 'macd_histogram': np.float64(nan), 'adx': np.float64(41.595542920942826), 'confirmation_passed': True, 'cooldown_active': False}
2025-08-29 20:02:02 | INFO     | utils.logger:info:50 - Using yfinance fallback for TSLA data
2025-08-29 20:02:03 | INFO     | utils.logger:strategy:103 - STRATEGY: Enhanced Momentum Strategy | NEUTRAL | TSLA | {'strength': np.float64(-0.009771101068895895), 'rsi': np.float64(50.23080825109177), 'macd_histogram': np.float64(nan), 'adx': np.float64(7.68162562394135), 'confirmation_passed': False, 'cooldown_active': False}
2025-08-29 20:02:03 | INFO     | utils.logger:info:50 - Using yfinance fallback for AMZN data
2025-08-29 20:02:03 | INFO     | utils.logger:strategy:103 - STRATEGY: Enhanced Momentum Strategy | NEUTRAL | AMZN | {'strength': np.float64(-0.015373749634451503), 'rsi': np.float64(52.32669888417088), 'macd_histogram': np.float64(nan), 'adx': np.float64(9.341967036167873), 'confirmation_passed': False, 'cooldown_active': False}
2025-08-29 20:02:03 | INFO     | utils.logger:info:50 - Using yfinance fallback for NVDA data
2025-08-29 20:02:03 | INFO     | utils.logger:strategy:103 - STRATEGY: Enhanced Momentum Strategy | NEUTRAL | NVDA | {'strength': np.float64(-0.01422937846296543), 'rsi': np.float64(42.22300052266919), 'macd_histogram': np.float64(nan), 'adx': np.float64(19.96086698670587), 'confirmation_passed': False, 'cooldown_active': False}
2025-08-29 20:02:04 | INFO     | utils.logger:info:50 - Using yfinance fallback for AMD data
2025-08-29 20:02:04 | INFO     | utils.logger:strategy:103 - STRATEGY: Enhanced Momentum Strategy | NEUTRAL | AMD | {'strength': np.float64(-0.017239657163897765), 'rsi': np.float64(43.744636443706646), 'macd_histogram': np.float64(nan), 'adx': np.float64(12.400576271416295), 'confirmation_passed': False, 'cooldown_active': False}
2025-08-29 20:02:08 | INFO     | utils.logger:info:50 - Using yfinance fallback for AAPL data
2025-08-29 20:02:09 | INFO     | utils.logger:strategy:103 - STRATEGY: Enhanced Momentum Strategy | SELL | AAPL | {'strength': np.float64(-0.017515069565139995), 'rsi': np.float64(66.61652357168579), 'macd_histogram': np.float64(nan), 'adx': np.float64(29.98706472062788), 'confirmation_passed': True, 'cooldown_active': False}
2025-08-29 20:02:09 | INFO     | utils.logger:info:50 - Using yfinance fallback for MSFT data
2025-08-29 20:02:09 | INFO     | utils.logger:strategy:103 - STRATEGY: Enhanced Momentum Strategy | NEUTRAL | MSFT | {'strength': np.float64(-0.014042121270127095), 'rsi': np.float64(45.79338800880294), 'macd_histogram': np.float64(nan), 'adx': np.float64(16.206875285466474), 'confirmation_passed': False, 'cooldown_active': False}
2025-08-29 20:02:09 | INFO     | utils.logger:info:50 - Using yfinance fallback for GOOGL data
2025-08-29 20:02:09 | INFO     | utils.logger:strategy:103 - STRATEGY: Enhanced Momentum Strategy | SELL | GOOGL | {'strength': np.float64(-0.009598831232161799), 'rsi': np.float64(74.14295189639941), 'macd_histogram': np.float64(nan), 'adx': np.float64(41.595542920942826), 'confirmation_passed': True, 'cooldown_active': False}
2025-08-29 20:02:10 | INFO     | utils.logger:info:50 - Using yfinance fallback for TSLA data
2025-08-29 20:02:10 | INFO     | utils.logger:strategy:103 - STRATEGY: Enhanced Momentum Strategy | NEUTRAL | TSLA | {'strength': np.float64(-0.009764130811421759), 'rsi': np.float64(50.233901258305636), 'macd_histogram': np.float64(nan), 'adx': np.float64(7.68162562394135), 'confirmation_passed': False, 'cooldown_active': False}
2025-08-29 20:02:10 | INFO     | utils.logger:info:50 - Using yfinance fallback for AMZN data
2025-08-29 20:02:10 | INFO     | utils.logger:strategy:103 - STRATEGY: Enhanced Momentum Strategy | NEUTRAL | AMZN | {'strength': np.float64(-0.015380255352552073), 'rsi': np.float64(52.31098547409792), 'macd_histogram': np.float64(nan), 'adx': np.float64(9.341967036167873), 'confirmation_passed': False, 'cooldown_active': False}
2025-08-29 20:02:10 | INFO     | utils.logger:info:50 - Using yfinance fallback for NVDA data
2025-08-29 20:02:11 | INFO     | utils.logger:strategy:103 - STRATEGY: Enhanced Momentum Strategy | NEUTRAL | NVDA | {'strength': np.float64(-0.014173432206671069), 'rsi': np.float64(42.288877365781644), 'macd_histogram': np.float64(nan), 'adx': np.float64(19.96086698670587), 'confirmation_passed': False, 'cooldown_active': False}
2025-08-29 20:02:11 | INFO     | utils.logger:info:50 - Using yfinance fallback for AMD data
2025-08-29 20:02:11 | INFO     | utils.logger:strategy:103 - STRATEGY: Enhanced Momentum Strategy | NEUTRAL | AMD | {'strength': np.float64(-0.017229188143884792), 'rsi': np.float64(43.74934902716375), 'macd_histogram': np.float64(nan), 'adx': np.float64(12.400576271416295), 'confirmation_passed': False, 'cooldown_active': False}
2025-08-29 20:04:05 | INFO     | utils.logger:info:50 - Using yfinance fallback for AAPL data
2025-08-29 20:04:05 | INFO     | utils.logger:strategy:103 - STRATEGY: Enhanced Momentum Strategy | SELL | AAPL | {'strength': np.float64(-0.017704637297253075), 'rsi': np.float64(66.27930068028209), 'macd_histogram': np.float64(nan), 'adx': np.float64(29.98706472062788), 'confirmation_passed': True, 'cooldown_active': False}
2025-08-29 20:04:06 | INFO     | utils.logger:info:50 - Using yfinance fallback for MSFT data
2025-08-29 20:04:06 | INFO     | utils.logger:strategy:103 - STRATEGY: Enhanced Momentum Strategy | NEUTRAL | MSFT | {'strength': np.float64(-0.014013634834791957), 'rsi': np.float64(45.80093683288293), 'macd_histogram': np.float64(nan), 'adx': np.float64(16.206875285466474), 'confirmation_passed': False, 'cooldown_active': False}
2025-08-29 20:04:06 | INFO     | utils.logger:info:50 - Using yfinance fallback for GOOGL data
2025-08-29 20:04:06 | INFO     | utils.logger:strategy:103 - STRATEGY: Enhanced Momentum Strategy | SELL | GOOGL | {'strength': np.float64(-0.008449709598423642), 'rsi': np.float64(74.5717946369544), 'macd_histogram': np.float64(nan), 'adx': np.float64(41.595542920942826), 'confirmation_passed': True, 'cooldown_active': False}
2025-08-29 20:04:06 | INFO     | utils.logger:info:50 - Using yfinance fallback for TSLA data
2025-08-29 20:04:07 | INFO     | utils.logger:strategy:103 - STRATEGY: Enhanced Momentum Strategy | NEUTRAL | TSLA | {'strength': np.float64(-0.009452024428975072), 'rsi': np.float64(50.463617246928365), 'macd_histogram': np.float64(nan), 'adx': np.float64(7.68162562394135), 'confirmation_passed': False, 'cooldown_active': False}
2025-08-29 20:04:07 | INFO     | utils.logger:info:50 - Using yfinance fallback for AMZN data
2025-08-29 20:04:07 | INFO     | utils.logger:strategy:103 - STRATEGY: Enhanced Momentum Strategy | NEUTRAL | AMZN | {'strength': np.float64(-0.015361855510029773), 'rsi': np.float64(52.27963478376473), 'macd_histogram': np.float64(nan), 'adx': np.float64(9.341967036167873), 'confirmation_passed': False, 'cooldown_active': False}
2025-08-29 20:04:07 | INFO     | utils.logger:info:50 - Using yfinance fallback for NVDA data
2025-08-29 20:04:07 | INFO     | utils.logger:strategy:103 - STRATEGY: Enhanced Momentum Strategy | NEUTRAL | NVDA | {'strength': np.float64(-0.013899712595149829), 'rsi': np.float64(42.57734211370367), 'macd_histogram': np.float64(nan), 'adx': np.float64(19.96086698670587), 'confirmation_passed': False, 'cooldown_active': False}
2025-08-29 20:04:07 | INFO     | utils.logger:info:50 - Using yfinance fallback for AMD data
2025-08-29 20:04:08 | INFO     | utils.logger:strategy:103 - STRATEGY: Enhanced Momentum Strategy | NEUTRAL | AMD | {'strength': np.float64(-0.017159732698781512), 'rsi': np.float64(43.77761708888767), 'macd_histogram': np.float64(nan), 'adx': np.float64(12.400576271416295), 'confirmation_passed': False, 'cooldown_active': False}
2025-08-29 20:04:12 | INFO     | utils.logger:info:50 - Using yfinance fallback for AAPL data
2025-08-29 20:04:12 | INFO     | utils.logger:strategy:103 - STRATEGY: Enhanced Momentum Strategy | SELL | AAPL | {'strength': np.float64(-0.017767657059308817), 'rsi': np.float64(66.19241650054752), 'macd_histogram': np.float64(nan), 'adx': np.float64(29.98706472062788), 'confirmation_passed': True, 'cooldown_active': False}
2025-08-29 20:04:13 | INFO     | utils.logger:info:50 - Using yfinance fallback for MSFT data
2025-08-29 20:04:13 | INFO     | utils.logger:strategy:103 - STRATEGY: Enhanced Momentum Strategy | NEUTRAL | MSFT | {'strength': np.float64(-0.014041330690846442), 'rsi': np.float64(45.73234009439192), 'macd_histogram': np.float64(nan), 'adx': np.float64(16.206875285466474), 'confirmation_passed': False, 'cooldown_active': False}
2025-08-29 20:04:13 | INFO     | utils.logger:info:50 - Using yfinance fallback for GOOGL data
2025-08-29 20:04:13 | INFO     | utils.logger:strategy:103 - STRATEGY: Enhanced Momentum Strategy | SELL | GOOGL | {'strength': np.float64(-0.008549307152153135), 'rsi': np.float64(74.51067877665349), 'macd_histogram': np.float64(nan), 'adx': np.float64(41.595542920942826), 'confirmation_passed': True, 'cooldown_active': False}
2025-08-29 20:04:13 | INFO     | utils.logger:info:50 - Using yfinance fallback for TSLA data
2025-08-29 20:04:14 | INFO     | utils.logger:strategy:103 - STRATEGY: Enhanced Momentum Strategy | NEUTRAL | TSLA | {'strength': np.float64(-0.009454978740472134), 'rsi': np.float64(50.457317827242896), 'macd_histogram': np.float64(nan), 'adx': np.float64(7.68162562394135), 'confirmation_passed': False, 'cooldown_active': False}
2025-08-29 20:04:14 | INFO     | utils.logger:info:50 - Using yfinance fallback for AMZN data
2025-08-29 20:04:14 | INFO     | utils.logger:strategy:103 - STRATEGY: Enhanced Momentum Strategy | NEUTRAL | AMZN | {'strength': np.float64(-0.015378910261349514), 'rsi': np.float64(52.24829775989198), 'macd_histogram': np.float64(nan), 'adx': np.float64(9.341967036167873), 'confirmation_passed': False, 'cooldown_active': False}
2025-08-29 20:04:14 | INFO     | utils.logger:info:50 - Using yfinance fallback for NVDA data
2025-08-29 20:04:14 | INFO     | utils.logger:strategy:103 - STRATEGY: Enhanced Momentum Strategy | NEUTRAL | NVDA | {'strength': np.float64(-0.013909925904504433), 'rsi': np.float64(42.56163332172093), 'macd_histogram': np.float64(nan), 'adx': np.float64(19.96086698670587), 'confirmation_passed': False, 'cooldown_active': False}
2025-08-29 20:04:15 | INFO     | utils.logger:info:50 - Using yfinance fallback for AMD data
2025-08-29 20:04:15 | INFO     | utils.logger:strategy:103 - STRATEGY: Enhanced Momentum Strategy | NEUTRAL | AMD | {'strength': np.float64(-0.017143730550953494), 'rsi': np.float64(43.78704309768587), 'macd_histogram': np.float64(nan), 'adx': np.float64(12.400576271416295), 'confirmation_passed': False, 'cooldown_active': False}
2025-08-29 20:06:09 | INFO     | utils.logger:info:50 - Using yfinance fallback for AAPL data
2025-08-29 20:06:09 | INFO     | utils.logger:strategy:103 - STRATEGY: Enhanced Momentum Strategy | SELL | AAPL | {'strength': np.float64(-0.01765030320233444), 'rsi': np.float64(66.24204210142531), 'macd_histogram': np.float64(nan), 'adx': np.float64(29.98706472062788), 'confirmation_passed': True, 'cooldown_active': False}
2025-08-29 20:06:09 | INFO     | utils.logger:info:50 - Using yfinance fallback for MSFT data
2025-08-29 20:06:10 | INFO     | utils.logger:strategy:103 - STRATEGY: Enhanced Momentum Strategy | NEUTRAL | MSFT | {'strength': np.float64(-0.014088862261196114), 'rsi': np.float64(45.581097700376844), 'macd_histogram': np.float64(nan), 'adx': np.float64(16.206875285466474), 'confirmation_passed': False, 'cooldown_active': False}
2025-08-29 20:06:10 | INFO     | utils.logger:info:50 - Using yfinance fallback for GOOGL data
2025-08-29 20:06:10 | INFO     | utils.logger:strategy:103 - STRATEGY: Enhanced Momentum Strategy | SELL | GOOGL | {'strength': np.float64(-0.008187101574346226), 'rsi': np.float64(74.54127338521933), 'macd_histogram': np.float64(nan), 'adx': np.float64(41.595542920942826), 'confirmation_passed': True, 'cooldown_active': False}
2025-08-29 20:06:10 | INFO     | utils.logger:info:50 - Using yfinance fallback for TSLA data
2025-08-29 20:06:10 | INFO     | utils.logger:strategy:103 - STRATEGY: Enhanced Momentum Strategy | NEUTRAL | TSLA | {'strength': np.float64(-0.00943143781682575), 'rsi': np.float64(50.438695210435505), 'macd_histogram': np.float64(nan), 'adx': np.float64(7.68162562394135), 'confirmation_passed': False, 'cooldown_active': False}
2025-08-29 20:06:10 | INFO     | utils.logger:info:50 - Using yfinance fallback for AMZN data
2025-08-29 20:06:11 | INFO     | utils.logger:strategy:103 - STRATEGY: Enhanced Momentum Strategy | NEUTRAL | AMZN | {'strength': np.float64(-0.0153544905378762), 'rsi': np.float64(52.23265526882355), 'macd_histogram': np.float64(nan), 'adx': np.float64(9.341967036167873), 'confirmation_passed': False, 'cooldown_active': False}
2025-08-29 20:06:11 | INFO     | utils.logger:info:50 - Using yfinance fallback for NVDA data
2025-08-29 20:06:11 | INFO     | utils.logger:strategy:103 - STRATEGY: Enhanced Momentum Strategy | NEUTRAL | NVDA | {'strength': np.float64(-0.0138399819375358), 'rsi': np.float64(42.59320634332279), 'macd_histogram': np.float64(nan), 'adx': np.float64(19.96086698670587), 'confirmation_passed': False, 'cooldown_active': False}
2025-08-29 20:06:11 | INFO     | utils.logger:info:50 - Using yfinance fallback for AMD data
2025-08-29 20:06:11 | INFO     | utils.logger:strategy:103 - STRATEGY: Enhanced Momentum Strategy | NEUTRAL | AMD | {'strength': np.float64(-0.017055948951999543), 'rsi': np.float64(43.82953205063751), 'macd_histogram': np.float64(nan), 'adx': np.float64(12.400576271416295), 'confirmation_passed': False, 'cooldown_active': False}
2025-08-29 20:06:16 | INFO     | utils.logger:info:50 - Using yfinance fallback for AAPL data
2025-08-29 20:06:16 | INFO     | utils.logger:strategy:103 - STRATEGY: Enhanced Momentum Strategy | SELL | AAPL | {'strength': np.float64(-0.01758057631200495), 'rsi': np.float64(66.32354987475905), 'macd_histogram': np.float64(nan), 'adx': np.float64(29.98706472062788), 'confirmation_passed': True, 'cooldown_active': False}
2025-08-29 20:06:16 | INFO     | utils.logger:info:50 - Using yfinance fallback for MSFT data
2025-08-29 20:06:17 | INFO     | utils.logger:strategy:103 - STRATEGY: Enhanced Momentum Strategy | NEUTRAL | MSFT | {'strength': np.float64(-0.014044819062210634), 'rsi': np.float64(45.66391874369273), 'macd_histogram': np.float64(nan), 'adx': np.float64(16.206875285466474), 'confirmation_passed': False, 'cooldown_active': False}
2025-08-29 20:06:17 | INFO     | utils.logger:info:50 - Using yfinance fallback for GOOGL data
2025-08-29 20:06:17 | INFO     | utils.logger:strategy:103 - STRATEGY: Enhanced Momentum Strategy | SELL | GOOGL | {'strength': np.float64(-0.008086981680003782), 'rsi': np.float64(74.58194696708081), 'macd_histogram': np.float64(nan), 'adx': np.float64(41.595542920942826), 'confirmation_passed': True, 'cooldown_active': False}
2025-08-29 20:06:17 | INFO     | utils.logger:info:50 - Using yfinance fallback for TSLA data
2025-08-29 20:06:17 | INFO     | utils.logger:strategy:103 - STRATEGY: Enhanced Momentum Strategy | NEUTRAL | TSLA | {'strength': np.float64(-0.0093200702218678), 'rsi': np.float64(50.538569526003386), 'macd_histogram': np.float64(nan), 'adx': np.float64(7.68162562394135), 'confirmation_passed': False, 'cooldown_active': False}
2025-08-29 20:06:18 | INFO     | utils.logger:info:50 - Using yfinance fallback for AMZN data
2025-08-29 20:06:18 | INFO     | utils.logger:strategy:103 - STRATEGY: Enhanced Momentum Strategy | NEUTRAL | AMZN | {'strength': np.float64(-0.015331522162911707), 'rsi': np.float64(52.263949622906985), 'macd_histogram': np.float64(nan), 'adx': np.float64(9.341967036167873), 'confirmation_passed': False, 'cooldown_active': False}
2025-08-29 20:06:18 | INFO     | utils.logger:info:50 - Using yfinance fallback for NVDA data
2025-08-29 20:06:18 | INFO     | utils.logger:strategy:103 - STRATEGY: Enhanced Momentum Strategy | NEUTRAL | NVDA | {'strength': np.float64(-0.01385082219809146), 'rsi': np.float64(42.57734211370367), 'macd_histogram': np.float64(nan), 'adx': np.float64(19.96086698670587), 'confirmation_passed': False, 'cooldown_active': False}
2025-08-29 20:06:18 | INFO     | utils.logger:info:50 - Using yfinance fallback for AMD data
2025-08-29 20:06:18 | INFO     | utils.logger:strategy:103 - STRATEGY: Enhanced Momentum Strategy | NEUTRAL | AMD | {'strength': np.float64(-0.017019491532843482), 'rsi': np.float64(43.853182298992664), 'macd_histogram': np.float64(nan), 'adx': np.float64(12.400576271416295), 'confirmation_passed': False, 'cooldown_active': False}
2025-08-29 20:08:13 | INFO     | utils.logger:info:50 - Using yfinance fallback for AAPL data
2025-08-29 20:08:13 | INFO     | utils.logger:strategy:103 - STRATEGY: Enhanced Momentum Strategy | SELL | AAPL | {'strength': np.float64(-0.017252117829583757), 'rsi': np.float64(66.61652357168579), 'macd_histogram': np.float64(nan), 'adx': np.float64(29.98706472062788), 'confirmation_passed': True, 'cooldown_active': False}
2025-08-29 20:08:13 | INFO     | utils.logger:info:50 - Using yfinance fallback for MSFT data
2025-08-29 20:08:14 | INFO     | utils.logger:strategy:103 - STRATEGY: Enhanced Momentum Strategy | NEUTRAL | MSFT | {'strength': np.float64(-0.013894612516969013), 'rsi': np.float64(45.94375349975757), 'macd_histogram': np.float64(nan), 'adx': np.float64(16.206875285466474), 'confirmation_passed': False, 'cooldown_active': False}
2025-08-29 20:08:14 | INFO     | utils.logger:info:50 - Using yfinance fallback for GOOGL data
2025-08-29 20:08:14 | INFO     | utils.logger:strategy:103 - STRATEGY: Enhanced Momentum Strategy | SELL | GOOGL | {'strength': np.float64(-0.006921047513958993), 'rsi': np.float64(74.92254826169501), 'macd_histogram': np.float64(nan), 'adx': np.float64(41.613475066591825), 'confirmation_passed': True, 'cooldown_active': False}
2025-08-29 20:08:14 | INFO     | utils.logger:info:50 - Using yfinance fallback for TSLA data
2025-08-29 20:08:14 | INFO     | utils.logger:strategy:103 - STRATEGY: Enhanced Momentum Strategy | NEUTRAL | TSLA | {'strength': np.float64(-0.009140045157862441), 'rsi': np.float64(50.64514663797788), 'macd_histogram': np.float64(nan), 'adx': np.float64(7.68162562394135), 'confirmation_passed': False, 'cooldown_active': False}
2025-08-29 20:08:14 | INFO     | utils.logger:info:50 - Using yfinance fallback for AMZN data
2025-08-29 20:08:15 | INFO     | utils.logger:strategy:103 - STRATEGY: Enhanced Momentum Strategy | NEUTRAL | AMZN | {'strength': np.float64(-0.015177595579140722), 'rsi': np.float64(52.43683732733315), 'macd_histogram': np.float64(nan), 'adx': np.float64(9.341967036167873), 'confirmation_passed': False, 'cooldown_active': False}
2025-08-29 20:08:15 | INFO     | utils.logger:info:50 - Using yfinance fallback for NVDA data
2025-08-29 20:08:15 | INFO     | utils.logger:strategy:103 - STRATEGY: Enhanced Momentum Strategy | NEUTRAL | NVDA | {'strength': np.float64(-0.013768160428652618), 'rsi': np.float64(42.632342268549934), 'macd_histogram': np.float64(nan), 'adx': np.float64(19.96086698670587), 'confirmation_passed': False, 'cooldown_active': False}
2025-08-29 20:08:15 | INFO     | utils.logger:info:50 - Using yfinance fallback for AMD data
2025-08-29 20:08:15 | INFO     | utils.logger:strategy:103 - STRATEGY: Enhanced Momentum Strategy | NEUTRAL | AMD | {'strength': np.float64(-0.016895271346410945), 'rsi': np.float64(43.91477229167681), 'macd_histogram': np.float64(nan), 'adx': np.float64(12.400576271416295), 'confirmation_passed': False, 'cooldown_active': False}
2025-08-29 20:08:20 | INFO     | utils.logger:info:50 - Using yfinance fallback for AAPL data
2025-08-29 20:08:20 | INFO     | utils.logger:strategy:103 - STRATEGY: Enhanced Momentum Strategy | SELL | AAPL | {'strength': np.float64(-0.01728002576943698), 'rsi': np.float64(66.56637376100669), 'macd_histogram': np.float64(nan), 'adx': np.float64(29.98706472062788), 'confirmation_passed': True, 'cooldown_active': False}
2025-08-29 20:08:20 | INFO     | utils.logger:info:50 - Using yfinance fallback for MSFT data
2025-08-29 20:08:20 | INFO     | utils.logger:strategy:103 - STRATEGY: Enhanced Momentum Strategy | NEUTRAL | MSFT | {'strength': np.float64(-0.013903205301174608), 'rsi': np.float64(45.91904565831815), 'macd_histogram': np.float64(nan), 'adx': np.float64(16.206875285466474), 'confirmation_passed': False, 'cooldown_active': False}
2025-08-29 20:08:21 | INFO     | utils.logger:info:50 - Using yfinance fallback for GOOGL data
2025-08-29 20:08:21 | INFO     | utils.logger:strategy:103 - STRATEGY: Enhanced Momentum Strategy | SELL | GOOGL | {'strength': np.float64(-0.006838636087592466), 'rsi': np.float64(74.95216270614952), 'macd_histogram': np.float64(nan), 'adx': np.float64(41.61470439680512), 'confirmation_passed': True, 'cooldown_active': False}
2025-08-29 20:08:21 | INFO     | utils.logger:info:50 - Using yfinance fallback for TSLA data
2025-08-29 20:08:21 | INFO     | utils.logger:strategy:103 - STRATEGY: Enhanced Momentum Strategy | NEUTRAL | TSLA | {'strength': np.float64(-0.009177570595542507), 'rsi': np.float64(50.60748440138316), 'macd_histogram': np.float64(nan), 'adx': np.float64(7.68162562394135), 'confirmation_passed': False, 'cooldown_active': False}
2025-08-29 20:08:21 | INFO     | utils.logger:info:50 - Using yfinance fallback for AMZN data
2025-08-29 20:08:21 | INFO     | utils.logger:strategy:103 - STRATEGY: Enhanced Momentum Strategy | NEUTRAL | AMZN | {'strength': np.float64(-0.015194661025135964), 'rsi': np.float64(52.40485500320118), 'macd_histogram': np.float64(nan), 'adx': np.float64(9.341967036167873), 'confirmation_passed': False, 'cooldown_active': False}
2025-08-29 20:08:22 | INFO     | utils.logger:info:50 - Using yfinance fallback for NVDA data
2025-08-29 20:08:22 | INFO     | utils.logger:strategy:103 - STRATEGY: Enhanced Momentum Strategy | NEUTRAL | NVDA | {'strength': np.float64(-0.013816530522191561), 'rsi': np.float64(42.56948626851618), 'macd_histogram': np.float64(nan), 'adx': np.float64(19.96086698670587), 'confirmation_passed': False, 'cooldown_active': False}
2025-08-29 20:08:22 | INFO     | utils.logger:info:50 - Using yfinance fallback for AMD data
2025-08-29 20:08:22 | INFO     | utils.logger:strategy:103 - STRATEGY: Enhanced Momentum Strategy | NEUTRAL | AMD | {'strength': np.float64(-0.016927138983602805), 'rsi': np.float64(43.8910555830311), 'macd_histogram': np.float64(nan), 'adx': np.float64(12.400576271416295), 'confirmation_passed': False, 'cooldown_active': False}
2025-08-29 20:10:16 | INFO     | utils.logger:info:50 - Using yfinance fallback for AAPL data
2025-08-29 20:10:17 | INFO     | utils.logger:strategy:103 - STRATEGY: Enhanced Momentum Strategy | SELL | AAPL | {'strength': np.float64(-0.016940861634234868), 'rsi': np.float64(66.82532038092), 'macd_histogram': np.float64(nan), 'adx': np.float64(29.98706472062788), 'confirmation_passed': True, 'cooldown_active': False}
2025-08-29 20:10:17 | INFO     | utils.logger:info:50 - Using yfinance fallback for MSFT data
2025-08-29 20:10:17 | INFO     | utils.logger:strategy:103 - STRATEGY: Enhanced Momentum Strategy | NEUTRAL | MSFT | {'strength': np.float64(-0.013804580064428591), 'rsi': np.float64(46.02290682532134), 'macd_histogram': np.float64(nan), 'adx': np.float64(16.206875285466474), 'confirmation_passed': False, 'cooldown_active': False}
2025-08-29 20:10:17 | INFO     | utils.logger:info:50 - Using yfinance fallback for GOOGL data
2025-08-29 20:10:18 | INFO     | utils.logger:strategy:103 - STRATEGY: Enhanced Momentum Strategy | SELL | GOOGL | {'strength': np.float64(-0.00637010377865082), 'rsi': np.float64(74.99154999935293), 'macd_histogram': np.float64(nan), 'adx': np.float64(41.63426938364511), 'confirmation_passed': True, 'cooldown_active': False}
2025-08-29 20:10:18 | INFO     | utils.logger:info:50 - Using yfinance fallback for TSLA data
2025-08-29 20:10:18 | INFO     | utils.logger:strategy:103 - STRATEGY: Enhanced Momentum Strategy | NEUTRAL | TSLA | {'strength': np.float64(-0.009044792198232936), 'rsi': np.float64(50.67656828451708), 'macd_histogram': np.float64(nan), 'adx': np.float64(7.68162562394135), 'confirmation_passed': False, 'cooldown_active': False}
2025-08-29 20:10:18 | INFO     | utils.logger:info:50 - Using yfinance fallback for AMZN data
2025-08-29 20:10:18 | INFO     | utils.logger:strategy:103 - STRATEGY: Enhanced Momentum Strategy | NEUTRAL | AMZN | {'strength': np.float64(-0.015055263613805502), 'rsi': np.float64(52.563296199765766), 'macd_histogram': np.float64(nan), 'adx': np.float64(9.341967036167873), 'confirmation_passed': False, 'cooldown_active': False}
2025-08-29 20:10:19 | INFO     | utils.logger:info:50 - Using yfinance fallback for NVDA data
2025-08-29 20:10:19 | INFO     | utils.logger:strategy:103 - STRATEGY: Enhanced Momentum Strategy | NEUTRAL | NVDA | {'strength': np.float64(-0.01384595921380316), 'rsi': np.float64(42.483358311004274), 'macd_histogram': np.float64(nan), 'adx': np.float64(19.96086698670587), 'confirmation_passed': False, 'cooldown_active': False}
2025-08-29 20:10:19 | INFO     | utils.logger:info:50 - Using yfinance fallback for AMD data
2025-08-29 20:10:19 | INFO     | utils.logger:strategy:103 - STRATEGY: Enhanced Momentum Strategy | NEUTRAL | AMD | {'strength': np.float64(-0.016884578044055857), 'rsi': np.float64(43.894570231585845), 'macd_histogram': np.float64(nan), 'adx': np.float64(12.400576271416295), 'confirmation_passed': False, 'cooldown_active': False}
2025-08-29 20:10:23 | INFO     | utils.logger:info:50 - Using yfinance fallback for AAPL data
2025-08-29 20:10:24 | INFO     | utils.logger:strategy:103 - STRATEGY: Enhanced Momentum Strategy | SELL | AAPL | {'strength': np.float64(-0.016940829193824926), 'rsi': np.float64(66.81799636571739), 'macd_histogram': np.float64(nan), 'adx': np.float64(29.98706472062788), 'confirmation_passed': True, 'cooldown_active': False}
2025-08-29 20:10:24 | INFO     | utils.logger:info:50 - Using yfinance fallback for MSFT data
2025-08-29 20:10:24 | INFO     | utils.logger:strategy:103 - STRATEGY: Enhanced Momentum Strategy | NEUTRAL | MSFT | {'strength': np.float64(-0.013818616568340955), 'rsi': np.float64(45.98328100011252), 'macd_histogram': np.float64(nan), 'adx': np.float64(16.206875285466474), 'confirmation_passed': False, 'cooldown_active': False}
2025-08-29 20:10:24 | INFO     | utils.logger:info:50 - Using yfinance fallback for GOOGL data
2025-08-29 20:10:24 | INFO     | utils.logger:strategy:103 - STRATEGY: Enhanced Momentum Strategy | SELL | GOOGL | {'strength': np.float64(-0.006410241250934216), 'rsi': np.float64(74.96694371465517), 'macd_histogram': np.float64(nan), 'adx': np.float64(41.63426938364511), 'confirmation_passed': True, 'cooldown_active': False}
2025-08-29 20:10:25 | INFO     | utils.logger:info:50 - Using yfinance fallback for TSLA data
2025-08-29 20:10:25 | INFO     | utils.logger:strategy:103 - STRATEGY: Enhanced Momentum Strategy | NEUTRAL | TSLA | {'strength': np.float64(-0.009123931544644567), 'rsi': np.float64(50.596575506918114), 'macd_histogram': np.float64(nan), 'adx': np.float64(7.68162562394135), 'confirmation_passed': False, 'cooldown_active': False}
2025-08-29 20:10:25 | INFO     | utils.logger:info:50 - Using yfinance fallback for AMZN data
2025-08-29 20:10:25 | INFO     | utils.logger:strategy:103 - STRATEGY: Enhanced Momentum Strategy | NEUTRAL | AMZN | {'strength': np.float64(-0.015110547143809154), 'rsi': np.float64(52.4664979073851), 'macd_histogram': np.float64(nan), 'adx': np.float64(9.341967036167873), 'confirmation_passed': False, 'cooldown_active': False}
2025-08-29 20:10:25 | INFO     | utils.logger:info:50 - Using yfinance fallback for NVDA data
2025-08-29 20:10:26 | INFO     | utils.logger:strategy:103 - STRATEGY: Enhanced Momentum Strategy | NEUTRAL | NVDA | {'strength': np.float64(-0.013926275414815241), 'rsi': np.float64(42.3742177805283), 'macd_histogram': np.float64(nan), 'adx': np.float64(19.96086698670587), 'confirmation_passed': False, 'cooldown_active': False}
2025-08-29 20:10:26 | INFO     | utils.logger:info:50 - Using yfinance fallback for AMD data
2025-08-29 20:10:26 | INFO     | utils.logger:strategy:103 - STRATEGY: Enhanced Momentum Strategy | NEUTRAL | AMD | {'strength': np.float64(-0.016971975663305185), 'rsi': np.float64(43.82953205063751), 'macd_histogram': np.float64(nan), 'adx': np.float64(12.400576271416295), 'confirmation_passed': False, 'cooldown_active': False}
2025-08-29 20:12:20 | INFO     | utils.logger:info:50 - Using yfinance fallback for AAPL data
2025-08-29 20:12:21 | INFO     | utils.logger:strategy:103 - STRATEGY: Enhanced Momentum Strategy | SELL | AAPL | {'strength': np.float64(-0.016762805290809417), 'rsi': np.float64(66.85590585049017), 'macd_histogram': np.float64(nan), 'adx': np.float64(29.98706472062788), 'confirmation_passed': True, 'cooldown_active': False}
2025-08-29 20:12:21 | INFO     | utils.logger:info:50 - Using yfinance fallback for MSFT data
2025-08-29 20:12:21 | INFO     | utils.logger:strategy:103 - STRATEGY: Enhanced Momentum Strategy | NEUTRAL | MSFT | {'strength': np.float64(-0.013759654047791482), 'rsi': np.float64(46.05763170043747), 'macd_histogram': np.float64(nan), 'adx': np.float64(16.206875285466474), 'confirmation_passed': False, 'cooldown_active': False}
2025-08-29 20:12:21 | INFO     | utils.logger:info:50 - Using yfinance fallback for GOOGL data
2025-08-29 20:12:22 | INFO     | utils.logger:strategy:103 - STRATEGY: Enhanced Momentum Strategy | SELL | GOOGL | {'strength': np.float64(-0.005295521814323893), 'rsi': np.float64(75.278480471677), 'macd_histogram': np.float64(nan), 'adx': np.float64(41.65962101518079), 'confirmation_passed': True, 'cooldown_active': False}
2025-08-29 20:12:22 | INFO     | utils.logger:info:50 - Using yfinance fallback for TSLA data
2025-08-29 20:12:22 | INFO     | utils.logger:strategy:103 - STRATEGY: Enhanced Momentum Strategy | NEUTRAL | TSLA | {'strength': np.float64(-0.008998954983255645), 'rsi': np.float64(50.667145372475495), 'macd_histogram': np.float64(nan), 'adx': np.float64(7.68162562394135), 'confirmation_passed': False, 'cooldown_active': False}
2025-08-29 20:12:22 | INFO     | utils.logger:info:50 - Using yfinance fallback for AMZN data
2025-08-29 20:12:22 | INFO     | utils.logger:strategy:103 - STRATEGY: Enhanced Momentum Strategy | NEUTRAL | AMZN | {'strength': np.float64(-0.015071086051886522), 'rsi': np.float64(52.484185020777595), 'macd_histogram': np.float64(nan), 'adx': np.float64(9.341967036167873), 'confirmation_passed': False, 'cooldown_active': False}
2025-08-29 20:12:22 | INFO     | utils.logger:info:50 - Using yfinance fallback for NVDA data
2025-08-29 20:12:23 | INFO     | utils.logger:strategy:103 - STRATEGY: Enhanced Momentum Strategy | NEUTRAL | NVDA | {'strength': np.float64(-0.013794901292227312), 'rsi': np.float64(42.475537105814546), 'macd_histogram': np.float64(nan), 'adx': np.float64(19.96086698670587), 'confirmation_passed': False, 'cooldown_active': False}
2025-08-29 20:12:23 | INFO     | utils.logger:info:50 - Using yfinance fallback for AMD data
2025-08-29 20:12:23 | INFO     | utils.logger:strategy:103 - STRATEGY: Enhanced Momentum Strategy | NEUTRAL | AMD | {'strength': np.float64(-0.01691570634577651), 'rsi': np.float64(43.8412601925559), 'macd_histogram': np.float64(nan), 'adx': np.float64(12.400576271416295), 'confirmation_passed': False, 'cooldown_active': False}
2025-08-29 20:12:27 | INFO     | utils.logger:info:50 - Using yfinance fallback for AAPL data
2025-08-29 20:12:27 | INFO     | utils.logger:strategy:103 - STRATEGY: Enhanced Momentum Strategy | SELL | AAPL | {'strength': np.float64(-0.016609100348846724), 'rsi': np.float64(67.04610035336856), 'macd_histogram': np.float64(nan), 'adx': np.float64(29.98706472062788), 'confirmation_passed': True, 'cooldown_active': False}
2025-08-29 20:12:28 | INFO     | utils.logger:info:50 - Using yfinance fallback for MSFT data
2025-08-29 20:12:28 | INFO     | utils.logger:strategy:103 - STRATEGY: Enhanced Momentum Strategy | NEUTRAL | MSFT | {'strength': np.float64(-0.013756970148075427), 'rsi': np.float64(46.06260100408269), 'macd_histogram': np.float64(nan), 'adx': np.float64(16.206875285466474), 'confirmation_passed': False, 'cooldown_active': False}
2025-08-29 20:12:28 | INFO     | utils.logger:info:50 - Using yfinance fallback for GOOGL data
2025-08-29 20:12:28 | INFO     | utils.logger:strategy:103 - STRATEGY: Enhanced Momentum Strategy | SELL | GOOGL | {'strength': np.float64(-0.005311576389584448), 'rsi': np.float64(75.26858368151261), 'macd_histogram': np.float64(nan), 'adx': np.float64(41.65962101518079), 'confirmation_passed': True, 'cooldown_active': False}
2025-08-29 20:12:28 | INFO     | utils.logger:info:50 - Using yfinance fallback for TSLA data
2025-08-29 20:12:29 | INFO     | utils.logger:strategy:103 - STRATEGY: Enhanced Momentum Strategy | NEUTRAL | TSLA | {'strength': np.float64(-0.008947347687017567), 'rsi': np.float64(50.714352677975235), 'macd_histogram': np.float64(nan), 'adx': np.float64(7.68162562394135), 'confirmation_passed': False, 'cooldown_active': False}
2025-08-29 20:12:29 | INFO     | utils.logger:info:50 - Using yfinance fallback for AMZN data
2025-08-29 20:12:29 | INFO     | utils.logger:strategy:103 - STRATEGY: Enhanced Momentum Strategy | NEUTRAL | AMZN | {'strength': np.float64(-0.01505546338861268), 'rsi': np.float64(52.503476115283775), 'macd_histogram': np.float64(nan), 'adx': np.float64(9.341967036167873), 'confirmation_passed': False, 'cooldown_active': False}
2025-08-29 20:12:29 | INFO     | utils.logger:info:50 - Using yfinance fallback for NVDA data
2025-08-29 20:12:29 | INFO     | utils.logger:strategy:103 - STRATEGY: Enhanced Momentum Strategy | NEUTRAL | NVDA | {'strength': np.float64(-0.013787507451602262), 'rsi': np.float64(42.480687331752456), 'macd_histogram': np.float64(nan), 'adx': np.float64(19.96086698670587), 'confirmation_passed': False, 'cooldown_active': False}
2025-08-29 20:12:29 | INFO     | utils.logger:info:50 - Using yfinance fallback for AMD data
2025-08-29 20:12:30 | INFO     | utils.logger:strategy:103 - STRATEGY: Enhanced Momentum Strategy | NEUTRAL | AMD | {'strength': np.float64(-0.01681934011295953), 'rsi': np.float64(43.91002400471814), 'macd_histogram': np.float64(nan), 'adx': np.float64(12.400576271416295), 'confirmation_passed': False, 'cooldown_active': False}
2025-08-29 20:14:24 | INFO     | utils.logger:info:50 - Using yfinance fallback for AAPL data
2025-08-29 20:14:25 | INFO     | utils.logger:strategy:103 - STRATEGY: Enhanced Momentum Strategy | SELL | AAPL | {'strength': np.float64(-0.016600330769428715), 'rsi': np.float64(66.9486043472375), 'macd_histogram': np.float64(nan), 'adx': np.float64(29.98706472062788), 'confirmation_passed': True, 'cooldown_active': False}
2025-08-29 20:14:25 | INFO     | utils.logger:info:50 - Using yfinance fallback for MSFT data
2025-08-29 20:14:25 | INFO     | utils.logger:strategy:103 - STRATEGY: Enhanced Momentum Strategy | NEUTRAL | MSFT | {'strength': np.float64(-0.013725859138859932), 'rsi': np.float64(46.04521313090012), 'macd_histogram': np.float64(nan), 'adx': np.float64(16.206875285466474), 'confirmation_passed': False, 'cooldown_active': False}
2025-08-29 20:14:25 | INFO     | utils.logger:info:50 - Using yfinance fallback for GOOGL data
2025-08-29 20:14:25 | INFO     | utils.logger:strategy:103 - STRATEGY: Enhanced Momentum Strategy | SELL | GOOGL | {'strength': np.float64(-0.0045433581453812625), 'rsi': np.float64(75.44987349220783), 'macd_histogram': np.float64(nan), 'adx': np.float64(41.68579240387141), 'confirmation_passed': True, 'cooldown_active': False}
2025-08-29 20:14:26 | INFO     | utils.logger:info:50 - Using yfinance fallback for TSLA data
2025-08-29 20:14:26 | INFO     | utils.logger:strategy:103 - STRATEGY: Enhanced Momentum Strategy | NEUTRAL | TSLA | {'strength': np.float64(-0.009114752466715507), 'rsi': np.float64(50.51376413709035), 'macd_histogram': np.float64(nan), 'adx': np.float64(7.68162562394135), 'confirmation_passed': False, 'cooldown_active': False}
2025-08-29 20:14:26 | INFO     | utils.logger:info:50 - Using yfinance fallback for AMZN data
2025-08-29 20:14:26 | INFO     | utils.logger:strategy:103 - STRATEGY: Enhanced Momentum Strategy | NEUTRAL | AMZN | {'strength': np.float64(-0.015015892870258268), 'rsi': np.float64(52.5104243813415), 'macd_histogram': np.float64(nan), 'adx': np.float64(9.341967036167873), 'confirmation_passed': False, 'cooldown_active': False}
2025-08-29 20:14:26 | INFO     | utils.logger:info:50 - Using yfinance fallback for NVDA data
2025-08-29 20:14:27 | INFO     | utils.logger:strategy:103 - STRATEGY: Enhanced Momentum Strategy | NEUTRAL | NVDA | {'strength': np.float64(-0.014040242192788297), 'rsi': np.float64(42.11151248646012), 'macd_histogram': np.float64(nan), 'adx': np.float64(19.96086698670587), 'confirmation_passed': False, 'cooldown_active': False}
2025-08-29 20:14:27 | INFO     | utils.logger:info:50 - Using yfinance fallback for AMD data
2025-08-29 20:14:27 | INFO     | utils.logger:strategy:103 - STRATEGY: Enhanced Momentum Strategy | NEUTRAL | AMD | {'strength': np.float64(-0.01692589424673596), 'rsi': np.float64(43.80592170429672), 'macd_histogram': np.float64(nan), 'adx': np.float64(12.400576271416295), 'confirmation_passed': False, 'cooldown_active': False}
2025-08-29 20:14:31 | INFO     | utils.logger:info:50 - Using yfinance fallback for AAPL data
2025-08-29 20:14:31 | INFO     | utils.logger:strategy:103 - STRATEGY: Enhanced Momentum Strategy | SELL | AAPL | {'strength': np.float64(-0.01665869876796877), 'rsi': np.float64(66.86856477357671), 'macd_histogram': np.float64(nan), 'adx': np.float64(29.98706472062788), 'confirmation_passed': True, 'cooldown_active': False}
2025-08-29 20:14:31 | INFO     | utils.logger:info:50 - Using yfinance fallback for MSFT data
2025-08-29 20:14:32 | INFO     | utils.logger:strategy:103 - STRATEGY: Enhanced Momentum Strategy | NEUTRAL | MSFT | {'strength': np.float64(-0.01371684988598955), 'rsi': np.float64(46.06260100408269), 'macd_histogram': np.float64(nan), 'adx': np.float64(16.206875285466474), 'confirmation_passed': False, 'cooldown_active': False}
2025-08-29 20:14:32 | INFO     | utils.logger:info:50 - Using yfinance fallback for GOOGL data
2025-08-29 20:14:32 | INFO     | utils.logger:strategy:103 - STRATEGY: Enhanced Momentum Strategy | SELL | GOOGL | {'strength': np.float64(-0.0043556297820454325), 'rsi': np.float64(75.52542015366613), 'macd_histogram': np.float64(nan), 'adx': np.float64(41.68579240387141), 'confirmation_passed': True, 'cooldown_active': False}
2025-08-29 20:14:32 | INFO     | utils.logger:info:50 - Using yfinance fallback for TSLA data
2025-08-29 20:14:32 | INFO     | utils.logger:strategy:103 - STRATEGY: Enhanced Momentum Strategy | NEUTRAL | TSLA | {'strength': np.float64(-0.009136837636556035), 'rsi': np.float64(50.485458528190534), 'macd_histogram': np.float64(nan), 'adx': np.float64(7.68162562394135), 'confirmation_passed': False, 'cooldown_active': False}
2025-08-29 20:14:32 | INFO     | utils.logger:info:50 - Using yfinance fallback for AMZN data
2025-08-29 20:14:33 | INFO     | utils.logger:strategy:103 - STRATEGY: Enhanced Momentum Strategy | NEUTRAL | AMZN | {'strength': np.float64(-0.01500113086936859), 'rsi': np.float64(52.531618296429116), 'macd_histogram': np.float64(nan), 'adx': np.float64(9.341967036167873), 'confirmation_passed': False, 'cooldown_active': False}
2025-08-29 20:14:33 | INFO     | utils.logger:info:50 - Using yfinance fallback for NVDA data
2025-08-29 20:14:33 | INFO     | utils.logger:strategy:103 - STRATEGY: Enhanced Momentum Strategy | NEUTRAL | NVDA | {'strength': np.float64(-0.014000352950075767), 'rsi': np.float64(42.15763390942942), 'macd_histogram': np.float64(nan), 'adx': np.float64(19.96086698670587), 'confirmation_passed': False, 'cooldown_active': False}
2025-08-29 20:14:33 | INFO     | utils.logger:info:50 - Using yfinance fallback for AMD data
2025-08-29 20:14:34 | INFO     | utils.logger:strategy:103 - STRATEGY: Enhanced Momentum Strategy | NEUTRAL | AMD | {'strength': np.float64(-0.01689919500580215), 'rsi': np.float64(43.82471566545456), 'macd_histogram': np.float64(nan), 'adx': np.float64(12.400576271416295), 'confirmation_passed': False, 'cooldown_active': False}
2025-08-29 20:16:28 | INFO     | utils.logger:info:50 - Using yfinance fallback for AAPL data
2025-08-29 20:16:29 | INFO     | utils.logger:strategy:103 - STRATEGY: Enhanced Momentum Strategy | SELL | AAPL | {'strength': np.float64(-0.016399637485362273), 'rsi': np.float64(67.09701474403842), 'macd_histogram': np.float64(nan), 'adx': np.float64(29.98706472062788), 'confirmation_passed': True, 'cooldown_active': False}
2025-08-29 20:16:29 | INFO     | utils.logger:info:50 - Using yfinance fallback for MSFT data
2025-08-29 20:16:29 | INFO     | utils.logger:strategy:103 - STRATEGY: Enhanced Momentum Strategy | NEUTRAL | MSFT | {'strength': np.float64(-0.013634739778567091), 'rsi': np.float64(46.05266346886871), 'macd_histogram': np.float64(nan), 'adx': np.float64(16.206875285466474), 'confirmation_passed': False, 'cooldown_active': False}
2025-08-29 20:16:29 | INFO     | utils.logger:info:50 - Using yfinance fallback for GOOGL data
2025-08-29 20:16:29 | INFO     | utils.logger:strategy:103 - STRATEGY: Enhanced Momentum Strategy | SELL | GOOGL | {'strength': np.float64(-0.003398456483550967), 'rsi': np.float64(75.69371539761096), 'macd_histogram': np.float64(nan), 'adx': np.float64(41.709246294912084), 'confirmation_passed': True, 'cooldown_active': False}
2025-08-29 20:16:29 | INFO     | utils.logger:info:50 - Using yfinance fallback for TSLA data
2025-08-29 20:16:30 | INFO     | utils.logger:strategy:103 - STRATEGY: Enhanced Momentum Strategy | NEUTRAL | TSLA | {'strength': np.float64(-0.009083243721369573), 'rsi': np.float64(50.50419195641948), 'macd_histogram': np.float64(nan), 'adx': np.float64(7.68162562394135), 'confirmation_passed': False, 'cooldown_active': False}
2025-08-29 20:16:30 | INFO     | utils.logger:info:50 - Using yfinance fallback for AMZN data
2025-08-29 20:16:30 | INFO     | utils.logger:strategy:103 - STRATEGY: Enhanced Momentum Strategy | NEUTRAL | AMZN | {'strength': np.float64(-0.014903939264116359), 'rsi': np.float64(52.61896387510698), 'macd_histogram': np.float64(nan), 'adx': np.float64(9.341967036167873), 'confirmation_passed': False, 'cooldown_active': False}
2025-08-29 20:16:30 | INFO     | utils.logger:info:50 - Using yfinance fallback for NVDA data
2025-08-29 20:16:30 | INFO     | utils.logger:strategy:103 - STRATEGY: Enhanced Momentum Strategy | NEUTRAL | NVDA | {'strength': np.float64(-0.014027737516657554), 'rsi': np.float64(42.05782375204953), 'macd_histogram': np.float64(nan), 'adx': np.float64(19.96086698670587), 'confirmation_passed': False, 'cooldown_active': False}
2025-08-29 20:16:31 | INFO     | utils.logger:info:50 - Using yfinance fallback for AMD data
2025-08-29 20:16:31 | INFO     | utils.logger:strategy:103 - STRATEGY: Enhanced Momentum Strategy | NEUTRAL | AMD | {'strength': np.float64(-0.01686833395200868), 'rsi': np.float64(43.82481659679901), 'macd_histogram': np.float64(nan), 'adx': np.float64(12.400576271416295), 'confirmation_passed': False, 'cooldown_active': False}
2025-08-29 20:16:35 | INFO     | utils.logger:info:50 - Using yfinance fallback for AAPL data
2025-08-29 20:16:35 | INFO     | utils.logger:strategy:103 - STRATEGY: Enhanced Momentum Strategy | SELL | AAPL | {'strength': np.float64(-0.016398341936700273), 'rsi': np.float64(67.09701474403842), 'macd_histogram': np.float64(nan), 'adx': np.float64(29.98706472062788), 'confirmation_passed': True, 'cooldown_active': False}
2025-08-29 20:16:35 | INFO     | utils.logger:info:50 - Using yfinance fallback for MSFT data
2025-08-29 20:16:36 | INFO     | utils.logger:strategy:103 - STRATEGY: Enhanced Momentum Strategy | NEUTRAL | MSFT | {'strength': np.float64(-0.013634413106625743), 'rsi': np.float64(46.05266346886871), 'macd_histogram': np.float64(nan), 'adx': np.float64(16.206875285466474), 'confirmation_passed': False, 'cooldown_active': False}
2025-08-29 20:16:36 | INFO     | utils.logger:info:50 - Using yfinance fallback for GOOGL data
2025-08-29 20:16:36 | INFO     | utils.logger:strategy:103 - STRATEGY: Enhanced Momentum Strategy | SELL | GOOGL | {'strength': np.float64(-0.0032331102531111306), 'rsi': np.float64(75.74929595262117), 'macd_histogram': np.float64(nan), 'adx': np.float64(41.716222340244656), 'confirmation_passed': True, 'cooldown_active': False}
2025-08-29 20:16:36 | INFO     | utils.logger:info:50 - Using yfinance fallback for TSLA data
2025-08-29 20:16:36 | INFO     | utils.logger:strategy:103 - STRATEGY: Enhanced Momentum Strategy | NEUTRAL | TSLA | {'strength': np.float64(-0.009077786315639083), 'rsi': np.float64(50.50731872399557), 'macd_histogram': np.float64(nan), 'adx': np.float64(7.68162562394135), 'confirmation_passed': False, 'cooldown_active': False}
2025-08-29 20:16:36 | INFO     | utils.logger:info:50 - Using yfinance fallback for AMZN data
2025-08-29 20:16:37 | INFO     | utils.logger:strategy:103 - STRATEGY: Enhanced Momentum Strategy | NEUTRAL | AMZN | {'strength': np.float64(-0.014899730637766341), 'rsi': np.float64(52.6188185016893), 'macd_histogram': np.float64(nan), 'adx': np.float64(9.341967036167873), 'confirmation_passed': False, 'cooldown_active': False}
2025-08-29 20:16:37 | INFO     | utils.logger:info:50 - Using yfinance fallback for NVDA data
2025-08-29 20:16:37 | INFO     | utils.logger:strategy:103 - STRATEGY: Enhanced Momentum Strategy | NEUTRAL | NVDA | {'strength': np.float64(-0.013976277095074185), 'rsi': np.float64(42.11920019510552), 'macd_histogram': np.float64(nan), 'adx': np.float64(19.96086698670587), 'confirmation_passed': False, 'cooldown_active': False}
2025-08-29 20:16:37 | INFO     | utils.logger:info:50 - Using yfinance fallback for AMD data
2025-08-29 20:16:37 | INFO     | utils.logger:strategy:103 - STRATEGY: Enhanced Momentum Strategy | NEUTRAL | AMD | {'strength': np.float64(-0.016841240364254707), 'rsi': np.float64(43.84371336503712), 'macd_histogram': np.float64(nan), 'adx': np.float64(12.400576271416295), 'confirmation_passed': False, 'cooldown_active': False}
2025-08-29 20:18:32 | INFO     | utils.logger:info:50 - Using yfinance fallback for AAPL data
2025-08-29 20:18:32 | INFO     | utils.logger:strategy:103 - STRATEGY: Enhanced Momentum Strategy | SELL | AAPL | {'strength': np.float64(-0.016506545314810675), 'rsi': np.float64(66.81799636571739), 'macd_histogram': np.float64(nan), 'adx': np.float64(29.98706472062788), 'confirmation_passed': True, 'cooldown_active': False}
2025-08-29 20:18:33 | INFO     | utils.logger:info:50 - Using yfinance fallback for MSFT data
2025-08-29 20:18:33 | INFO     | utils.logger:strategy:103 - STRATEGY: Enhanced Momentum Strategy | NEUTRAL | MSFT | {'strength': np.float64(-0.013628854159748162), 'rsi': np.float64(45.953613922248785), 'macd_histogram': np.float64(nan), 'adx': np.float64(16.206875285466474), 'confirmation_passed': False, 'cooldown_active': False}
2025-08-29 20:18:33 | INFO     | utils.logger:info:50 - Using yfinance fallback for GOOGL data
2025-08-29 20:18:33 | INFO     | utils.logger:strategy:103 - STRATEGY: Enhanced Momentum Strategy | SELL | GOOGL | {'strength': np.float64(-0.0022488213160706907), 'rsi': np.float64(75.96911316798881), 'macd_histogram': np.float64(nan), 'adx': np.float64(41.74953773593442), 'confirmation_passed': True, 'cooldown_active': False}
2025-08-29 20:18:33 | INFO     | utils.logger:info:50 - Using yfinance fallback for TSLA data
2025-08-29 20:18:34 | INFO     | utils.logger:strategy:103 - STRATEGY: Enhanced Momentum Strategy | NEUTRAL | TSLA | {'strength': np.float64(-0.00917086162371199), 'rsi': np.float64(50.36401970240474), 'macd_histogram': np.float64(nan), 'adx': np.float64(7.68162562394135), 'confirmation_passed': False, 'cooldown_active': False}
2025-08-29 20:18:34 | INFO     | utils.logger:info:50 - Using yfinance fallback for AMZN data
2025-08-29 20:18:34 | INFO     | utils.logger:strategy:103 - STRATEGY: Enhanced Momentum Strategy | NEUTRAL | AMZN | {'strength': np.float64(-0.014803820047527897), 'rsi': np.float64(52.69053655769529), 'macd_histogram': np.float64(nan), 'adx': np.float64(9.341967036167873), 'confirmation_passed': False, 'cooldown_active': False}
2025-08-29 20:18:34 | INFO     | utils.logger:info:50 - Using yfinance fallback for NVDA data
2025-08-29 20:18:34 | INFO     | utils.logger:strategy:103 - STRATEGY: Enhanced Momentum Strategy | NEUTRAL | NVDA | {'strength': np.float64(-0.014032961979127607), 'rsi': np.float64(41.98900619027459), 'macd_histogram': np.float64(nan), 'adx': np.float64(19.96086698670587), 'confirmation_passed': False, 'cooldown_active': False}
2025-08-29 20:18:34 | INFO     | utils.logger:info:50 - Using yfinance fallback for AMD data
2025-08-29 20:18:35 | INFO     | utils.logger:strategy:103 - STRATEGY: Enhanced Momentum Strategy | NEUTRAL | AMD | {'strength': np.float64(-0.016894356017393804), 'rsi': np.float64(43.77761708888767), 'macd_histogram': np.float64(nan), 'adx': np.float64(12.400576271416295), 'confirmation_passed': False, 'cooldown_active': False}
2025-08-29 20:18:38 | INFO     | utils.logger:info:50 - Using yfinance fallback for AAPL data
2025-08-29 20:18:39 | INFO     | utils.logger:strategy:103 - STRATEGY: Enhanced Momentum Strategy | SELL | AAPL | {'strength': np.float64(-0.016504955720347988), 'rsi': np.float64(66.81799636571739), 'macd_histogram': np.float64(nan), 'adx': np.float64(29.98706472062788), 'confirmation_passed': True, 'cooldown_active': False}
2025-08-29 20:18:39 | INFO     | utils.logger:info:50 - Using yfinance fallback for MSFT data
2025-08-29 20:18:39 | INFO     | utils.logger:strategy:103 - STRATEGY: Enhanced Momentum Strategy | NEUTRAL | MSFT | {'strength': np.float64(-0.013628488639860359), 'rsi': np.float64(45.953613922248785), 'macd_histogram': np.float64(nan), 'adx': np.float64(16.206875285466474), 'confirmation_passed': False, 'cooldown_active': False}
2025-08-29 20:18:39 | INFO     | utils.logger:info:50 - Using yfinance fallback for GOOGL data
2025-08-29 20:18:40 | INFO     | utils.logger:strategy:103 - STRATEGY: Enhanced Momentum Strategy | SELL | GOOGL | {'strength': np.float64(-0.0023915147058654854), 'rsi': np.float64(75.89856962488123), 'macd_histogram': np.float64(nan), 'adx': np.float64(41.74953773593442), 'confirmation_passed': True, 'cooldown_active': False}
2025-08-29 20:18:40 | INFO     | utils.logger:info:50 - Using yfinance fallback for TSLA data
2025-08-29 20:18:40 | INFO     | utils.logger:strategy:103 - STRATEGY: Enhanced Momentum Strategy | NEUTRAL | TSLA | {'strength': np.float64(-0.009105749620320907), 'rsi': np.float64(50.42310767996967), 'macd_histogram': np.float64(nan), 'adx': np.float64(7.68162562394135), 'confirmation_passed': False, 'cooldown_active': False}
2025-08-29 20:18:40 | INFO     | utils.logger:info:50 - Using yfinance fallback for AMZN data
2025-08-29 20:18:40 | INFO     | utils.logger:strategy:103 - STRATEGY: Enhanced Momentum Strategy | NEUTRAL | AMZN | {'strength': np.float64(-0.014829911477796854), 'rsi': np.float64(52.64264623267327), 'macd_histogram': np.float64(nan), 'adx': np.float64(9.341967036167873), 'confirmation_passed': False, 'cooldown_active': False}
2025-08-29 20:18:41 | INFO     | utils.logger:info:50 - Using yfinance fallback for NVDA data
2025-08-29 20:18:41 | INFO     | utils.logger:strategy:103 - STRATEGY: Enhanced Momentum Strategy | NEUTRAL | NVDA | {'strength': np.float64(-0.01407162249611262), 'rsi': np.float64(41.94067253959768), 'macd_histogram': np.float64(nan), 'adx': np.float64(19.96086698670587), 'confirmation_passed': False, 'cooldown_active': False}
2025-08-29 20:18:41 | INFO     | utils.logger:info:50 - Using yfinance fallback for AMD data
2025-08-29 20:18:41 | INFO     | utils.logger:strategy:103 - STRATEGY: Enhanced Momentum Strategy | NEUTRAL | AMD | {'strength': np.float64(-0.01688598280676842), 'rsi': np.float64(43.782336781377104), 'macd_histogram': np.float64(nan), 'adx': np.float64(12.400576271416295), 'confirmation_passed': False, 'cooldown_active': False}
2025-08-29 20:20:36 | INFO     | utils.logger:info:50 - Using yfinance fallback for AAPL data
2025-08-29 20:20:36 | INFO     | utils.logger:strategy:103 - STRATEGY: Enhanced Momentum Strategy | SELL | AAPL | {'strength': np.float64(-0.016454988940418958), 'rsi': np.float64(66.51626120449896), 'macd_histogram': np.float64(nan), 'adx': np.float64(29.98706472062788), 'confirmation_passed': True, 'cooldown_active': False}
2025-08-29 20:20:36 | INFO     | utils.logger:info:50 - Using yfinance fallback for MSFT data
2025-08-29 20:20:36 | INFO     | utils.logger:strategy:103 - STRATEGY: Enhanced Momentum Strategy | NEUTRAL | MSFT | {'strength': np.float64(-0.013586312614431894), 'rsi': np.float64(45.89144651747306), 'macd_histogram': np.float64(nan), 'adx': np.float64(16.206875285466474), 'confirmation_passed': False, 'cooldown_active': False}
2025-08-29 20:20:37 | INFO     | utils.logger:info:50 - Using yfinance fallback for GOOGL data
2025-08-29 20:20:37 | INFO     | utils.logger:strategy:103 - STRATEGY: Enhanced Momentum Strategy | SELL | GOOGL | {'strength': np.float64(-0.0018521718572917347), 'rsi': np.float64(75.50658790110487), 'macd_histogram': np.float64(nan), 'adx': np.float64(41.762571866789884), 'confirmation_passed': True, 'cooldown_active': False}
2025-08-29 20:20:37 | INFO     | utils.logger:info:50 - Using yfinance fallback for TSLA data
2025-08-29 20:20:37 | INFO     | utils.logger:strategy:103 - STRATEGY: Enhanced Momentum Strategy | NEUTRAL | TSLA | {'strength': np.float64(-0.00922705033944326), 'rsi': np.float64(50.227715624740405), 'macd_histogram': np.float64(nan), 'adx': np.float64(7.68162562394135), 'confirmation_passed': False, 'cooldown_active': False}
2025-08-29 20:20:37 | INFO     | utils.logger:info:50 - Using yfinance fallback for AMZN data
2025-08-29 20:20:38 | INFO     | utils.logger:strategy:103 - STRATEGY: Enhanced Momentum Strategy | NEUTRAL | AMZN | {'strength': np.float64(-0.014928174377073932), 'rsi': np.float64(52.38957498468502), 'macd_histogram': np.float64(nan), 'adx': np.float64(9.341967036167873), 'confirmation_passed': False, 'cooldown_active': False}
2025-08-29 20:20:38 | INFO     | utils.logger:info:50 - Using yfinance fallback for NVDA data
2025-08-29 20:20:38 | INFO     | utils.logger:strategy:103 - STRATEGY: Enhanced Momentum Strategy | NEUTRAL | NVDA | {'strength': np.float64(-0.014193103213720817), 'rsi': np.float64(41.73087991522035), 'macd_histogram': np.float64(nan), 'adx': np.float64(19.96086698670587), 'confirmation_passed': False, 'cooldown_active': False}
2025-08-29 20:20:38 | INFO     | utils.logger:info:50 - Using yfinance fallback for AMD data
2025-08-29 20:20:38 | INFO     | utils.logger:strategy:103 - STRATEGY: Enhanced Momentum Strategy | NEUTRAL | AMD | {'strength': np.float64(-0.01698573582943823), 'rsi': np.float64(43.683436466217046), 'macd_histogram': np.float64(nan), 'adx': np.float64(12.400576271416295), 'confirmation_passed': False, 'cooldown_active': False}
2025-08-29 20:20:42 | INFO     | utils.logger:info:50 - Using yfinance fallback for AAPL data
2025-08-29 20:20:43 | INFO     | utils.logger:strategy:103 - STRATEGY: Enhanced Momentum Strategy | SELL | AAPL | {'strength': np.float64(-0.01640181821866742), 'rsi': np.float64(66.56637376100669), 'macd_histogram': np.float64(nan), 'adx': np.float64(29.98706472062788), 'confirmation_passed': True, 'cooldown_active': False}
2025-08-29 20:20:43 | INFO     | utils.logger:info:50 - Using yfinance fallback for MSFT data
2025-08-29 20:20:43 | INFO     | utils.logger:strategy:103 - STRATEGY: Enhanced Momentum Strategy | NEUTRAL | MSFT | {'strength': np.float64(-0.01357848971758767), 'rsi': np.float64(45.90209699700328), 'macd_histogram': np.float64(nan), 'adx': np.float64(16.206875285466474), 'confirmation_passed': False, 'cooldown_active': False}
2025-08-29 20:20:43 | INFO     | utils.logger:info:50 - Using yfinance fallback for GOOGL data
2025-08-29 20:20:43 | INFO     | utils.logger:strategy:103 - STRATEGY: Enhanced Momentum Strategy | SELL | GOOGL | {'strength': np.float64(-0.0014901609165099679), 'rsi': np.float64(75.63768022181098), 'macd_histogram': np.float64(nan), 'adx': np.float64(41.762571866789884), 'confirmation_passed': True, 'cooldown_active': False}
2025-08-29 20:20:43 | INFO     | utils.logger:info:50 - Using yfinance fallback for TSLA data
2025-08-29 20:20:44 | INFO     | utils.logger:strategy:103 - STRATEGY: Enhanced Momentum Strategy | NEUTRAL | TSLA | {'strength': np.float64(-0.009217363917555564), 'rsi': np.float64(50.233844675485194), 'macd_histogram': np.float64(nan), 'adx': np.float64(7.68162562394135), 'confirmation_passed': False, 'cooldown_active': False}
2025-08-29 20:20:44 | INFO     | utils.logger:info:50 - Using yfinance fallback for AMZN data
2025-08-29 20:20:44 | INFO     | utils.logger:strategy:103 - STRATEGY: Enhanced Momentum Strategy | NEUTRAL | AMZN | {'strength': np.float64(-0.014924286730835536), 'rsi': np.float64(52.38957498468502), 'macd_histogram': np.float64(nan), 'adx': np.float64(9.341967036167873), 'confirmation_passed': False, 'cooldown_active': False}
2025-08-29 20:20:44 | INFO     | utils.logger:info:50 - Using yfinance fallback for NVDA data
2025-08-29 20:20:44 | INFO     | utils.logger:strategy:103 - STRATEGY: Enhanced Momentum Strategy | NEUTRAL | NVDA | {'strength': np.float64(-0.014187316932795069), 'rsi': np.float64(41.735114580534606), 'macd_histogram': np.float64(nan), 'adx': np.float64(19.96086698670587), 'confirmation_passed': False, 'cooldown_active': False}
2025-08-29 20:20:45 | INFO     | utils.logger:info:50 - Using yfinance fallback for AMD data
2025-08-29 20:20:45 | INFO     | utils.logger:strategy:103 - STRATEGY: Enhanced Momentum Strategy | NEUTRAL | AMD | {'strength': np.float64(-0.01695759615789342), 'rsi': np.float64(43.70231184981768), 'macd_histogram': np.float64(nan), 'adx': np.float64(12.400576271416295), 'confirmation_passed': False, 'cooldown_active': False}
2025-08-29 20:22:39 | INFO     | utils.logger:info:50 - Using yfinance fallback for AAPL data
2025-08-29 20:22:40 | INFO     | utils.logger:strategy:103 - STRATEGY: Enhanced Momentum Strategy | SELL | AAPL | {'strength': np.float64(-0.0162374148116306), 'rsi': np.float64(66.66678737207158), 'macd_histogram': np.float64(nan), 'adx': np.float64(29.98706472062788), 'confirmation_passed': True, 'cooldown_active': False}
2025-08-29 20:22:40 | INFO     | utils.logger:info:50 - Using yfinance fallback for MSFT data
2025-08-29 20:22:40 | INFO     | utils.logger:strategy:103 - STRATEGY: Enhanced Momentum Strategy | NEUTRAL | MSFT | {'strength': np.float64(-0.013428802847866753), 'rsi': np.float64(46.102363713411464), 'macd_histogram': np.float64(nan), 'adx': np.float64(16.206875285466474), 'confirmation_passed': False, 'cooldown_active': False}
2025-08-29 20:22:40 | INFO     | utils.logger:info:50 - Using yfinance fallback for GOOGL data
2025-08-29 20:22:40 | INFO     | utils.logger:strategy:103 - STRATEGY: Enhanced Momentum Strategy | NEUTRAL | GOOGL | {'strength': np.float64(-0.00024884433777110716), 'rsi': np.float64(75.72153748514157), 'macd_histogram': np.float64(nan), 'adx': np.float64(41.762571866789884), 'confirmation_passed': False, 'cooldown_active': False}
2025-08-29 20:22:41 | INFO     | utils.logger:info:50 - Using yfinance fallback for TSLA data
2025-08-29 20:22:41 | INFO     | utils.logger:strategy:103 - STRATEGY: Enhanced Momentum Strategy | NEUTRAL | TSLA | {'strength': np.float64(-0.009150586470919531), 'rsi': np.float64(50.21845887951799), 'macd_histogram': np.float64(nan), 'adx': np.float64(7.68162562394135), 'confirmation_passed': False, 'cooldown_active': False}
2025-08-29 20:22:41 | INFO     | utils.logger:info:50 - Using yfinance fallback for AMZN data
2025-08-29 20:22:41 | INFO     | utils.logger:strategy:103 - STRATEGY: Enhanced Momentum Strategy | NEUTRAL | AMZN | {'strength': np.float64(-0.014808423190058427), 'rsi': np.float64(52.49209265467183), 'macd_histogram': np.float64(nan), 'adx': np.float64(9.341967036167873), 'confirmation_passed': False, 'cooldown_active': False}
2025-08-29 20:22:41 | INFO     | utils.logger:info:50 - Using yfinance fallback for NVDA data
2025-08-29 20:22:41 | INFO     | utils.logger:strategy:103 - STRATEGY: Enhanced Momentum Strategy | NEUTRAL | NVDA | {'strength': np.float64(-0.014022671994676461), 'rsi': np.float64(41.874809352747775), 'macd_histogram': np.float64(nan), 'adx': np.float64(19.96086698670587), 'confirmation_passed': False, 'cooldown_active': False}
2025-08-29 20:22:42 | INFO     | utils.logger:info:50 - Using yfinance fallback for AMD data
2025-08-29 20:22:42 | INFO     | utils.logger:strategy:103 - STRATEGY: Enhanced Momentum Strategy | NEUTRAL | AMD | {'strength': np.float64(-0.016860620804091883), 'rsi': np.float64(43.74209379448933), 'macd_histogram': np.float64(nan), 'adx': np.float64(12.400576271416295), 'confirmation_passed': False, 'cooldown_active': False}
2025-08-29 20:22:46 | INFO     | utils.logger:info:50 - Using yfinance fallback for AAPL data
2025-08-29 20:22:46 | INFO     | utils.logger:strategy:103 - STRATEGY: Enhanced Momentum Strategy | SELL | AAPL | {'strength': np.float64(-0.016426428604498187), 'rsi': np.float64(66.41626210586207), 'macd_histogram': np.float64(nan), 'adx': np.float64(29.98706472062788), 'confirmation_passed': True, 'cooldown_active': False}
2025-08-29 20:22:46 | INFO     | utils.logger:info:50 - Using yfinance fallback for MSFT data
2025-08-29 20:22:47 | INFO     | utils.logger:strategy:103 - STRATEGY: Enhanced Momentum Strategy | NEUTRAL | MSFT | {'strength': np.float64(-0.013427323854670782), 'rsi': np.float64(46.09559526520432), 'macd_histogram': np.float64(nan), 'adx': np.float64(16.206875285466474), 'confirmation_passed': False, 'cooldown_active': False}
2025-08-29 20:22:47 | INFO     | utils.logger:info:50 - Using yfinance fallback for GOOGL data
2025-08-29 20:22:47 | INFO     | utils.logger:strategy:103 - STRATEGY: Enhanced Momentum Strategy | NEUTRAL | GOOGL | {'strength': np.float64(-0.0003829217366678145), 'rsi': np.float64(75.65651046361154), 'macd_histogram': np.float64(nan), 'adx': np.float64(41.762571866789884), 'confirmation_passed': False, 'cooldown_active': False}
2025-08-29 20:22:47 | INFO     | utils.logger:info:50 - Using yfinance fallback for TSLA data
2025-08-29 20:22:47 | INFO     | utils.logger:strategy:103 - STRATEGY: Enhanced Momentum Strategy | NEUTRAL | TSLA | {'strength': np.float64(-0.009207611347293065), 'rsi': np.float64(50.16144779200233), 'macd_histogram': np.float64(nan), 'adx': np.float64(7.68162562394135), 'confirmation_passed': False, 'cooldown_active': False}
2025-08-29 20:22:47 | INFO     | utils.logger:info:50 - Using yfinance fallback for AMZN data
2025-08-29 20:22:48 | INFO     | utils.logger:strategy:103 - STRATEGY: Enhanced Momentum Strategy | NEUTRAL | AMZN | {'strength': np.float64(-0.014848662084518068), 'rsi': np.float64(52.421081756790585), 'macd_histogram': np.float64(nan), 'adx': np.float64(9.341967036167873), 'confirmation_passed': False, 'cooldown_active': False}
2025-08-29 20:22:48 | INFO     | utils.logger:info:50 - Using yfinance fallback for NVDA data
2025-08-29 20:22:48 | INFO     | utils.logger:strategy:103 - STRATEGY: Enhanced Momentum Strategy | NEUTRAL | NVDA | {'strength': np.float64(-0.01400713017876693), 'rsi': np.float64(41.88999196624081), 'macd_histogram': np.float64(nan), 'adx': np.float64(19.96086698670587), 'confirmation_passed': False, 'cooldown_active': False}
2025-08-29 20:22:48 | INFO     | utils.logger:info:50 - Using yfinance fallback for AMD data
2025-08-29 20:22:48 | INFO     | utils.logger:strategy:103 - STRATEGY: Enhanced Momentum Strategy | NEUTRAL | AMD | {'strength': np.float64(-0.016819291086059365), 'rsi': np.float64(43.768180755919815), 'macd_histogram': np.float64(nan), 'adx': np.float64(12.400576271416295), 'confirmation_passed': False, 'cooldown_active': False}
2025-08-29 20:24:43 | INFO     | utils.logger:info:50 - Using yfinance fallback for AAPL data
2025-08-29 20:24:43 | INFO     | utils.logger:strategy:103 - STRATEGY: Enhanced Momentum Strategy | SELL | AAPL | {'strength': np.float64(-0.01607099512200325), 'rsi': np.float64(66.75492216179873), 'macd_histogram': np.float64(nan), 'adx': np.float64(29.98706472062788), 'confirmation_passed': True, 'cooldown_active': False}
2025-08-29 20:24:43 | INFO     | utils.logger:info:50 - Using yfinance fallback for MSFT data
2025-08-29 20:24:44 | INFO     | utils.logger:strategy:103 - STRATEGY: Enhanced Momentum Strategy | NEUTRAL | MSFT | {'strength': np.float64(-0.01341751181393862), 'rsi': np.float64(46.042730220573105), 'macd_histogram': np.float64(nan), 'adx': np.float64(16.206875285466474), 'confirmation_passed': False, 'cooldown_active': False}
2025-08-29 20:24:44 | INFO     | utils.logger:info:50 - Using yfinance fallback for GOOGL data
2025-08-29 20:24:44 | INFO     | utils.logger:strategy:103 - STRATEGY: Enhanced Momentum Strategy | NEUTRAL | GOOGL | {'strength': np.float64(0.0005177835879492979), 'rsi': np.float64(75.84411976929141), 'macd_histogram': np.float64(nan), 'adx': np.float64(41.762571866789884), 'confirmation_passed': False, 'cooldown_active': False}
2025-08-29 20:24:44 | INFO     | utils.logger:info:50 - Using yfinance fallback for TSLA data
2025-08-29 20:24:44 | INFO     | utils.logger:strategy:103 - STRATEGY: Enhanced Momentum Strategy | NEUTRAL | TSLA | {'strength': np.float64(-0.009207596267791891), 'rsi': np.float64(50.088471691883846), 'macd_histogram': np.float64(nan), 'adx': np.float64(7.68162562394135), 'confirmation_passed': False, 'cooldown_active': False}
2025-08-29 20:24:44 | INFO     | utils.logger:info:50 - Using yfinance fallback for AMZN data
2025-08-29 20:24:45 | INFO     | utils.logger:strategy:103 - STRATEGY: Enhanced Momentum Strategy | NEUTRAL | AMZN | {'strength': np.float64(-0.01473047504984432), 'rsi': np.float64(52.531618296429116), 'macd_histogram': np.float64(nan), 'adx': np.float64(9.341967036167873), 'confirmation_passed': False, 'cooldown_active': False}
2025-08-29 20:24:45 | INFO     | utils.logger:info:50 - Using yfinance fallback for NVDA data
2025-08-29 20:24:45 | INFO     | utils.logger:strategy:103 - STRATEGY: Enhanced Momentum Strategy | NEUTRAL | NVDA | {'strength': np.float64(-0.014004754481298511), 'rsi': np.float64(41.844453980982486), 'macd_histogram': np.float64(nan), 'adx': np.float64(19.96086698670587), 'confirmation_passed': False, 'cooldown_active': False}
2025-08-29 20:24:45 | INFO     | utils.logger:info:50 - Using yfinance fallback for AMD data
2025-08-29 20:24:45 | INFO     | utils.logger:strategy:103 - STRATEGY: Enhanced Momentum Strategy | NEUTRAL | AMD | {'strength': np.float64(-0.01665293707744595), 'rsi': np.float64(43.834262944338626), 'macd_histogram': np.float64(nan), 'adx': np.float64(12.400576271416295), 'confirmation_passed': False, 'cooldown_active': False}
2025-08-29 20:24:49 | INFO     | utils.logger:info:50 - Using yfinance fallback for AAPL data
2025-08-29 20:24:50 | INFO     | utils.logger:strategy:103 - STRATEGY: Enhanced Momentum Strategy | SELL | AAPL | {'strength': np.float64(-0.016029948165553153), 'rsi': np.float64(66.80535657984541), 'macd_histogram': np.float64(nan), 'adx': np.float64(29.98706472062788), 'confirmation_passed': True, 'cooldown_active': False}
2025-08-29 20:24:50 | INFO     | utils.logger:info:50 - Using yfinance fallback for MSFT data
2025-08-29 20:24:50 | INFO     | utils.logger:strategy:103 - STRATEGY: Enhanced Momentum Strategy | NEUTRAL | MSFT | {'strength': np.float64(-0.013421677390616388), 'rsi': np.float64(46.01794608206181), 'macd_histogram': np.float64(nan), 'adx': np.float64(16.206875285466474), 'confirmation_passed': False, 'cooldown_active': False}
2025-08-29 20:24:50 | INFO     | utils.logger:info:50 - Using yfinance fallback for GOOGL data
2025-08-29 20:24:51 | INFO     | utils.logger:strategy:103 - STRATEGY: Enhanced Momentum Strategy | NEUTRAL | GOOGL | {'strength': np.float64(0.00041110808181682836), 'rsi': np.float64(75.79542396193153), 'macd_histogram': np.float64(nan), 'adx': np.float64(41.762571866789884), 'confirmation_passed': False, 'cooldown_active': False}
2025-08-29 20:24:51 | INFO     | utils.logger:info:50 - Using yfinance fallback for TSLA data
2025-08-29 20:24:51 | INFO     | utils.logger:strategy:103 - STRATEGY: Enhanced Momentum Strategy | NEUTRAL | TSLA | {'strength': np.float64(-0.009266248158063331), 'rsi': np.float64(50.03078232112255), 'macd_histogram': np.float64(nan), 'adx': np.float64(7.68162562394135), 'confirmation_passed': False, 'cooldown_active': False}
2025-08-29 20:24:51 | INFO     | utils.logger:info:50 - Using yfinance fallback for AMZN data
2025-08-29 20:24:51 | INFO     | utils.logger:strategy:103 - STRATEGY: Enhanced Momentum Strategy | NEUTRAL | AMZN | {'strength': np.float64(-0.014734662792880795), 'rsi': np.float64(52.52372289165415), 'macd_histogram': np.float64(nan), 'adx': np.float64(9.341967036167873), 'confirmation_passed': False, 'cooldown_active': False}
2025-08-29 20:24:51 | INFO     | utils.logger:info:50 - Using yfinance fallback for NVDA data
2025-08-29 20:24:52 | INFO     | utils.logger:strategy:103 - STRATEGY: Enhanced Momentum Strategy | NEUTRAL | NVDA | {'strength': np.float64(-0.01399581938970109), 'rsi': np.float64(41.85204448376079), 'macd_histogram': np.float64(nan), 'adx': np.float64(19.96086698670587), 'confirmation_passed': False, 'cooldown_active': False}
2025-08-29 20:24:52 | INFO     | utils.logger:info:50 - Using yfinance fallback for AMD data
2025-08-29 20:24:52 | INFO     | utils.logger:strategy:103 - STRATEGY: Enhanced Momentum Strategy | NEUTRAL | AMD | {'strength': np.float64(-0.016670875396184958), 'rsi': np.float64(43.81535990720608), 'macd_histogram': np.float64(nan), 'adx': np.float64(12.400576271416295), 'confirmation_passed': False, 'cooldown_active': False}
2025-08-29 20:26:46 | INFO     | utils.logger:info:50 - Using yfinance fallback for AAPL data
2025-08-29 20:26:47 | INFO     | utils.logger:strategy:103 - STRATEGY: Enhanced Momentum Strategy | SELL | AAPL | {'strength': np.float64(-0.016065814784086654), 'rsi': np.float64(66.67937477191569), 'macd_histogram': np.float64(nan), 'adx': np.float64(29.98706472062788), 'confirmation_passed': True, 'cooldown_active': False}
2025-08-29 20:26:47 | INFO     | utils.logger:info:50 - Using yfinance fallback for MSFT data
2025-08-29 20:26:47 | INFO     | utils.logger:strategy:103 - STRATEGY: Enhanced Momentum Strategy | NEUTRAL | MSFT | {'strength': np.float64(-0.013437997240158435), 'rsi': np.float64(45.85501956186253), 'macd_histogram': np.float64(nan), 'adx': np.float64(16.206875285466474), 'confirmation_passed': False, 'cooldown_active': False}
2025-08-29 20:26:47 | INFO     | utils.logger:info:50 - Using yfinance fallback for GOOGL data
2025-08-29 20:26:48 | INFO     | utils.logger:strategy:103 - STRATEGY: Enhanced Momentum Strategy | NEUTRAL | GOOGL | {'strength': np.float64(0.0005262968661603817), 'rsi': np.float64(75.67047210477898), 'macd_histogram': np.float64(nan), 'adx': np.float64(41.762571866789884), 'confirmation_passed': False, 'cooldown_active': False}
2025-08-29 20:26:48 | INFO     | utils.logger:info:50 - Using yfinance fallback for TSLA data
2025-08-29 20:26:48 | INFO     | utils.logger:strategy:103 - STRATEGY: Enhanced Momentum Strategy | NEUTRAL | TSLA | {'strength': np.float64(-0.00913996050974889), 'rsi': np.float64(50.04021330480811), 'macd_histogram': np.float64(nan), 'adx': np.float64(7.697523293624221), 'confirmation_passed': False, 'cooldown_active': False}
2025-08-29 20:26:48 | INFO     | utils.logger:info:50 - Using yfinance fallback for AMZN data
2025-08-29 20:26:48 | INFO     | utils.logger:strategy:103 - STRATEGY: Enhanced Momentum Strategy | NEUTRAL | AMZN | {'strength': np.float64(-0.014753334900778823), 'rsi': np.float64(52.44473069912167), 'macd_histogram': np.float64(nan), 'adx': np.float64(9.341967036167873), 'confirmation_passed': False, 'cooldown_active': False}
2025-08-29 20:26:48 | INFO     | utils.logger:info:50 - Using yfinance fallback for NVDA data
2025-08-29 20:26:49 | INFO     | utils.logger:strategy:103 - STRATEGY: Enhanced Momentum Strategy | NEUTRAL | NVDA | {'strength': np.float64(-0.013893693207040097), 'rsi': np.float64(41.92817093670499), 'macd_histogram': np.float64(nan), 'adx': np.float64(19.96086698670587), 'confirmation_passed': False, 'cooldown_active': False}
2025-08-29 20:26:49 | INFO     | utils.logger:info:50 - Using yfinance fallback for AMD data
2025-08-29 20:26:49 | INFO     | utils.logger:strategy:103 - STRATEGY: Enhanced Momentum Strategy | NEUTRAL | AMD | {'strength': np.float64(-0.016690919707671507), 'rsi': np.float64(43.77515692100718), 'macd_histogram': np.float64(nan), 'adx': np.float64(12.400576271416295), 'confirmation_passed': False, 'cooldown_active': False}
2025-08-29 20:26:53 | INFO     | utils.logger:info:50 - Using yfinance fallback for AAPL data
2025-08-29 20:26:53 | INFO     | utils.logger:strategy:103 - STRATEGY: Enhanced Momentum Strategy | SELL | AAPL | {'strength': np.float64(-0.016109026703837508), 'rsi': np.float64(66.61652357168579), 'macd_histogram': np.float64(nan), 'adx': np.float64(29.98706472062788), 'confirmation_passed': True, 'cooldown_active': False}
2025-08-29 20:26:53 | INFO     | utils.logger:info:50 - Using yfinance fallback for MSFT data
2025-08-29 20:26:54 | INFO     | utils.logger:strategy:103 - STRATEGY: Enhanced Momentum Strategy | NEUTRAL | MSFT | {'strength': np.float64(-0.013428244131437372), 'rsi': np.float64(45.874698562200884), 'macd_histogram': np.float64(nan), 'adx': np.float64(16.206875285466474), 'confirmation_passed': False, 'cooldown_active': False}
2025-08-29 20:26:54 | INFO     | utils.logger:info:50 - Using yfinance fallback for GOOGL data
2025-08-29 20:26:54 | INFO     | utils.logger:strategy:103 - STRATEGY: Enhanced Momentum Strategy | NEUTRAL | GOOGL | {'strength': np.float64(0.0006331804105426316), 'rsi': np.float64(75.70299179017046), 'macd_histogram': np.float64(nan), 'adx': np.float64(41.762571866789884), 'confirmation_passed': False, 'cooldown_active': False}
2025-08-29 20:26:54 | INFO     | utils.logger:info:50 - Using yfinance fallback for TSLA data
2025-08-29 20:26:54 | INFO     | utils.logger:strategy:103 - STRATEGY: Enhanced Momentum Strategy | NEUTRAL | TSLA | {'strength': np.float64(-0.009106540305390336), 'rsi': np.float64(50.0675907696357), 'macd_histogram': np.float64(nan), 'adx': np.float64(7.697523293624221), 'confirmation_passed': False, 'cooldown_active': False}
2025-08-29 20:26:55 | INFO     | utils.logger:info:50 - Using yfinance fallback for AMZN data
2025-08-29 20:26:55 | INFO     | utils.logger:strategy:103 - STRATEGY: Enhanced Momentum Strategy | NEUTRAL | AMZN | {'strength': np.float64(-0.014756034489287891), 'rsi': np.float64(52.43683732733315), 'macd_histogram': np.float64(nan), 'adx': np.float64(9.341967036167873), 'confirmation_passed': False, 'cooldown_active': False}
2025-08-29 20:26:55 | INFO     | utils.logger:info:50 - Using yfinance fallback for NVDA data
2025-08-29 20:26:55 | INFO     | utils.logger:strategy:103 - STRATEGY: Enhanced Momentum Strategy | NEUTRAL | NVDA | {'strength': np.float64(-0.013910805180490201), 'rsi': np.float64(41.90520879809712), 'macd_histogram': np.float64(nan), 'adx': np.float64(19.96086698670587), 'confirmation_passed': False, 'cooldown_active': False}
2025-08-29 20:26:55 | INFO     | utils.logger:info:50 - Using yfinance fallback for AMD data
2025-08-29 20:26:55 | INFO     | utils.logger:strategy:103 - STRATEGY: Enhanced Momentum Strategy | NEUTRAL | AMD | {'strength': np.float64(-0.01669337449375402), 'rsi': np.float64(43.7728984138449), 'macd_histogram': np.float64(nan), 'adx': np.float64(12.400576271416295), 'confirmation_passed': False, 'cooldown_active': False}
2025-08-29 20:28:50 | INFO     | utils.logger:info:50 - Using yfinance fallback for AAPL data
2025-08-29 20:28:50 | INFO     | utils.logger:strategy:103 - STRATEGY: Enhanced Momentum Strategy | SELL | AAPL | {'strength': np.float64(-0.016184930081287973), 'rsi': np.float64(66.44125273673397), 'macd_histogram': np.float64(nan), 'adx': np.float64(29.98706472062788), 'confirmation_passed': True, 'cooldown_active': False}
2025-08-29 20:28:50 | INFO     | utils.logger:info:50 - Using yfinance fallback for MSFT data
2025-08-29 20:28:51 | INFO     | utils.logger:strategy:103 - STRATEGY: Enhanced Momentum Strategy | NEUTRAL | MSFT | {'strength': np.float64(-0.01341140591730767), 'rsi': np.float64(45.859915200586855), 'macd_histogram': np.float64(nan), 'adx': np.float64(16.206875285466474), 'confirmation_passed': False, 'cooldown_active': False}
2025-08-29 20:28:51 | INFO     | utils.logger:info:50 - Using yfinance fallback for GOOGL data
2025-08-29 20:28:51 | INFO     | utils.logger:strategy:103 - STRATEGY: Enhanced Momentum Strategy | NEUTRAL | GOOGL | {'strength': np.float64(-0.0007209518665140938), 'rsi': np.float64(74.91761576943934), 'macd_histogram': np.float64(nan), 'adx': np.float64(41.762571866789884), 'confirmation_passed': False, 'cooldown_active': False}
2025-08-29 20:28:51 | INFO     | utils.logger:info:50 - Using yfinance fallback for TSLA data
2025-08-29 20:28:51 | INFO     | utils.logger:strategy:103 - STRATEGY: Enhanced Momentum Strategy | NEUTRAL | TSLA | {'strength': np.float64(-0.009194815250990342), 'rsi': np.float64(49.919693804418856), 'macd_histogram': np.float64(nan), 'adx': np.float64(7.697523293624221), 'confirmation_passed': False, 'cooldown_active': False}
2025-08-29 20:28:51 | INFO     | utils.logger:info:50 - Using yfinance fallback for AMZN data
2025-08-29 20:28:52 | INFO     | utils.logger:strategy:103 - STRATEGY: Enhanced Momentum Strategy | NEUTRAL | AMZN | {'strength': np.float64(-0.014819943753394911), 'rsi': np.float64(52.24829775989198), 'macd_histogram': np.float64(nan), 'adx': np.float64(9.341967036167873), 'confirmation_passed': False, 'cooldown_active': False}
2025-08-29 20:28:52 | INFO     | utils.logger:info:50 - Using yfinance fallback for NVDA data
2025-08-29 20:28:52 | INFO     | utils.logger:strategy:103 - STRATEGY: Enhanced Momentum Strategy | NEUTRAL | NVDA | {'strength': np.float64(-0.014037405361722686), 'rsi': np.float64(41.70843213814812), 'macd_histogram': np.float64(nan), 'adx': np.float64(19.96086698670587), 'confirmation_passed': False, 'cooldown_active': False}
2025-08-29 20:28:52 | INFO     | utils.logger:info:50 - Using yfinance fallback for AMD data
2025-08-29 20:28:52 | INFO     | utils.logger:strategy:103 - STRATEGY: Enhanced Momentum Strategy | NEUTRAL | AMD | {'strength': np.float64(-0.016788863397326596), 'rsi': np.float64(43.67883833128287), 'macd_histogram': np.float64(nan), 'adx': np.float64(12.400576271416295), 'confirmation_passed': False, 'cooldown_active': False}
2025-08-29 20:28:56 | INFO     | utils.logger:info:50 - Using yfinance fallback for AAPL data
2025-08-29 20:28:57 | INFO     | utils.logger:strategy:103 - STRATEGY: Enhanced Momentum Strategy | SELL | AAPL | {'strength': np.float64(-0.016174374155904173), 'rsi': np.float64(66.45371698183737), 'macd_histogram': np.float64(nan), 'adx': np.float64(29.98706472062788), 'confirmation_passed': True, 'cooldown_active': False}
2025-08-29 20:28:57 | INFO     | utils.logger:info:50 - Using yfinance fallback for MSFT data
2025-08-29 20:28:57 | INFO     | utils.logger:strategy:103 - STRATEGY: Enhanced Momentum Strategy | NEUTRAL | MSFT | {'strength': np.float64(-0.013411160078547462), 'rsi': np.float64(45.859915200586855), 'macd_histogram': np.float64(nan), 'adx': np.float64(16.206875285466474), 'confirmation_passed': False, 'cooldown_active': False}
2025-08-29 20:28:57 | INFO     | utils.logger:info:50 - Using yfinance fallback for GOOGL data
2025-08-29 20:28:58 | INFO     | utils.logger:strategy:103 - STRATEGY: Enhanced Momentum Strategy | NEUTRAL | GOOGL | {'strength': np.float64(-0.0004535863684295364), 'rsi': np.float64(75.02590866777614), 'macd_histogram': np.float64(nan), 'adx': np.float64(41.762571866789884), 'confirmation_passed': False, 'cooldown_active': False}
2025-08-29 20:28:58 | INFO     | utils.logger:info:50 - Using yfinance fallback for TSLA data
2025-08-29 20:28:58 | INFO     | utils.logger:strategy:103 - STRATEGY: Enhanced Momentum Strategy | NEUTRAL | TSLA | {'strength': np.float64(-0.009180821144664442), 'rsi': np.float64(49.931300346406395), 'macd_histogram': np.float64(nan), 'adx': np.float64(7.697523293624221), 'confirmation_passed': False, 'cooldown_active': False}
2025-08-29 20:28:58 | INFO     | utils.logger:info:50 - Using yfinance fallback for AMZN data
2025-08-29 20:28:58 | INFO     | utils.logger:strategy:103 - STRATEGY: Enhanced Momentum Strategy | NEUTRAL | AMZN | {'strength': np.float64(-0.014794366570788142), 'rsi': np.float64(52.27963478376473), 'macd_histogram': np.float64(nan), 'adx': np.float64(9.341967036167873), 'confirmation_passed': False, 'cooldown_active': False}
2025-08-29 20:28:58 | INFO     | utils.logger:info:50 - Using yfinance fallback for NVDA data
2025-08-29 20:28:59 | INFO     | utils.logger:strategy:103 - STRATEGY: Enhanced Momentum Strategy | NEUTRAL | NVDA | {'strength': np.float64(-0.014065925243112948), 'rsi': np.float64(41.67078979353372), 'macd_histogram': np.float64(nan), 'adx': np.float64(19.96086698670587), 'confirmation_passed': False, 'cooldown_active': False}
2025-08-29 20:28:59 | INFO     | utils.logger:info:50 - Using yfinance fallback for AMD data
2025-08-29 20:28:59 | INFO     | utils.logger:strategy:103 - STRATEGY: Enhanced Momentum Strategy | NEUTRAL | AMD | {'strength': np.float64(-0.016781893305001325), 'rsi': np.float64(43.68137363175172), 'macd_histogram': np.float64(nan), 'adx': np.float64(12.400576271416295), 'confirmation_passed': False, 'cooldown_active': False}
2025-08-29 20:30:53 | INFO     | utils.logger:info:50 - Using yfinance fallback for AAPL data
2025-08-29 20:30:54 | INFO     | utils.logger:strategy:103 - STRATEGY: Enhanced Momentum Strategy | SELL | AAPL | {'strength': np.float64(-0.01591512258635977), 'rsi': np.float64(66.67031750464892), 'macd_histogram': np.float64(nan), 'adx': np.float64(29.98706472062788), 'confirmation_passed': True, 'cooldown_active': False}
2025-08-29 20:30:54 | INFO     | utils.logger:info:50 - Using yfinance fallback for MSFT data
2025-08-29 20:30:54 | INFO     | utils.logger:strategy:103 - STRATEGY: Enhanced Momentum Strategy | NEUTRAL | MSFT | {'strength': np.float64(-0.013314387269994869), 'rsi': np.float64(46.018339272684265), 'macd_histogram': np.float64(nan), 'adx': np.float64(16.206875285466474), 'confirmation_passed': False, 'cooldown_active': False}
2025-08-29 20:30:54 | INFO     | utils.logger:info:50 - Using yfinance fallback for GOOGL data
2025-08-29 20:30:55 | INFO     | utils.logger:strategy:103 - STRATEGY: Enhanced Momentum Strategy | NEUTRAL | GOOGL | {'strength': np.float64(-7.528408455839577e-05), 'rsi': np.float64(75.06504964498015), 'macd_histogram': np.float64(nan), 'adx': np.float64(41.762571866789884), 'confirmation_passed': False, 'cooldown_active': False}
2025-08-29 20:30:55 | INFO     | utils.logger:info:50 - Using yfinance fallback for TSLA data
2025-08-29 20:30:55 | INFO     | utils.logger:strategy:103 - STRATEGY: Enhanced Momentum Strategy | NEUTRAL | TSLA | {'strength': np.float64(-0.009007604029384214), 'rsi': np.float64(50.036900828107335), 'macd_histogram': np.float64(nan), 'adx': np.float64(7.697523293624221), 'confirmation_passed': False, 'cooldown_active': False}
2025-08-29 20:30:55 | INFO     | utils.logger:info:50 - Using yfinance fallback for AMZN data
2025-08-29 20:30:55 | INFO     | utils.logger:strategy:103 - STRATEGY: Enhanced Momentum Strategy | NEUTRAL | AMZN | {'strength': np.float64(-0.014624221272913825), 'rsi': np.float64(52.484185020777595), 'macd_histogram': np.float64(nan), 'adx': np.float64(9.341967036167873), 'confirmation_passed': False, 'cooldown_active': False}
2025-08-29 20:30:55 | INFO     | utils.logger:info:50 - Using yfinance fallback for NVDA data
2025-08-29 20:30:56 | INFO     | utils.logger:strategy:103 - STRATEGY: Enhanced Momentum Strategy | NEUTRAL | NVDA | {'strength': np.float64(-0.013752928387816292), 'rsi': np.float64(41.976499044485344), 'macd_histogram': np.float64(nan), 'adx': np.float64(19.96086698670587), 'confirmation_passed': False, 'cooldown_active': False}
2025-08-29 20:30:56 | INFO     | utils.logger:info:50 - Using yfinance fallback for AMD data
2025-08-29 20:30:56 | INFO     | utils.logger:strategy:103 - STRATEGY: Enhanced Momentum Strategy | NEUTRAL | AMD | {'strength': np.float64(-0.01642914594846427), 'rsi': np.float64(43.90054497925312), 'macd_histogram': np.float64(nan), 'adx': np.float64(12.400576271416295), 'confirmation_passed': False, 'cooldown_active': False}
2025-08-29 20:31:00 | INFO     | utils.logger:info:50 - Using yfinance fallback for AAPL data
2025-08-29 20:31:00 | INFO     | utils.logger:strategy:103 - STRATEGY: Enhanced Momentum Strategy | SELL | AAPL | {'strength': np.float64(-0.01593010685565913), 'rsi': np.float64(66.64166516416265), 'macd_histogram': np.float64(nan), 'adx': np.float64(29.98706472062788), 'confirmation_passed': True, 'cooldown_active': False}
2025-08-29 20:31:01 | INFO     | utils.logger:info:50 - Using yfinance fallback for MSFT data
2025-08-29 20:31:01 | INFO     | utils.logger:strategy:103 - STRATEGY: Enhanced Momentum Strategy | NEUTRAL | MSFT | {'strength': np.float64(-0.013315451363659922), 'rsi': np.float64(46.01298640810984), 'macd_histogram': np.float64(nan), 'adx': np.float64(16.206875285466474), 'confirmation_passed': False, 'cooldown_active': False}
2025-08-29 20:31:01 | INFO     | utils.logger:info:50 - Using yfinance fallback for GOOGL data
2025-08-29 20:31:01 | INFO     | utils.logger:strategy:103 - STRATEGY: Enhanced Momentum Strategy | NEUTRAL | GOOGL | {'strength': np.float64(5.768656865005645e-05), 'rsi': np.float64(75.10767944999105), 'macd_histogram': np.float64(nan), 'adx': np.float64(41.762571866789884), 'confirmation_passed': False, 'cooldown_active': False}
2025-08-29 20:31:01 | INFO     | utils.logger:info:50 - Using yfinance fallback for TSLA data
2025-08-29 20:31:02 | INFO     | utils.logger:strategy:103 - STRATEGY: Enhanced Momentum Strategy | NEUTRAL | TSLA | {'strength': np.float64(-0.00898562792819844), 'rsi': np.float64(50.05530278564311), 'macd_histogram': np.float64(nan), 'adx': np.float64(7.697523293624221), 'confirmation_passed': False, 'cooldown_active': False}
2025-08-29 20:31:02 | INFO     | utils.logger:info:50 - Using yfinance fallback for AMZN data
2025-08-29 20:31:02 | INFO     | utils.logger:strategy:103 - STRATEGY: Enhanced Momentum Strategy | NEUTRAL | AMZN | {'strength': np.float64(-0.014598594412713115), 'rsi': np.float64(52.518170970420606), 'macd_histogram': np.float64(nan), 'adx': np.float64(9.341967036167873), 'confirmation_passed': False, 'cooldown_active': False}
2025-08-29 20:31:02 | INFO     | utils.logger:info:50 - Using yfinance fallback for NVDA data
2025-08-29 20:31:02 | INFO     | utils.logger:strategy:103 - STRATEGY: Enhanced Momentum Strategy | NEUTRAL | NVDA | {'strength': np.float64(-0.013680791689144068), 'rsi': np.float64(42.05782375204953), 'macd_histogram': np.float64(nan), 'adx': np.float64(19.96086698670587), 'confirmation_passed': False, 'cooldown_active': False}
2025-08-29 20:31:02 | INFO     | utils.logger:info:50 - Using yfinance fallback for AMD data
2025-08-29 20:31:03 | INFO     | utils.logger:strategy:103 - STRATEGY: Enhanced Momentum Strategy | NEUTRAL | AMD | {'strength': np.float64(-0.016385464272736846), 'rsi': np.float64(43.92900882868026), 'macd_histogram': np.float64(nan), 'adx': np.float64(12.400576271416295), 'confirmation_passed': False, 'cooldown_active': False}
2025-08-29 20:32:57 | INFO     | utils.logger:info:50 - Using yfinance fallback for AAPL data
2025-08-29 20:32:58 | INFO     | utils.logger:strategy:103 - STRATEGY: Enhanced Momentum Strategy | SELL | AAPL | {'strength': np.float64(-0.01560583126444084), 'rsi': np.float64(66.97395854858462), 'macd_histogram': np.float64(nan), 'adx': np.float64(29.98706472062788), 'confirmation_passed': True, 'cooldown_active': False}
2025-08-29 20:32:58 | INFO     | utils.logger:info:50 - Using yfinance fallback for MSFT data
2025-08-29 20:32:58 | INFO     | utils.logger:strategy:103 - STRATEGY: Enhanced Momentum Strategy | NEUTRAL | MSFT | {'strength': np.float64(-0.013157538386601221), 'rsi': np.float64(46.18654321774238), 'macd_histogram': np.float64(nan), 'adx': np.float64(16.206875285466474), 'confirmation_passed': False, 'cooldown_active': False}
2025-08-29 20:32:58 | INFO     | utils.logger:info:50 - Using yfinance fallback for GOOGL data
2025-08-29 20:32:58 | INFO     | utils.logger:strategy:103 - STRATEGY: Enhanced Momentum Strategy | NEUTRAL | GOOGL | {'strength': np.float64(0.000695317593570541), 'rsi': np.float64(75.27818734731973), 'macd_histogram': np.float64(nan), 'adx': np.float64(41.762571866789884), 'confirmation_passed': False, 'cooldown_active': False}
2025-08-29 20:32:58 | INFO     | utils.logger:info:50 - Using yfinance fallback for TSLA data
2025-08-29 20:32:59 | INFO     | utils.logger:strategy:103 - STRATEGY: Enhanced Momentum Strategy | NEUTRAL | TSLA | {'strength': np.float64(-0.0087913198677713), 'rsi': np.float64(50.16601821060674), 'macd_histogram': np.float64(nan), 'adx': np.float64(7.697523293624221), 'confirmation_passed': False, 'cooldown_active': False}
2025-08-29 20:32:59 | INFO     | utils.logger:info:50 - Using yfinance fallback for AMZN data
2025-08-29 20:32:59 | INFO     | utils.logger:strategy:103 - STRATEGY: Enhanced Momentum Strategy | NEUTRAL | AMZN | {'strength': np.float64(-0.014465481642608077), 'rsi': np.float64(52.66967547746392), 'macd_histogram': np.float64(nan), 'adx': np.float64(9.341967036167873), 'confirmation_passed': False, 'cooldown_active': False}
2025-08-29 20:32:59 | INFO     | utils.logger:info:50 - Using yfinance fallback for NVDA data
2025-08-29 20:32:59 | INFO     | utils.logger:strategy:103 - STRATEGY: Enhanced Momentum Strategy | NEUTRAL | NVDA | {'strength': np.float64(-0.013606786705624279), 'rsi': np.float64(42.08970686149683), 'macd_histogram': np.float64(nan), 'adx': np.float64(19.96086698670587), 'confirmation_passed': False, 'cooldown_active': False}
2025-08-29 20:32:59 | INFO     | utils.logger:info:50 - Using yfinance fallback for AMD data
2025-08-29 20:33:00 | INFO     | utils.logger:strategy:103 - STRATEGY: Enhanced Momentum Strategy | NEUTRAL | AMD | {'strength': np.float64(-0.016229364597549974), 'rsi': np.float64(44.011859090757554), 'macd_histogram': np.float64(nan), 'adx': np.float64(12.400576271416295), 'confirmation_passed': False, 'cooldown_active': False}
2025-08-29 20:33:04 | INFO     | utils.logger:info:50 - Using yfinance fallback for AAPL data
2025-08-29 20:33:04 | INFO     | utils.logger:strategy:103 - STRATEGY: Enhanced Momentum Strategy | SELL | AAPL | {'strength': np.float64(-0.01556667292938385), 'rsi': np.float64(67.02069151179899), 'macd_histogram': np.float64(nan), 'adx': np.float64(29.98706472062788), 'confirmation_passed': True, 'cooldown_active': False}
2025-08-29 20:33:04 | INFO     | utils.logger:info:50 - Using yfinance fallback for MSFT data
2025-08-29 20:33:04 | INFO     | utils.logger:strategy:103 - STRATEGY: Enhanced Momentum Strategy | NEUTRAL | MSFT | {'strength': np.float64(-0.013155103587757467), 'rsi': np.float64(46.182064973580076), 'macd_histogram': np.float64(nan), 'adx': np.float64(16.206875285466474), 'confirmation_passed': False, 'cooldown_active': False}
2025-08-29 20:33:05 | INFO     | utils.logger:info:50 - Using yfinance fallback for GOOGL data
2025-08-29 20:33:05 | INFO     | utils.logger:strategy:103 - STRATEGY: Enhanced Momentum Strategy | NEUTRAL | GOOGL | {'strength': np.float64(0.000550366034466606), 'rsi': np.float64(75.21076042069), 'macd_histogram': np.float64(nan), 'adx': np.float64(41.762571866789884), 'confirmation_passed': False, 'cooldown_active': False}
2025-08-29 20:33:05 | INFO     | utils.logger:info:50 - Using yfinance fallback for TSLA data
2025-08-29 20:33:05 | INFO     | utils.logger:strategy:103 - STRATEGY: Enhanced Momentum Strategy | NEUTRAL | TSLA | {'strength': np.float64(-0.00888654787572734), 'rsi': np.float64(50.07371828345095), 'macd_histogram': np.float64(nan), 'adx': np.float64(7.697523293624221), 'confirmation_passed': False, 'cooldown_active': False}
2025-08-29 20:33:05 | INFO     | utils.logger:info:50 - Using yfinance fallback for AMZN data
2025-08-29 20:33:06 | INFO     | utils.logger:strategy:103 - STRATEGY: Enhanced Momentum Strategy | NEUTRAL | AMZN | {'strength': np.float64(-0.014480576755980253), 'rsi': np.float64(52.64264623267327), 'macd_histogram': np.float64(nan), 'adx': np.float64(9.341967036167873), 'confirmation_passed': False, 'cooldown_active': False}
2025-08-29 20:33:06 | INFO     | utils.logger:info:50 - Using yfinance fallback for NVDA data
2025-08-29 20:33:06 | INFO     | utils.logger:strategy:103 - STRATEGY: Enhanced Momentum Strategy | NEUTRAL | NVDA | {'strength': np.float64(-0.013605892662630351), 'rsi': np.float64(42.088489597710655), 'macd_histogram': np.float64(nan), 'adx': np.float64(19.96086698670587), 'confirmation_passed': False, 'cooldown_active': False}
2025-08-29 20:33:06 | INFO     | utils.logger:info:50 - Using yfinance fallback for AMD data
2025-08-29 20:33:06 | INFO     | utils.logger:strategy:103 - STRATEGY: Enhanced Momentum Strategy | NEUTRAL | AMD | {'strength': np.float64(-0.016177139847741384), 'rsi': np.float64(44.04809882742561), 'macd_histogram': np.float64(nan), 'adx': np.float64(12.400576271416295), 'confirmation_passed': False, 'cooldown_active': False}
2025-08-29 20:35:01 | INFO     | utils.logger:info:50 - Using yfinance fallback for AAPL data
2025-08-29 20:35:01 | INFO     | utils.logger:strategy:103 - STRATEGY: Enhanced Momentum Strategy | SELL | AAPL | {'strength': np.float64(-0.015575936484121443), 'rsi': np.float64(66.94632147610585), 'macd_histogram': np.float64(nan), 'adx': np.float64(29.98706472062788), 'confirmation_passed': True, 'cooldown_active': False}
2025-08-29 20:35:01 | INFO     | utils.logger:info:50 - Using yfinance fallback for MSFT data
2025-08-29 20:35:02 | INFO     | utils.logger:strategy:103 - STRATEGY: Enhanced Momentum Strategy | NEUTRAL | MSFT | {'strength': np.float64(-0.013203806729029731), 'rsi': np.float64(45.98328100011252), 'macd_histogram': np.float64(nan), 'adx': np.float64(16.206875285466474), 'confirmation_passed': False, 'cooldown_active': False}
2025-08-29 20:35:02 | INFO     | utils.logger:info:50 - Using yfinance fallback for GOOGL data
2025-08-29 20:35:02 | INFO     | utils.logger:strategy:103 - STRATEGY: Enhanced Momentum Strategy | NEUTRAL | GOOGL | {'strength': np.float64(0.0006218278309951365), 'rsi': np.float64(75.37387354406042), 'macd_histogram': np.float64(nan), 'adx': np.float64(41.762571866789884), 'confirmation_passed': False, 'cooldown_active': False}
2025-08-29 20:35:02 | INFO     | utils.logger:info:50 - Using yfinance fallback for TSLA data
2025-08-29 20:35:02 | INFO     | utils.logger:strategy:103 - STRATEGY: Enhanced Momentum Strategy | NEUTRAL | TSLA | {'strength': np.float64(-0.008778219984725767), 'rsi': np.float64(50.11060872818933), 'macd_histogram': np.float64(nan), 'adx': np.float64(7.697523293624221), 'confirmation_passed': False, 'cooldown_active': False}
2025-08-29 20:35:03 | INFO     | utils.logger:info:50 - Using yfinance fallback for AMZN data
2025-08-29 20:35:03 | INFO     | utils.logger:strategy:103 - STRATEGY: Enhanced Momentum Strategy | NEUTRAL | AMZN | {'strength': np.float64(-0.014344460967206237), 'rsi': np.float64(52.8033359208747), 'macd_histogram': np.float64(nan), 'adx': np.float64(9.341967036167873), 'confirmation_passed': False, 'cooldown_active': False}
2025-08-29 20:35:03 | INFO     | utils.logger:info:50 - Using yfinance fallback for NVDA data
2025-08-29 20:35:03 | INFO     | utils.logger:strategy:103 - STRATEGY: Enhanced Momentum Strategy | NEUTRAL | NVDA | {'strength': np.float64(-0.013529377310088847), 'rsi': np.float64(42.150096502714206), 'macd_histogram': np.float64(nan), 'adx': np.float64(19.96086698670587), 'confirmation_passed': False, 'cooldown_active': False}
2025-08-29 20:35:03 | INFO     | utils.logger:info:50 - Using yfinance fallback for AMD data
2025-08-29 20:35:04 | INFO     | utils.logger:strategy:103 - STRATEGY: Enhanced Momentum Strategy | NEUTRAL | AMD | {'strength': np.float64(-0.016220223683198767), 'rsi': np.float64(43.9955633910202), 'macd_histogram': np.float64(nan), 'adx': np.float64(12.400576271416295), 'confirmation_passed': False, 'cooldown_active': False}
2025-08-29 20:35:07 | INFO     | utils.logger:info:50 - Using yfinance fallback for AAPL data
2025-08-29 20:35:08 | INFO     | utils.logger:strategy:103 - STRATEGY: Enhanced Momentum Strategy | SELL | AAPL | {'strength': np.float64(-0.015649526954673934), 'rsi': np.float64(66.84329029181917), 'macd_histogram': np.float64(nan), 'adx': np.float64(29.98706472062788), 'confirmation_passed': True, 'cooldown_active': False}
2025-08-29 20:35:08 | INFO     | utils.logger:info:50 - Using yfinance fallback for MSFT data
2025-08-29 20:35:08 | INFO     | utils.logger:strategy:103 - STRATEGY: Enhanced Momentum Strategy | NEUTRAL | MSFT | {'strength': np.float64(-0.013203573629562418), 'rsi': np.float64(45.98328100011252), 'macd_histogram': np.float64(nan), 'adx': np.float64(16.206875285466474), 'confirmation_passed': False, 'cooldown_active': False}
2025-08-29 20:35:08 | INFO     | utils.logger:info:50 - Using yfinance fallback for GOOGL data
2025-08-29 20:35:08 | INFO     | utils.logger:strategy:103 - STRATEGY: Enhanced Momentum Strategy | NEUTRAL | GOOGL | {'strength': np.float64(0.0005921601519568891), 'rsi': np.float64(75.33568225308485), 'macd_histogram': np.float64(nan), 'adx': np.float64(41.762571866789884), 'confirmation_passed': False, 'cooldown_active': False}
2025-08-29 20:35:09 | INFO     | utils.logger:info:50 - Using yfinance fallback for TSLA data
2025-08-29 20:35:09 | INFO     | utils.logger:strategy:103 - STRATEGY: Enhanced Momentum Strategy | NEUTRAL | TSLA | {'strength': np.float64(-0.008722577462060153), 'rsi': np.float64(50.15979286637833), 'macd_histogram': np.float64(nan), 'adx': np.float64(7.697523293624221), 'confirmation_passed': False, 'cooldown_active': False}
2025-08-29 20:35:09 | INFO     | utils.logger:info:50 - Using yfinance fallback for AMZN data
2025-08-29 20:35:09 | INFO     | utils.logger:strategy:103 - STRATEGY: Enhanced Momentum Strategy | NEUTRAL | AMZN | {'strength': np.float64(-0.014339126320966986), 'rsi': np.float64(52.810046514969486), 'macd_histogram': np.float64(nan), 'adx': np.float64(9.341967036167873), 'confirmation_passed': False, 'cooldown_active': False}
2025-08-29 20:35:09 | INFO     | utils.logger:info:50 - Using yfinance fallback for NVDA data
2025-08-29 20:35:09 | INFO     | utils.logger:strategy:103 - STRATEGY: Enhanced Momentum Strategy | NEUTRAL | NVDA | {'strength': np.float64(-0.013540265490105804), 'rsi': np.float64(42.134560576565846), 'macd_histogram': np.float64(nan), 'adx': np.float64(19.96086698670587), 'confirmation_passed': False, 'cooldown_active': False}
2025-08-29 20:35:10 | INFO     | utils.logger:info:50 - Using yfinance fallback for AMD data
2025-08-29 20:35:10 | INFO     | utils.logger:strategy:103 - STRATEGY: Enhanced Momentum Strategy | NEUTRAL | AMD | {'strength': np.float64(-0.016232399861229974), 'rsi': np.float64(43.98604740215318), 'macd_histogram': np.float64(nan), 'adx': np.float64(12.400576271416295), 'confirmation_passed': False, 'cooldown_active': False}
2025-08-29 20:37:05 | INFO     | utils.logger:info:50 - Using yfinance fallback for AAPL data
2025-08-29 20:37:05 | INFO     | utils.logger:strategy:103 - STRATEGY: Enhanced Momentum Strategy | SELL | AAPL | {'strength': np.float64(-0.015493957964421972), 'rsi': np.float64(66.94454171848503), 'macd_histogram': np.float64(nan), 'adx': np.float64(29.98706472062788), 'confirmation_passed': True, 'cooldown_active': False}
2025-08-29 20:37:05 | INFO     | utils.logger:info:50 - Using yfinance fallback for MSFT data
2025-08-29 20:37:06 | INFO     | utils.logger:strategy:103 - STRATEGY: Enhanced Momentum Strategy | NEUTRAL | MSFT | {'strength': np.float64(-0.013268468466361347), 'rsi': np.float64(45.73720957140752), 'macd_histogram': np.float64(nan), 'adx': np.float64(16.206875285466474), 'confirmation_passed': False, 'cooldown_active': False}
2025-08-29 20:37:06 | INFO     | utils.logger:info:50 - Using yfinance fallback for GOOGL data
2025-08-29 20:37:06 | INFO     | utils.logger:strategy:103 - STRATEGY: Enhanced Momentum Strategy | NEUTRAL | GOOGL | {'strength': np.float64(0.0008209316966743765), 'rsi': np.float64(75.38339562767756), 'macd_histogram': np.float64(nan), 'adx': np.float64(41.762571866789884), 'confirmation_passed': False, 'cooldown_active': False}
2025-08-29 20:37:06 | INFO     | utils.logger:info:50 - Using yfinance fallback for TSLA data
2025-08-29 20:37:06 | INFO     | utils.logger:strategy:103 - STRATEGY: Enhanced Momentum Strategy | NEUTRAL | TSLA | {'strength': np.float64(-0.008830282724600846), 'rsi': np.float64(50.015464552202694), 'macd_histogram': np.float64(nan), 'adx': np.float64(7.697523293624221), 'confirmation_passed': False, 'cooldown_active': False}
2025-08-29 20:37:06 | INFO     | utils.logger:info:50 - Using yfinance fallback for AMZN data
2025-08-29 20:37:07 | INFO     | utils.logger:strategy:103 - STRATEGY: Enhanced Momentum Strategy | NEUTRAL | AMZN | {'strength': np.float64(-0.014410705617685458), 'rsi': np.float64(52.62676676033167), 'macd_histogram': np.float64(nan), 'adx': np.float64(9.341967036167873), 'confirmation_passed': False, 'cooldown_active': False}
2025-08-29 20:37:07 | INFO     | utils.logger:info:50 - Using yfinance fallback for NVDA data
2025-08-29 20:37:07 | INFO     | utils.logger:strategy:103 - STRATEGY: Enhanced Momentum Strategy | NEUTRAL | NVDA | {'strength': np.float64(-0.013342038549916767), 'rsi': np.float64(42.31985753354562), 'macd_histogram': np.float64(nan), 'adx': np.float64(19.96086698670587), 'confirmation_passed': False, 'cooldown_active': False}
2025-08-29 20:37:07 | INFO     | utils.logger:info:50 - Using yfinance fallback for AMD data
2025-08-29 20:37:07 | INFO     | utils.logger:strategy:103 - STRATEGY: Enhanced Momentum Strategy | NEUTRAL | AMD | {'strength': np.float64(-0.016184959144427843), 'rsi': np.float64(43.98604740215318), 'macd_histogram': np.float64(nan), 'adx': np.float64(12.400576271416295), 'confirmation_passed': False, 'cooldown_active': False}
2025-08-29 20:37:11 | INFO     | utils.logger:info:50 - Using yfinance fallback for AAPL data
2025-08-29 20:37:11 | INFO     | utils.logger:strategy:103 - STRATEGY: Enhanced Momentum Strategy | SELL | AAPL | {'strength': np.float64(-0.015493087474909841), 'rsi': np.float64(66.94481254506205), 'macd_histogram': np.float64(nan), 'adx': np.float64(29.98706472062788), 'confirmation_passed': True, 'cooldown_active': False}
2025-08-29 20:37:11 | INFO     | utils.logger:info:50 - Using yfinance fallback for MSFT data
2025-08-29 20:37:12 | INFO     | utils.logger:strategy:103 - STRATEGY: Enhanced Momentum Strategy | NEUTRAL | MSFT | {'strength': np.float64(-0.013240073718302499), 'rsi': np.float64(45.79602382332983), 'macd_histogram': np.float64(nan), 'adx': np.float64(16.206875285466474), 'confirmation_passed': False, 'cooldown_active': False}
2025-08-29 20:37:12 | INFO     | utils.logger:info:50 - Using yfinance fallback for GOOGL data
2025-08-29 20:37:12 | INFO     | utils.logger:strategy:103 - STRATEGY: Enhanced Momentum Strategy | NEUTRAL | GOOGL | {'strength': np.float64(0.0007563209316651926), 'rsi': np.float64(75.3165421515618), 'macd_histogram': np.float64(nan), 'adx': np.float64(41.762571866789884), 'confirmation_passed': False, 'cooldown_active': False}
2025-08-29 20:37:12 | INFO     | utils.logger:info:50 - Using yfinance fallback for TSLA data
2025-08-29 20:37:13 | INFO     | utils.logger:strategy:103 - STRATEGY: Enhanced Momentum Strategy | NEUTRAL | TSLA | {'strength': np.float64(-0.008824595293352056), 'rsi': np.float64(50.018512395915565), 'macd_histogram': np.float64(nan), 'adx': np.float64(7.697523293624221), 'confirmation_passed': False, 'cooldown_active': False}
2025-08-29 20:37:13 | INFO     | utils.logger:info:50 - Using yfinance fallback for AMZN data
2025-08-29 20:37:13 | INFO     | utils.logger:strategy:103 - STRATEGY: Enhanced Momentum Strategy | NEUTRAL | AMZN | {'strength': np.float64(-0.014418913703544398), 'rsi': np.float64(52.610872643546855), 'macd_histogram': np.float64(nan), 'adx': np.float64(9.341967036167873), 'confirmation_passed': False, 'cooldown_active': False}
2025-08-29 20:37:13 | INFO     | utils.logger:info:50 - Using yfinance fallback for NVDA data
2025-08-29 20:37:13 | INFO     | utils.logger:strategy:103 - STRATEGY: Enhanced Momentum Strategy | NEUTRAL | NVDA | {'strength': np.float64(-0.013325477068964947), 'rsi': np.float64(42.335388329021505), 'macd_histogram': np.float64(nan), 'adx': np.float64(19.96086698670587), 'confirmation_passed': False, 'cooldown_active': False}
2025-08-29 20:37:14 | INFO     | utils.logger:info:50 - Using yfinance fallback for AMD data
2025-08-29 20:37:14 | INFO     | utils.logger:strategy:103 - STRATEGY: Enhanced Momentum Strategy | NEUTRAL | AMD | {'strength': np.float64(-0.016184388916485846), 'rsi': np.float64(43.986134552835296), 'macd_histogram': np.float64(nan), 'adx': np.float64(12.400576271416295), 'confirmation_passed': False, 'cooldown_active': False}
2025-08-29 20:37:39 | INFO     | utils.logger:info:50 - Trading bot stopped by user
2025-08-29 20:37:39 | INFO     | utils.logger:info:50 - Trading bot stopped
2025-08-29 20:38:30 | INFO     | utils.logger:info:48 - Alpaca client initialized with rate limiting | {'base_url': 'https://paper-api.alpaca.markets', 'key_fingerprint': 'PKW5...3D1Z', 'max_calls_per_minute': 150, 'official_limit': '200 requests/minute'}
2025-08-29 20:39:08 | INFO     | utils.logger:info:50 - Using yfinance fallback for AAPL data
2025-08-29 20:39:09 | INFO     | utils.logger:strategy:103 - STRATEGY: Enhanced Momentum Strategy | SELL | AAPL | {'strength': np.float64(-0.015527952989395265), 'rsi': np.float64(66.80535657984541), 'macd_histogram': np.float64(nan), 'adx': np.float64(29.98706472062788), 'confirmation_passed': True, 'cooldown_active': False}
2025-08-29 20:39:09 | INFO     | utils.logger:info:50 - Using yfinance fallback for MSFT data
2025-08-29 20:39:09 | INFO     | utils.logger:strategy:103 - STRATEGY: Enhanced Momentum Strategy | NEUTRAL | MSFT | {'strength': np.float64(-0.013196936298632958), 'rsi': np.float64(45.82548770846629), 'macd_histogram': np.float64(nan), 'adx': np.float64(16.206875285466474), 'confirmation_passed': False, 'cooldown_active': False}
2025-08-29 20:39:09 | INFO     | utils.logger:info:50 - Using yfinance fallback for GOOGL data
2025-08-29 20:39:10 | INFO     | utils.logger:strategy:103 - STRATEGY: Enhanced Momentum Strategy | NEUTRAL | GOOGL | {'strength': np.float64(0.000823863014413375), 'rsi': np.float64(75.3117634461228), 'macd_histogram': np.float64(nan), 'adx': np.float64(41.762571866789884), 'confirmation_passed': False, 'cooldown_active': False}
2025-08-29 20:39:10 | INFO     | utils.logger:info:50 - Using yfinance fallback for TSLA data
2025-08-29 20:39:10 | INFO     | utils.logger:strategy:103 - STRATEGY: Enhanced Momentum Strategy | NEUTRAL | TSLA | {'strength': np.float64(-0.008875523510518249), 'rsi': np.float64(49.871890066620445), 'macd_histogram': np.float64(nan), 'adx': np.float64(7.715604463161583), 'confirmation_passed': False, 'cooldown_active': False}
2025-08-29 20:39:10 | INFO     | utils.logger:info:50 - Using yfinance fallback for AMZN data
2025-08-29 20:39:10 | INFO     | utils.logger:strategy:103 - STRATEGY: Enhanced Momentum Strategy | NEUTRAL | AMZN | {'strength': np.float64(-0.014392953999717798), 'rsi': np.float64(52.56598006498601), 'macd_histogram': np.float64(nan), 'adx': np.float64(9.341967036167873), 'confirmation_passed': False, 'cooldown_active': False}
2025-08-29 20:39:10 | INFO     | utils.logger:info:50 - Using yfinance fallback for NVDA data
2025-08-29 20:39:11 | INFO     | utils.logger:strategy:103 - STRATEGY: Enhanced Momentum Strategy | NEUTRAL | NVDA | {'strength': np.float64(-0.013241338116755789), 'rsi': np.float64(42.389764763295766), 'macd_histogram': np.float64(nan), 'adx': np.float64(19.96086698670587), 'confirmation_passed': False, 'cooldown_active': False}
2025-08-29 20:39:11 | INFO     | utils.logger:info:50 - Using yfinance fallback for AMD data
2025-08-29 20:39:11 | INFO     | utils.logger:strategy:103 - STRATEGY: Enhanced Momentum Strategy | NEUTRAL | AMD | {'strength': np.float64(-0.01607717333089428), 'rsi': np.float64(44.02892363125164), 'macd_histogram': np.float64(nan), 'adx': np.float64(12.400576271416295), 'confirmation_passed': False, 'cooldown_active': False}
2025-08-29 20:41:12 | INFO     | utils.logger:info:50 - Using yfinance fallback for AAPL data
2025-08-29 20:41:13 | INFO     | utils.logger:strategy:103 - STRATEGY: Enhanced Momentum Strategy | SELL | AAPL | {'strength': np.float64(-0.015630009033154472), 'rsi': np.float64(66.59143922443005), 'macd_histogram': np.float64(nan), 'adx': np.float64(29.98706472062788), 'confirmation_passed': True, 'cooldown_active': False}
2025-08-29 20:41:13 | INFO     | utils.logger:info:50 - Using yfinance fallback for MSFT data
2025-08-29 20:41:13 | INFO     | utils.logger:strategy:103 - STRATEGY: Enhanced Momentum Strategy | NEUTRAL | MSFT | {'strength': np.float64(-0.013221728606871748), 'rsi': np.float64(45.70785905892753), 'macd_histogram': np.float64(nan), 'adx': np.float64(16.206875285466474), 'confirmation_passed': False, 'cooldown_active': False}
2025-08-29 20:41:13 | INFO     | utils.logger:info:50 - Using yfinance fallback for GOOGL data
2025-08-29 20:41:13 | INFO     | utils.logger:strategy:103 - STRATEGY: Enhanced Momentum Strategy | NEUTRAL | GOOGL | {'strength': np.float64(0.0005772228046579027), 'rsi': np.float64(75.00628457231727), 'macd_histogram': np.float64(nan), 'adx': np.float64(41.762571866789884), 'confirmation_passed': False, 'cooldown_active': False}
2025-08-29 20:41:13 | INFO     | utils.logger:info:50 - Using yfinance fallback for TSLA data
2025-08-29 20:41:14 | INFO     | utils.logger:strategy:103 - STRATEGY: Enhanced Momentum Strategy | NEUTRAL | TSLA | {'strength': np.float64(-0.008976477431188538), 'rsi': np.float64(49.704566170553775), 'macd_histogram': np.float64(nan), 'adx': np.float64(7.72311163247049), 'confirmation_passed': False, 'cooldown_active': False}
2025-08-29 20:41:14 | INFO     | utils.logger:info:50 - Using yfinance fallback for AMZN data
2025-08-29 20:41:14 | INFO     | utils.logger:strategy:103 - STRATEGY: Enhanced Momentum Strategy | NEUTRAL | AMZN | {'strength': np.float64(-0.014402361878840909), 'rsi': np.float64(52.49209265467183), 'macd_histogram': np.float64(nan), 'adx': np.float64(9.341967036167873), 'confirmation_passed': False, 'cooldown_active': False}
2025-08-29 20:41:14 | INFO     | utils.logger:info:50 - Using yfinance fallback for NVDA data
2025-08-29 20:41:14 | INFO     | utils.logger:strategy:103 - STRATEGY: Enhanced Momentum Strategy | NEUTRAL | NVDA | {'strength': np.float64(-0.013291013519199752), 'rsi': np.float64(42.273380670536305), 'macd_histogram': np.float64(nan), 'adx': np.float64(19.96086698670587), 'confirmation_passed': False, 'cooldown_active': False}
2025-08-29 20:41:14 | INFO     | utils.logger:info:50 - Using yfinance fallback for AMD data
2025-08-29 20:41:15 | INFO     | utils.logger:strategy:103 - STRATEGY: Enhanced Momentum Strategy | NEUTRAL | AMD | {'strength': np.float64(-0.01598416781889937), 'rsi': np.float64(44.07188353073493), 'macd_histogram': np.float64(nan), 'adx': np.float64(12.400576271416295), 'confirmation_passed': False, 'cooldown_active': False}
2025-08-29 20:43:16 | INFO     | utils.logger:info:50 - Using yfinance fallback for AAPL data
2025-08-29 20:43:16 | INFO     | utils.logger:strategy:103 - STRATEGY: Enhanced Momentum Strategy | SELL | AAPL | {'strength': np.float64(-0.015702865697729558), 'rsi': np.float64(66.3845937004672), 'macd_histogram': np.float64(nan), 'adx': np.float64(29.98706472062788), 'confirmation_passed': True, 'cooldown_active': False}
2025-08-29 20:43:16 | INFO     | utils.logger:info:50 - Using yfinance fallback for MSFT data
2025-08-29 20:43:17 | INFO     | utils.logger:strategy:103 - STRATEGY: Enhanced Momentum Strategy | NEUTRAL | MSFT | {'strength': np.float64(-0.013061342126995843), 'rsi': np.float64(45.86484192900767), 'macd_histogram': np.float64(nan), 'adx': np.float64(16.206875285466474), 'confirmation_passed': False, 'cooldown_active': False}
2025-08-29 20:43:17 | INFO     | utils.logger:info:50 - Using yfinance fallback for GOOGL data
2025-08-29 20:43:17 | INFO     | utils.logger:strategy:103 - STRATEGY: Enhanced Momentum Strategy | NEUTRAL | GOOGL | {'strength': np.float64(0.0005275172099359948), 'rsi': np.float64(74.90771476372375), 'macd_histogram': np.float64(nan), 'adx': np.float64(41.762571866789884), 'confirmation_passed': False, 'cooldown_active': False}
2025-08-29 20:43:17 | INFO     | utils.logger:info:50 - Using yfinance fallback for TSLA data
2025-08-29 20:43:18 | INFO     | utils.logger:strategy:103 - STRATEGY: Enhanced Momentum Strategy | NEUTRAL | TSLA | {'strength': np.float64(-0.008853492206087839), 'rsi': np.float64(49.69555660852332), 'macd_histogram': np.float64(nan), 'adx': np.float64(7.735089277650622), 'confirmation_passed': False, 'cooldown_active': False}
2025-08-29 20:43:18 | INFO     | utils.logger:info:50 - Using yfinance fallback for AMZN data
2025-08-29 20:43:18 | INFO     | utils.logger:strategy:103 - STRATEGY: Enhanced Momentum Strategy | NEUTRAL | AMZN | {'strength': np.float64(-0.014434852040989866), 'rsi': np.float64(52.373847798688914), 'macd_histogram': np.float64(nan), 'adx': np.float64(9.341967036167873), 'confirmation_passed': False, 'cooldown_active': False}
2025-08-29 20:43:18 | INFO     | utils.logger:info:50 - Using yfinance fallback for NVDA data
2025-08-29 20:43:18 | INFO     | utils.logger:strategy:103 - STRATEGY: Enhanced Momentum Strategy | NEUTRAL | NVDA | {'strength': np.float64(-0.013460336859805333), 'rsi': np.float64(42.01957172693977), 'macd_histogram': np.float64(nan), 'adx': np.float64(19.96086698670587), 'confirmation_passed': False, 'cooldown_active': False}
2025-08-29 20:43:18 | INFO     | utils.logger:info:50 - Using yfinance fallback for AMD data
2025-08-29 20:43:19 | INFO     | utils.logger:strategy:103 - STRATEGY: Enhanced Momentum Strategy | NEUTRAL | AMD | {'strength': np.float64(-0.016185290921931255), 'rsi': np.float64(43.895799768287574), 'macd_histogram': np.float64(nan), 'adx': np.float64(12.400576271416295), 'confirmation_passed': False, 'cooldown_active': False}
2025-08-29 20:45:20 | INFO     | utils.logger:info:50 - Using yfinance fallback for AAPL data
2025-08-29 20:45:20 | INFO     | utils.logger:strategy:103 - STRATEGY: Enhanced Momentum Strategy | SELL | AAPL | {'strength': np.float64(-0.015575583283486799), 'rsi': np.float64(66.44125273673397), 'macd_histogram': np.float64(nan), 'adx': np.float64(29.98706472062788), 'confirmation_passed': True, 'cooldown_active': False}
2025-08-29 20:45:20 | INFO     | utils.logger:info:50 - Using yfinance fallback for MSFT data
2025-08-29 20:45:21 | INFO     | utils.logger:strategy:103 - STRATEGY: Enhanced Momentum Strategy | NEUTRAL | MSFT | {'strength': np.float64(-0.013038009583288216), 'rsi': np.float64(45.80585089668705), 'macd_histogram': np.float64(nan), 'adx': np.float64(16.206875285466474), 'confirmation_passed': False, 'cooldown_active': False}
2025-08-29 20:45:21 | INFO     | utils.logger:info:50 - Using yfinance fallback for GOOGL data
2025-08-29 20:45:21 | INFO     | utils.logger:strategy:103 - STRATEGY: Enhanced Momentum Strategy | NEUTRAL | GOOGL | {'strength': np.float64(0.000672243344370801), 'rsi': np.float64(74.98662961223454), 'macd_histogram': np.float64(nan), 'adx': np.float64(41.762571866789884), 'confirmation_passed': False, 'cooldown_active': False}
2025-08-29 20:45:21 | INFO     | utils.logger:info:50 - Using yfinance fallback for TSLA data
2025-08-29 20:45:21 | INFO     | utils.logger:strategy:103 - STRATEGY: Enhanced Momentum Strategy | NEUTRAL | TSLA | {'strength': np.float64(-0.00881962302334816), 'rsi': np.float64(49.665025945559776), 'macd_histogram': np.float64(nan), 'adx': np.float64(7.735089277650622), 'confirmation_passed': False, 'cooldown_active': False}
2025-08-29 20:45:22 | INFO     | utils.logger:info:50 - Using yfinance fallback for AMZN data
2025-08-29 20:45:22 | INFO     | utils.logger:strategy:103 - STRATEGY: Enhanced Momentum Strategy | NEUTRAL | AMZN | {'strength': np.float64(-0.014409631885699355), 'rsi': np.float64(52.318840999295325), 'macd_histogram': np.float64(nan), 'adx': np.float64(9.341967036167873), 'confirmation_passed': False, 'cooldown_active': False}
2025-08-29 20:45:22 | INFO     | utils.logger:info:50 - Using yfinance fallback for NVDA data
2025-08-29 20:45:22 | INFO     | utils.logger:strategy:103 - STRATEGY: Enhanced Momentum Strategy | NEUTRAL | NVDA | {'strength': np.float64(-0.01342271008975841), 'rsi': np.float64(42.02720256037446), 'macd_histogram': np.float64(nan), 'adx': np.float64(19.96086698670587), 'confirmation_passed': False, 'cooldown_active': False}
2025-08-29 20:45:22 | INFO     | utils.logger:info:50 - Using yfinance fallback for AMD data
2025-08-29 20:45:22 | INFO     | utils.logger:strategy:103 - STRATEGY: Enhanced Momentum Strategy | NEUTRAL | AMD | {'strength': np.float64(-0.01608631059811644), 'rsi': np.float64(43.94799557623204), 'macd_histogram': np.float64(nan), 'adx': np.float64(12.400576271416295), 'confirmation_passed': False, 'cooldown_active': False}
2025-08-29 20:47:24 | INFO     | utils.logger:info:50 - Using yfinance fallback for AAPL data
2025-08-29 20:47:24 | INFO     | utils.logger:strategy:103 - STRATEGY: Enhanced Momentum Strategy | SELL | AAPL | {'strength': np.float64(-0.015305050488509508), 'rsi': np.float64(66.64166516416265), 'macd_histogram': np.float64(nan), 'adx': np.float64(29.98706472062788), 'confirmation_passed': True, 'cooldown_active': False}
2025-08-29 20:47:24 | INFO     | utils.logger:info:50 - Using yfinance fallback for MSFT data
2025-08-29 20:47:24 | INFO     | utils.logger:strategy:103 - STRATEGY: Enhanced Momentum Strategy | NEUTRAL | MSFT | {'strength': np.float64(-0.01312396035737917), 'rsi': np.float64(45.50345550526877), 'macd_histogram': np.float64(nan), 'adx': np.float64(16.206875285466474), 'confirmation_passed': False, 'cooldown_active': False}
2025-08-29 20:47:25 | INFO     | utils.logger:info:50 - Using yfinance fallback for GOOGL data
2025-08-29 20:47:25 | INFO     | utils.logger:strategy:103 - STRATEGY: Enhanced Momentum Strategy | NEUTRAL | GOOGL | {'strength': np.float64(0.0008654056470316364), 'rsi': np.float64(75.10406812573288), 'macd_histogram': np.float64(nan), 'adx': np.float64(41.762571866789884), 'confirmation_passed': False, 'cooldown_active': False}
2025-08-29 20:47:25 | INFO     | utils.logger:info:50 - Using yfinance fallback for TSLA data
2025-08-29 20:47:25 | INFO     | utils.logger:strategy:103 - STRATEGY: Enhanced Momentum Strategy | NEUTRAL | TSLA | {'strength': np.float64(-0.00877540813634827), 'rsi': np.float64(49.602274771249064), 'macd_histogram': np.float64(nan), 'adx': np.float64(7.742495646577181), 'confirmation_passed': False, 'cooldown_active': False}
2025-08-29 20:47:25 | INFO     | utils.logger:info:50 - Using yfinance fallback for AMZN data
2025-08-29 20:47:26 | INFO     | utils.logger:strategy:103 - STRATEGY: Enhanced Momentum Strategy | NEUTRAL | AMZN | {'strength': np.float64(-0.014272515835652397), 'rsi': np.float64(52.46050049076225), 'macd_histogram': np.float64(nan), 'adx': np.float64(9.341967036167873), 'confirmation_passed': False, 'cooldown_active': False}
2025-08-29 20:47:26 | INFO     | utils.logger:info:50 - Using yfinance fallback for NVDA data
2025-08-29 20:47:26 | INFO     | utils.logger:strategy:103 - STRATEGY: Enhanced Momentum Strategy | NEUTRAL | NVDA | {'strength': np.float64(-0.013496539266540023), 'rsi': np.float64(41.874809352747775), 'macd_histogram': np.float64(nan), 'adx': np.float64(19.96086698670587), 'confirmation_passed': False, 'cooldown_active': False}
2025-08-29 20:47:26 | INFO     | utils.logger:info:50 - Using yfinance fallback for AMD data
2025-08-29 20:47:26 | INFO     | utils.logger:strategy:103 - STRATEGY: Enhanced Momentum Strategy | NEUTRAL | AMD | {'strength': np.float64(-0.01601295142720135), 'rsi': np.float64(43.96711484393336), 'macd_histogram': np.float64(nan), 'adx': np.float64(12.400576271416295), 'confirmation_passed': False, 'cooldown_active': False}
2025-08-29 20:49:27 | INFO     | utils.logger:info:50 - Using yfinance fallback for AAPL data
2025-08-29 20:49:28 | INFO     | utils.logger:strategy:103 - STRATEGY: Enhanced Momentum Strategy | SELL | AAPL | {'strength': np.float64(-0.015337944945141608), 'rsi': np.float64(66.42475528714783), 'macd_histogram': np.float64(nan), 'adx': np.float64(29.98706472062788), 'confirmation_passed': True, 'cooldown_active': False}
2025-08-29 20:49:28 | INFO     | utils.logger:info:50 - Using yfinance fallback for MSFT data
2025-08-29 20:49:28 | INFO     | utils.logger:strategy:103 - STRATEGY: Enhanced Momentum Strategy | NEUTRAL | MSFT | {'strength': np.float64(-0.013191343380057651), 'rsi': np.float64(45.300871980089155), 'macd_histogram': np.float64(nan), 'adx': np.float64(16.206875285466474), 'confirmation_passed': False, 'cooldown_active': False}
2025-08-29 20:49:28 | INFO     | utils.logger:info:50 - Using yfinance fallback for GOOGL data
2025-08-29 20:49:28 | INFO     | utils.logger:strategy:103 - STRATEGY: Enhanced Momentum Strategy | NEUTRAL | GOOGL | {'strength': np.float64(0.0009851178237969029), 'rsi': np.float64(75.17207591299919), 'macd_histogram': np.float64(nan), 'adx': np.float64(41.762571866789884), 'confirmation_passed': False, 'cooldown_active': False}
2025-08-29 20:49:29 | INFO     | utils.logger:info:50 - Using yfinance fallback for TSLA data
2025-08-29 20:49:29 | INFO     | utils.logger:strategy:103 - STRATEGY: Enhanced Momentum Strategy | NEUTRAL | TSLA | {'strength': np.float64(-0.008768540726722972), 'rsi': np.float64(49.53307927536033), 'macd_histogram': np.float64(nan), 'adx': np.float64(7.742495646577181), 'confirmation_passed': False, 'cooldown_active': False}
2025-08-29 20:49:29 | INFO     | utils.logger:info:50 - Using yfinance fallback for AMZN data
2025-08-29 20:49:29 | INFO     | utils.logger:strategy:103 - STRATEGY: Enhanced Momentum Strategy | NEUTRAL | AMZN | {'strength': np.float64(-0.014227645407060638), 'rsi': np.float64(52.484185020777595), 'macd_histogram': np.float64(nan), 'adx': np.float64(9.341967036167873), 'confirmation_passed': False, 'cooldown_active': False}
2025-08-29 20:49:29 | INFO     | utils.logger:info:50 - Using yfinance fallback for NVDA data
2025-08-29 20:49:29 | INFO     | utils.logger:strategy:103 - STRATEGY: Enhanced Momentum Strategy | NEUTRAL | NVDA | {'strength': np.float64(-0.013548870094558275), 'rsi': np.float64(41.76876927261111), 'macd_histogram': np.float64(nan), 'adx': np.float64(19.96086698670587), 'confirmation_passed': False, 'cooldown_active': False}
2025-08-29 20:49:30 | INFO     | utils.logger:info:50 - Using yfinance fallback for AMD data
2025-08-29 20:49:30 | INFO     | utils.logger:strategy:103 - STRATEGY: Enhanced Momentum Strategy | NEUTRAL | AMD | {'strength': np.float64(-0.01608590683034857), 'rsi': np.float64(43.8910555830311), 'macd_histogram': np.float64(nan), 'adx': np.float64(12.400576271416295), 'confirmation_passed': False, 'cooldown_active': False}
2025-08-29 20:50:20 | INFO     | utils.logger:info:50 - Alert system disabled - no webhooks configured
2025-08-29 20:50:20 | INFO     | utils.logger:info:48 - Enhanced Momentum Strategy initialized | {'cooldown_symbol': 15, 'cooldown_global': 5}
2025-08-29 20:50:20 | INFO     | utils.logger:info:48 - Enhanced Momentum Strategy initialized | {'cooldown_symbol': 15, 'cooldown_global': 5}
2025-08-29 20:50:20 | INFO     | utils.logger:strategy:103 - STRATEGY: Buy Low Sell High Strategy | NEUTRAL | AAPL | {'strength': np.float64(-0.040572659527850094), 'rsi': np.float64(28.99966600468524), 'macd_histogram': np.float64(-0.010042594683364992), 'adx': np.float64(31.478802698098978), 'confirmation_passed': False, 'cooldown_active': False}
2025-08-29 20:50:20 | INFO     | utils.logger:strategy:103 - STRATEGY: Buy Low Sell High Strategy | NEUTRAL | AAPL | {'strength': np.float64(-0.040572659527850094), 'rsi': np.float64(28.99966600468524), 'macd_histogram': np.float64(-0.010042594683364992), 'adx': np.float64(31.478802698098978), 'confirmation_passed': False, 'cooldown_active': False}
2025-08-29 20:50:20 | INFO     | utils.logger:strategy:103 - STRATEGY: Buy Low Sell High Strategy | NEUTRAL | AAPL | {'strength': np.float64(-0.040572659527850094), 'rsi': np.float64(28.99966600468524), 'macd_histogram': np.float64(-0.010042594683364992), 'adx': np.float64(31.478802698098978), 'confirmation_passed': False, 'cooldown_active': False}
2025-08-29 20:50:20 | INFO     | utils.logger:strategy:103 - STRATEGY: Buy Low Sell High Strategy | NEUTRAL | AAPL | {'strength': np.float64(-0.040572659527850094), 'rsi': np.float64(28.99966600468524), 'macd_histogram': np.float64(-0.010042594683364992), 'adx': np.float64(31.478802698098978), 'confirmation_passed': False, 'cooldown_active': False}
2025-08-29 20:50:20 | INFO     | utils.logger:info:48 - Enhanced Momentum Strategy initialized | {'cooldown_symbol': 15, 'cooldown_global': 5}
2025-08-29 20:50:20 | INFO     | utils.logger:strategy:103 - STRATEGY: Buy Low Sell High Strategy | NEUTRAL | AAPL | {'strength': np.float64(-0.040572659527850094), 'rsi': np.float64(28.99966600468524), 'macd_histogram': np.float64(-0.010042594683364992), 'adx': np.float64(31.478802698098978), 'confirmation_passed': False, 'cooldown_active': False}
2025-08-29 20:50:20 | INFO     | utils.logger:info:48 - Trade recorded for AAPL | {'symbol_cooldown_until': datetime.datetime(2025, 8, 29, 21, 5, 20, 457339), 'global_cooldown_until': datetime.datetime(2025, 8, 29, 20, 55, 20, 457339)}
2025-08-29 20:50:20 | INFO     | utils.logger:strategy:103 - STRATEGY: Buy Low Sell High Strategy | NEUTRAL | AAPL | {'strength': np.float64(-0.040572659527850094), 'rsi': np.float64(28.99966600468524), 'macd_histogram': np.float64(-0.010042594683364992), 'adx': np.float64(31.478802698098978), 'confirmation_passed': False, 'cooldown_active': False}
2025-08-29 20:50:20 | INFO     | utils.logger:info:48 - Trade recorded for analytics | {'symbol': 'AAPL', 'action': 'buy', 'pnl': 0}
2025-08-29 20:50:20 | INFO     | utils.logger:info:48 - Trade recorded for analytics | {'symbol': 'AAPL', 'action': 'sell', 'pnl': 50}
2025-08-29 20:50:20 | INFO     | utils.logger:info:48 - Trade recorded for analytics | {'symbol': 'NVDA', 'action': 'buy', 'pnl': 0}
2025-08-29 20:50:20 | INFO     | utils.logger:info:48 - Trade recorded for analytics | {'symbol': 'NVDA', 'action': 'sell', 'pnl': -50}
2025-08-29 20:50:20 | INFO     | utils.logger:info:48 - Trade recorded for analytics | {'symbol': 'TSLA', 'action': 'buy', 'pnl': 0}
2025-08-29 20:50:20 | INFO     | utils.logger:info:48 - Trade recorded for analytics | {'symbol': 'TSLA', 'action': 'sell', 'pnl': 80}
2025-08-29 20:50:41 | INFO     | utils.logger:info:50 - Alert system disabled - no webhooks configured
2025-08-29 20:50:42 | INFO     | utils.logger:info:48 - Enhanced Momentum Strategy initialized | {'cooldown_symbol': 15, 'cooldown_global': 5}
2025-08-29 20:50:42 | INFO     | utils.logger:info:48 - Enhanced Momentum Strategy initialized | {'cooldown_symbol': 15, 'cooldown_global': 5}
2025-08-29 20:50:42 | INFO     | utils.logger:strategy:103 - STRATEGY: Buy Low Sell High Strategy | NEUTRAL | AAPL | {'strength': np.float64(-0.040572659527850094), 'rsi': np.float64(28.99966600468524), 'macd_histogram': np.float64(-0.010042594683364992), 'adx': np.float64(31.478802698098978), 'confirmation_passed': False, 'cooldown_active': False}
2025-08-29 20:50:42 | INFO     | utils.logger:strategy:103 - STRATEGY: Buy Low Sell High Strategy | NEUTRAL | AAPL | {'strength': np.float64(-0.040572659527850094), 'rsi': np.float64(28.99966600468524), 'macd_histogram': np.float64(-0.010042594683364992), 'adx': np.float64(31.478802698098978), 'confirmation_passed': False, 'cooldown_active': False}
2025-08-29 20:50:42 | INFO     | utils.logger:strategy:103 - STRATEGY: Buy Low Sell High Strategy | NEUTRAL | AAPL | {'strength': np.float64(-0.040572659527850094), 'rsi': np.float64(28.99966600468524), 'macd_histogram': np.float64(-0.010042594683364992), 'adx': np.float64(31.478802698098978), 'confirmation_passed': False, 'cooldown_active': False}
2025-08-29 20:50:42 | INFO     | utils.logger:strategy:103 - STRATEGY: Buy Low Sell High Strategy | NEUTRAL | AAPL | {'strength': np.float64(-0.040572659527850094), 'rsi': np.float64(28.99966600468524), 'macd_histogram': np.float64(-0.010042594683364992), 'adx': np.float64(31.478802698098978), 'confirmation_passed': False, 'cooldown_active': False}
2025-08-29 20:50:42 | INFO     | utils.logger:info:48 - Enhanced Momentum Strategy initialized | {'cooldown_symbol': 15, 'cooldown_global': 5}
2025-08-29 20:50:42 | INFO     | utils.logger:strategy:103 - STRATEGY: Buy Low Sell High Strategy | NEUTRAL | AAPL | {'strength': np.float64(-0.040572659527850094), 'rsi': np.float64(28.99966600468524), 'macd_histogram': np.float64(-0.010042594683364992), 'adx': np.float64(31.478802698098978), 'confirmation_passed': False, 'cooldown_active': False}
2025-08-29 20:50:42 | INFO     | utils.logger:info:48 - Trade recorded for AAPL | {'symbol_cooldown_until': datetime.datetime(2025, 8, 29, 21, 5, 42, 143701), 'global_cooldown_until': datetime.datetime(2025, 8, 29, 20, 55, 42, 143701)}
2025-08-29 20:50:42 | INFO     | utils.logger:strategy:103 - STRATEGY: Buy Low Sell High Strategy | NEUTRAL | AAPL | {'strength': np.float64(-0.040572659527850094), 'rsi': np.float64(28.99966600468524), 'macd_histogram': np.float64(-0.010042594683364992), 'adx': np.float64(31.478802698098978), 'confirmation_passed': False, 'cooldown_active': False}
2025-08-29 20:50:42 | INFO     | utils.logger:info:48 - Trade recorded for analytics | {'symbol': 'AAPL', 'action': 'buy', 'pnl': 0}
2025-08-29 20:50:42 | INFO     | utils.logger:info:48 - Trade recorded for analytics | {'symbol': 'AAPL', 'action': 'sell', 'pnl': 50}
2025-08-29 20:50:42 | INFO     | utils.logger:info:48 - Trade recorded for analytics | {'symbol': 'NVDA', 'action': 'buy', 'pnl': 0}
2025-08-29 20:50:42 | INFO     | utils.logger:info:48 - Trade recorded for analytics | {'symbol': 'NVDA', 'action': 'sell', 'pnl': -50}
2025-08-29 20:50:42 | INFO     | utils.logger:info:48 - Trade recorded for analytics | {'symbol': 'TSLA', 'action': 'buy', 'pnl': 0}
2025-08-29 20:50:42 | INFO     | utils.logger:info:48 - Trade recorded for analytics | {'symbol': 'TSLA', 'action': 'sell', 'pnl': 80}
2025-08-29 20:50:58 | INFO     | utils.logger:info:48 - Alpaca client initialized with rate limiting | {'base_url': 'https://paper-api.alpaca.markets', 'key_fingerprint': 'PKW5...3D1Z', 'max_calls_per_minute': 150, 'official_limit': '200 requests/minute'}
2025-08-29 20:50:58 | INFO     | utils.logger:info:48 - Enhanced Momentum Strategy initialized | {'cooldown_symbol': 15, 'cooldown_global': 5}
2025-08-29 20:50:59 | INFO     | utils.logger:info:48 - Trading bot initialized | {'strategy': 'Buy Low Sell High Strategy'}
2025-08-29 20:50:59 | INFO     | utils.logger:info:48 - Enhanced Momentum Strategy initialized | {'cooldown_symbol': 15, 'cooldown_global': 5}
2025-08-29 20:50:59 | INFO     | utils.logger:info:48 - Trading bot initialized | {'strategy': 'Buy Low Sell High Strategy'}
2025-08-29 20:50:59 | SUCCESS  | utils.logger:success:76 - Alpaca connection successful | {'account_id': '41eedbc8-e9d1-4671-a2bc-d5a4ead1525b', 'status': 'ACTIVE', 'cash': '$10000.47', 'portfolio_value': '$10000.47'}
2025-08-29 20:50:59 | INFO     | utils.logger:info:48 - Scheduling timezone-aware trading | {'nyse_open_et': '09:30', 'nyse_close_et': '16:00', 'nyse_open_nl': '15:30', 'nyse_close_nl': '22:00', 'netherlands_tz': 'Europe/Amsterdam'}
2025-08-29 20:50:59 | INFO     | utils.logger:info:50 - Timezone-aware trading jobs scheduled
2025-08-29 20:50:59 | SUCCESS  | utils.logger:success:78 - Trading bot started successfully with timezone-aware scheduling
2025-08-29 20:50:59 | INFO     | utils.logger:info:48 - Market is currently open | {'closes_at': '22:00 (Netherlands time)', 'time_until_close': '1h 9m'}
2025-08-29 20:51:00 | INFO     | utils.logger:info:48 - Alpaca client initialized with rate limiting | {'base_url': 'https://paper-api.alpaca.markets', 'key_fingerprint': 'PKW5...3D1Z', 'max_calls_per_minute': 150, 'official_limit': '200 requests/minute'}
2025-08-29 20:51:31 | INFO     | utils.logger:info:50 - Using yfinance fallback for AAPL data
2025-08-29 20:51:31 | INFO     | utils.logger:strategy:103 - STRATEGY: Enhanced Momentum Strategy | SELL | AAPL | {'strength': np.float64(-0.015337356144036756), 'rsi': np.float64(66.29174216847636), 'macd_histogram': np.float64(nan), 'adx': np.float64(29.98706472062788), 'confirmation_passed': True, 'cooldown_active': False}
2025-08-29 20:51:32 | INFO     | utils.logger:info:50 - Using yfinance fallback for MSFT data
2025-08-29 20:51:32 | INFO     | utils.logger:strategy:103 - STRATEGY: Enhanced Momentum Strategy | NEUTRAL | MSFT | {'strength': np.float64(-0.013261722924865727), 'rsi': np.float64(45.02412868313946), 'macd_histogram': np.float64(nan), 'adx': np.float64(16.206875285466474), 'confirmation_passed': False, 'cooldown_active': False}
2025-08-29 20:51:32 | INFO     | utils.logger:info:50 - Using yfinance fallback for GOOGL data
2025-08-29 20:51:32 | INFO     | utils.logger:strategy:103 - STRATEGY: Enhanced Momentum Strategy | NEUTRAL | GOOGL | {'strength': np.float64(0.0009407419919657852), 'rsi': np.float64(75.1005746959998), 'macd_histogram': np.float64(nan), 'adx': np.float64(41.762571866789884), 'confirmation_passed': False, 'cooldown_active': False}
2025-08-29 20:51:32 | INFO     | utils.logger:info:50 - Using yfinance fallback for TSLA data
2025-08-29 20:51:33 | INFO     | utils.logger:strategy:103 - STRATEGY: Enhanced Momentum Strategy | NEUTRAL | TSLA | {'strength': np.float64(-0.008697548826306136), 'rsi': np.float64(49.524663394938635), 'macd_histogram': np.float64(nan), 'adx': np.float64(7.742495646577181), 'confirmation_passed': False, 'cooldown_active': False}
2025-08-29 20:51:33 | INFO     | utils.logger:info:50 - Using yfinance fallback for AMZN data
2025-08-29 20:51:33 | INFO     | utils.logger:strategy:103 - STRATEGY: Enhanced Momentum Strategy | NEUTRAL | AMZN | {'strength': np.float64(-0.01428088831052994), 'rsi': np.float64(52.32669888417088), 'macd_histogram': np.float64(nan), 'adx': np.float64(9.341967036167873), 'confirmation_passed': False, 'cooldown_active': False}
2025-08-29 20:51:33 | INFO     | utils.logger:info:50 - Using yfinance fallback for NVDA data
2025-08-29 20:51:33 | INFO     | utils.logger:strategy:103 - STRATEGY: Enhanced Momentum Strategy | NEUTRAL | NVDA | {'strength': np.float64(-0.013191167212915706), 'rsi': np.float64(42.14993216561767), 'macd_histogram': np.float64(nan), 'adx': np.float64(19.96086698670587), 'confirmation_passed': False, 'cooldown_active': False}
2025-08-29 20:51:33 | INFO     | utils.logger:info:50 - Using yfinance fallback for AMD data
2025-08-29 20:51:34 | INFO     | utils.logger:strategy:103 - STRATEGY: Enhanced Momentum Strategy | NEUTRAL | AMD | {'strength': np.float64(-0.015989337209270572), 'rsi': np.float64(43.93374673209405), 'macd_histogram': np.float64(nan), 'adx': np.float64(12.400576271416295), 'confirmation_passed': False, 'cooldown_active': False}
2025-08-29 20:53:00 | INFO     | utils.logger:info:50 - Using yfinance fallback for AAPL data
2025-08-29 20:53:01 | INFO     | utils.logger:strategy:103 - STRATEGY: Buy Low Sell High Strategy | SELL | AAPL | {'strength': np.float64(-0.015427958336511276), 'rsi': np.float64(66.0934257406854), 'macd_histogram': np.float64(nan), 'adx': np.float64(29.98706472062788), 'confirmation_passed': True, 'cooldown_active': False}
2025-08-29 20:53:01 | INFO     | utils.logger:info:50 - Using yfinance fallback for MSFT data
2025-08-29 20:53:01 | INFO     | utils.logger:strategy:103 - STRATEGY: Buy Low Sell High Strategy | NEUTRAL | MSFT | {'strength': np.float64(-0.012378452251516235), 'rsi': np.float64(45.28645608453543), 'macd_histogram': np.float64(nan), 'adx': np.float64(16.206875285466474), 'confirmation_passed': False, 'cooldown_active': False}
2025-08-29 20:53:01 | INFO     | utils.logger:info:50 - Using yfinance fallback for GOOGL data
2025-08-29 20:53:02 | INFO     | utils.logger:strategy:103 - STRATEGY: Buy Low Sell High Strategy | NEUTRAL | GOOGL | {'strength': np.float64(0.0009417228720416028), 'rsi': np.float64(75.06504964498015), 'macd_histogram': np.float64(nan), 'adx': np.float64(41.762571866789884), 'confirmation_passed': False, 'cooldown_active': False}
2025-08-29 20:53:02 | INFO     | utils.logger:info:50 - Using yfinance fallback for TSLA data
2025-08-29 20:53:02 | INFO     | utils.logger:strategy:103 - STRATEGY: Buy Low Sell High Strategy | NEUTRAL | TSLA | {'strength': np.float64(-0.008571928280397486), 'rsi': np.float64(49.59925905385074), 'macd_histogram': np.float64(nan), 'adx': np.float64(7.742495646577181), 'confirmation_passed': False, 'cooldown_active': False}
2025-08-29 20:53:02 | INFO     | utils.logger:info:50 - Using yfinance fallback for AMZN data
2025-08-29 20:53:02 | INFO     | utils.logger:strategy:103 - STRATEGY: Buy Low Sell High Strategy | NEUTRAL | AMZN | {'strength': np.float64(-0.014165951583859013), 'rsi': np.float64(52.46840098877621), 'macd_histogram': np.float64(nan), 'adx': np.float64(9.341967036167873), 'confirmation_passed': False, 'cooldown_active': False}
2025-08-29 20:53:03 | INFO     | utils.logger:info:50 - Using yfinance fallback for NVDA data
2025-08-29 20:53:03 | INFO     | utils.logger:strategy:103 - STRATEGY: Buy Low Sell High Strategy | NEUTRAL | NVDA | {'strength': np.float64(-0.012943938959564168), 'rsi': np.float64(42.389764763295766), 'macd_histogram': np.float64(nan), 'adx': np.float64(19.96086698670587), 'confirmation_passed': False, 'cooldown_active': False}
2025-08-29 20:53:03 | INFO     | utils.logger:info:50 - Using yfinance fallback for AMD data
2025-08-29 20:53:03 | INFO     | utils.logger:strategy:103 - STRATEGY: Buy Low Sell High Strategy | NEUTRAL | AMD | {'strength': np.float64(-0.015814956140962066), 'rsi': np.float64(44.024150628312604), 'macd_histogram': np.float64(nan), 'adx': np.float64(12.400576271416295), 'confirmation_passed': False, 'cooldown_active': False}
2025-08-29 20:53:35 | INFO     | utils.logger:info:50 - Using yfinance fallback for AAPL data
2025-08-29 20:53:35 | INFO     | utils.logger:strategy:103 - STRATEGY: Enhanced Momentum Strategy | SELL | AAPL | {'strength': np.float64(-0.015338160863223902), 'rsi': np.float64(66.15525551329937), 'macd_histogram': np.float64(nan), 'adx': np.float64(29.98706472062788), 'confirmation_passed': True, 'cooldown_active': False}
2025-08-29 20:53:35 | INFO     | utils.logger:info:50 - Using yfinance fallback for MSFT data
2025-08-29 20:53:36 | INFO     | utils.logger:strategy:103 - STRATEGY: Enhanced Momentum Strategy | NEUTRAL | MSFT | {'strength': np.float64(-0.012371556476583558), 'rsi': np.float64(45.28645608453543), 'macd_histogram': np.float64(nan), 'adx': np.float64(16.206875285466474), 'confirmation_passed': False, 'cooldown_active': False}
2025-08-29 20:53:36 | INFO     | utils.logger:info:50 - Using yfinance fallback for GOOGL data
2025-08-29 20:53:36 | INFO     | utils.logger:strategy:103 - STRATEGY: Enhanced Momentum Strategy | NEUTRAL | GOOGL | {'strength': np.float64(0.0008767458507666629), 'rsi': np.float64(74.9963635043167), 'macd_histogram': np.float64(nan), 'adx': np.float64(41.762571866789884), 'confirmation_passed': False, 'cooldown_active': False}
2025-08-29 20:53:36 | INFO     | utils.logger:info:50 - Using yfinance fallback for TSLA data
2025-08-29 20:53:36 | INFO     | utils.logger:strategy:103 - STRATEGY: Enhanced Momentum Strategy | NEUTRAL | TSLA | {'strength': np.float64(-0.008673050157679442), 'rsi': np.float64(49.47150232926864), 'macd_histogram': np.float64(nan), 'adx': np.float64(7.7425548160795215), 'confirmation_passed': False, 'cooldown_active': False}
2025-08-29 20:53:37 | INFO     | utils.logger:info:50 - Using yfinance fallback for AMZN data
2025-08-29 20:53:37 | INFO     | utils.logger:strategy:103 - STRATEGY: Enhanced Momentum Strategy | NEUTRAL | AMZN | {'strength': np.float64(-0.014149789885883071), 'rsi': np.float64(52.477388288790195), 'macd_histogram': np.float64(nan), 'adx': np.float64(9.341967036167873), 'confirmation_passed': False, 'cooldown_active': False}
2025-08-29 20:53:37 | INFO     | utils.logger:info:50 - Using yfinance fallback for NVDA data
2025-08-29 20:53:37 | INFO     | utils.logger:strategy:103 - STRATEGY: Enhanced Momentum Strategy | NEUTRAL | NVDA | {'strength': np.float64(-0.012978565427233092), 'rsi': np.float64(42.32762150664882), 'macd_histogram': np.float64(nan), 'adx': np.float64(19.96086698670587), 'confirmation_passed': False, 'cooldown_active': False}
2025-08-29 20:53:37 | INFO     | utils.logger:info:50 - Using yfinance fallback for AMD data
2025-08-29 20:53:38 | INFO     | utils.logger:strategy:103 - STRATEGY: Enhanced Momentum Strategy | NEUTRAL | AMD | {'strength': np.float64(-0.015835507446031672), 'rsi': np.float64(43.98604740215318), 'macd_histogram': np.float64(nan), 'adx': np.float64(12.400576271416295), 'confirmation_passed': False, 'cooldown_active': False}
2025-08-29 20:55:04 | INFO     | utils.logger:info:50 - Using yfinance fallback for AAPL data
2025-08-29 20:55:05 | INFO     | utils.logger:strategy:103 - STRATEGY: Buy Low Sell High Strategy | SELL | AAPL | {'strength': np.float64(-0.015133594955178593), 'rsi': np.float64(66.31660119573691), 'macd_histogram': np.float64(nan), 'adx': np.float64(29.98706472062788), 'confirmation_passed': True, 'cooldown_active': False}
2025-08-29 20:55:05 | INFO     | utils.logger:info:50 - Using yfinance fallback for MSFT data
2025-08-29 20:55:05 | INFO     | utils.logger:strategy:103 - STRATEGY: Buy Low Sell High Strategy | NEUTRAL | MSFT | {'strength': np.float64(-0.012329514404428208), 'rsi': np.float64(45.33930055682335), 'macd_histogram': np.float64(nan), 'adx': np.float64(16.206875285466474), 'confirmation_passed': False, 'cooldown_active': False}
2025-08-29 20:55:05 | INFO     | utils.logger:info:50 - Using yfinance fallback for GOOGL data
2025-08-29 20:55:05 | INFO     | utils.logger:strategy:103 - STRATEGY: Buy Low Sell High Strategy | NEUTRAL | GOOGL | {'strength': np.float64(0.0008963546112904809), 'rsi': np.float64(74.98662961223454), 'macd_histogram': np.float64(nan), 'adx': np.float64(41.762571866789884), 'confirmation_passed': False, 'cooldown_active': False}
2025-08-29 20:55:06 | INFO     | utils.logger:info:50 - Using yfinance fallback for TSLA data
2025-08-29 20:55:06 | INFO     | utils.logger:strategy:103 - STRATEGY: Buy Low Sell High Strategy | NEUTRAL | TSLA | {'strength': np.float64(-0.008655048606278177), 'rsi': np.float64(49.41475006878299), 'macd_histogram': np.float64(nan), 'adx': np.float64(7.752978020379523), 'confirmation_passed': False, 'cooldown_active': False}
2025-08-29 20:55:06 | INFO     | utils.logger:info:50 - Using yfinance fallback for AMZN data
2025-08-29 20:55:06 | INFO     | utils.logger:strategy:103 - STRATEGY: Buy Low Sell High Strategy | NEUTRAL | AMZN | {'strength': np.float64(-0.014071756689296867), 'rsi': np.float64(52.55411026742726), 'macd_histogram': np.float64(nan), 'adx': np.float64(9.341967036167873), 'confirmation_passed': False, 'cooldown_active': False}
2025-08-29 20:55:06 | INFO     | utils.logger:info:50 - Using yfinance fallback for NVDA data
2025-08-29 20:55:07 | INFO     | utils.logger:strategy:103 - STRATEGY: Buy Low Sell High Strategy | NEUTRAL | NVDA | {'strength': np.float64(-0.012876582585342264), 'rsi': np.float64(42.40938684879492), 'macd_histogram': np.float64(nan), 'adx': np.float64(19.96086698670587), 'confirmation_passed': False, 'cooldown_active': False}
2025-08-29 20:55:07 | INFO     | utils.logger:info:50 - Using yfinance fallback for AMD data
2025-08-29 20:55:07 | INFO     | utils.logger:strategy:103 - STRATEGY: Buy Low Sell High Strategy | NEUTRAL | AMD | {'strength': np.float64(-0.01564022277905568), 'rsi': np.float64(44.10057006829612), 'macd_histogram': np.float64(nan), 'adx': np.float64(12.400576271416295), 'confirmation_passed': False, 'cooldown_active': False}
2025-08-29 20:55:39 | INFO     | utils.logger:info:50 - Using yfinance fallback for AAPL data
2025-08-29 20:55:39 | INFO     | utils.logger:strategy:103 - STRATEGY: Enhanced Momentum Strategy | SELL | AAPL | {'strength': np.float64(-0.015117798290869388), 'rsi': np.float64(66.31660119573691), 'macd_histogram': np.float64(nan), 'adx': np.float64(29.98706472062788), 'confirmation_passed': True, 'cooldown_active': False}
2025-08-29 20:55:39 | INFO     | utils.logger:info:50 - Using yfinance fallback for MSFT data
2025-08-29 20:55:39 | INFO     | utils.logger:strategy:103 - STRATEGY: Enhanced Momentum Strategy | NEUTRAL | MSFT | {'strength': np.float64(-0.012283364111810635), 'rsi': np.float64(45.41641255487112), 'macd_histogram': np.float64(nan), 'adx': np.float64(16.206875285466474), 'confirmation_passed': False, 'cooldown_active': False}
2025-08-29 20:55:40 | INFO     | utils.logger:info:50 - Using yfinance fallback for GOOGL data
2025-08-29 20:55:40 | INFO     | utils.logger:strategy:103 - STRATEGY: Enhanced Momentum Strategy | NEUTRAL | GOOGL | {'strength': np.float64(0.000803677194211017), 'rsi': np.float64(74.88791952947136), 'macd_histogram': np.float64(nan), 'adx': np.float64(41.762571866789884), 'confirmation_passed': False, 'cooldown_active': False}
2025-08-29 20:55:40 | INFO     | utils.logger:info:50 - Using yfinance fallback for TSLA data
2025-08-29 20:55:40 | INFO     | utils.logger:strategy:103 - STRATEGY: Enhanced Momentum Strategy | NEUTRAL | TSLA | {'strength': np.float64(-0.008568440455603872), 'rsi': np.float64(49.46705757800779), 'macd_histogram': np.float64(nan), 'adx': np.float64(7.752978020379523), 'confirmation_passed': False, 'cooldown_active': False}
2025-08-29 20:55:40 | INFO     | utils.logger:info:50 - Using yfinance fallback for AMZN data
2025-08-29 20:55:41 | INFO     | utils.logger:strategy:103 - STRATEGY: Enhanced Momentum Strategy | NEUTRAL | AMZN | {'strength': np.float64(-0.014052256916694515), 'rsi': np.float64(52.563296199765766), 'macd_histogram': np.float64(nan), 'adx': np.float64(9.341967036167873), 'confirmation_passed': False, 'cooldown_active': False}
2025-08-29 20:55:41 | INFO     | utils.logger:info:50 - Using yfinance fallback for NVDA data
2025-08-29 20:55:41 | INFO     | utils.logger:strategy:103 - STRATEGY: Enhanced Momentum Strategy | NEUTRAL | NVDA | {'strength': np.float64(-0.01290086223992202), 'rsi': np.float64(42.36643670568017), 'macd_histogram': np.float64(nan), 'adx': np.float64(19.96086698670587), 'confirmation_passed': False, 'cooldown_active': False}
2025-08-29 20:55:41 | INFO     | utils.logger:info:50 - Using yfinance fallback for AMD data
2025-08-29 20:55:42 | INFO     | utils.logger:strategy:103 - STRATEGY: Enhanced Momentum Strategy | NEUTRAL | AMD | {'strength': np.float64(-0.015591839373476767), 'rsi': np.float64(44.12449918643976), 'macd_histogram': np.float64(nan), 'adx': np.float64(12.400576271416295), 'confirmation_passed': False, 'cooldown_active': False}
2025-08-29 20:57:08 | INFO     | utils.logger:info:50 - Using yfinance fallback for AAPL data
2025-08-29 20:57:08 | INFO     | utils.logger:strategy:103 - STRATEGY: Buy Low Sell High Strategy | SELL | AAPL | {'strength': np.float64(-0.014995674113862496), 'rsi': np.float64(66.41626210586207), 'macd_histogram': np.float64(nan), 'adx': np.float64(29.98706472062788), 'confirmation_passed': True, 'cooldown_active': False}
2025-08-29 20:57:09 | INFO     | utils.logger:info:50 - Using yfinance fallback for MSFT data
2025-08-29 20:57:09 | INFO     | utils.logger:strategy:103 - STRATEGY: Buy Low Sell High Strategy | NEUTRAL | MSFT | {'strength': np.float64(-0.01219253412192446), 'rsi': np.float64(45.5519471425354), 'macd_histogram': np.float64(nan), 'adx': np.float64(16.206875285466474), 'confirmation_passed': False, 'cooldown_active': False}
2025-08-29 20:57:09 | INFO     | utils.logger:info:50 - Using yfinance fallback for GOOGL data
2025-08-29 20:57:09 | INFO     | utils.logger:strategy:103 - STRATEGY: Buy Low Sell High Strategy | NEUTRAL | GOOGL | {'strength': np.float64(0.0007908342159142071), 'rsi': np.float64(74.82830040133298), 'macd_histogram': np.float64(nan), 'adx': np.float64(41.762571866789884), 'confirmation_passed': False, 'cooldown_active': False}
2025-08-29 20:57:09 | INFO     | utils.logger:info:50 - Using yfinance fallback for TSLA data
2025-08-29 20:57:10 | INFO     | utils.logger:strategy:103 - STRATEGY: Buy Low Sell High Strategy | NEUTRAL | TSLA | {'strength': np.float64(-0.008425502264046945), 'rsi': np.float64(49.521070556904796), 'macd_histogram': np.float64(nan), 'adx': np.float64(7.752978020379523), 'confirmation_passed': False, 'cooldown_active': False}
2025-08-29 20:57:10 | INFO     | utils.logger:info:50 - Using yfinance fallback for AMZN data
2025-08-29 20:57:10 | INFO     | utils.logger:strategy:103 - STRATEGY: Buy Low Sell High Strategy | NEUTRAL | AMZN | {'strength': np.float64(-0.013971820030787497), 'rsi': np.float64(52.64820024820804), 'macd_histogram': np.float64(nan), 'adx': np.float64(9.341967036167873), 'confirmation_passed': False, 'cooldown_active': False}
2025-08-29 20:57:10 | INFO     | utils.logger:info:50 - Using yfinance fallback for NVDA data
2025-08-29 20:57:10 | INFO     | utils.logger:strategy:103 - STRATEGY: Buy Low Sell High Strategy | NEUTRAL | NVDA | {'strength': np.float64(-0.012743267608051303), 'rsi': np.float64(42.522459794386556), 'macd_histogram': np.float64(nan), 'adx': np.float64(19.96086698670587), 'confirmation_passed': False, 'cooldown_active': False}
2025-08-29 20:57:10 | INFO     | utils.logger:info:50 - Using yfinance fallback for AMD data
2025-08-29 20:57:11 | INFO     | utils.logger:strategy:103 - STRATEGY: Buy Low Sell High Strategy | NEUTRAL | AMD | {'strength': np.float64(-0.015602249494295853), 'rsi': np.float64(44.09100860546824), 'macd_histogram': np.float64(nan), 'adx': np.float64(12.400576271416295), 'confirmation_passed': False, 'cooldown_active': False}
2025-08-29 20:57:30 | INFO     | utils.logger:info:50 - Alert system disabled - no webhooks configured
2025-08-29 20:57:30 | INFO     | utils.logger:info:48 - Enhanced Momentum Strategy initialized | {'cooldown_symbol': 15, 'cooldown_global': 5}
2025-08-29 20:57:30 | INFO     | utils.logger:info:48 - Enhanced Momentum Strategy initialized | {'cooldown_symbol': 15, 'cooldown_global': 5}
2025-08-29 20:57:30 | INFO     | utils.logger:strategy:103 - STRATEGY: Buy Low Sell High Strategy | NEUTRAL | AAPL | {'strength': np.float64(-0.08114531905570019), 'rsi': np.float64(28.99966600468524), 'macd_histogram': np.float64(-0.010042594683364992), 'adx': np.float64(31.478802698098978), 'confirmation_passed': False, 'cooldown_active': False}
2025-08-29 20:57:30 | INFO     | utils.logger:strategy:103 - STRATEGY: Buy Low Sell High Strategy | NEUTRAL | AAPL | {'strength': np.float64(-0.08114531905570019), 'rsi': np.float64(28.99966600468524), 'macd_histogram': np.float64(-0.010042594683364992), 'adx': np.float64(31.478802698098978), 'confirmation_passed': False, 'cooldown_active': False}
2025-08-29 20:57:30 | INFO     | utils.logger:strategy:103 - STRATEGY: Buy Low Sell High Strategy | NEUTRAL | AAPL | {'strength': np.float64(-0.08114531905570019), 'rsi': np.float64(28.99966600468524), 'macd_histogram': np.float64(-0.010042594683364992), 'adx': np.float64(31.478802698098978), 'confirmation_passed': False, 'cooldown_active': False}
2025-08-29 20:57:30 | INFO     | utils.logger:strategy:103 - STRATEGY: Buy Low Sell High Strategy | NEUTRAL | AAPL | {'strength': np.float64(-0.08114531905570019), 'rsi': np.float64(28.99966600468524), 'macd_histogram': np.float64(-0.010042594683364992), 'adx': np.float64(31.478802698098978), 'confirmation_passed': False, 'cooldown_active': False}
2025-08-29 20:57:30 | INFO     | utils.logger:info:48 - Enhanced Momentum Strategy initialized | {'cooldown_symbol': 15, 'cooldown_global': 5}
2025-08-29 20:57:30 | INFO     | utils.logger:strategy:103 - STRATEGY: Buy Low Sell High Strategy | NEUTRAL | AAPL | {'strength': np.float64(-0.08114531905570019), 'rsi': np.float64(28.99966600468524), 'macd_histogram': np.float64(-0.010042594683364992), 'adx': np.float64(31.478802698098978), 'confirmation_passed': False, 'cooldown_active': False}
2025-08-29 20:57:30 | INFO     | utils.logger:info:48 - Trade recorded for AAPL | {'symbol_cooldown_until': datetime.datetime(2025, 8, 29, 21, 12, 30, 626876), 'global_cooldown_until': datetime.datetime(2025, 8, 29, 21, 2, 30, 626876)}
2025-08-29 20:57:30 | INFO     | utils.logger:strategy:103 - STRATEGY: Buy Low Sell High Strategy | NEUTRAL | AAPL | {'strength': np.float64(-0.08114531905570019), 'rsi': np.float64(28.99966600468524), 'macd_histogram': np.float64(-0.010042594683364992), 'adx': np.float64(31.478802698098978), 'confirmation_passed': False, 'cooldown_active': False}
2025-08-29 20:57:30 | INFO     | utils.logger:info:48 - Trade recorded for analytics | {'symbol': 'AAPL', 'action': 'buy', 'pnl': 0}
2025-08-29 20:57:30 | INFO     | utils.logger:info:48 - Trade recorded for analytics | {'symbol': 'AAPL', 'action': 'sell', 'pnl': 50}
2025-08-29 20:57:30 | INFO     | utils.logger:info:48 - Trade recorded for analytics | {'symbol': 'NVDA', 'action': 'buy', 'pnl': 0}
2025-08-29 20:57:30 | INFO     | utils.logger:info:48 - Trade recorded for analytics | {'symbol': 'NVDA', 'action': 'sell', 'pnl': -50}
2025-08-29 20:57:30 | INFO     | utils.logger:info:48 - Trade recorded for analytics | {'symbol': 'TSLA', 'action': 'buy', 'pnl': 0}
2025-08-29 20:57:30 | INFO     | utils.logger:info:48 - Trade recorded for analytics | {'symbol': 'TSLA', 'action': 'sell', 'pnl': 80}
2025-08-29 20:57:35 | INFO     | utils.logger:info:48 - Alpaca client initialized with rate limiting | {'base_url': 'https://paper-api.alpaca.markets', 'key_fingerprint': 'PKW5...3D1Z', 'max_calls_per_minute': 150, 'official_limit': '200 requests/minute'}
2025-08-29 20:57:35 | INFO     | utils.logger:info:48 - Enhanced Momentum Strategy initialized | {'cooldown_symbol': 15, 'cooldown_global': 5}
2025-08-29 20:57:35 | INFO     | utils.logger:info:48 - Trading bot initialized | {'strategy': 'Buy Low Sell High Strategy'}
2025-08-29 20:57:35 | INFO     | utils.logger:info:48 - Enhanced Momentum Strategy initialized | {'cooldown_symbol': 15, 'cooldown_global': 5}
2025-08-29 20:57:35 | INFO     | utils.logger:info:48 - Trading bot initialized | {'strategy': 'Buy Low Sell High Strategy'}
2025-08-29 20:57:36 | SUCCESS  | utils.logger:success:76 - Alpaca connection successful | {'account_id': '41eedbc8-e9d1-4671-a2bc-d5a4ead1525b', 'status': 'ACTIVE', 'cash': '$10000.47', 'portfolio_value': '$10000.47'}
2025-08-29 20:57:36 | INFO     | utils.logger:info:48 - Scheduling timezone-aware trading | {'nyse_open_et': '09:30', 'nyse_close_et': '16:00', 'nyse_open_nl': '15:30', 'nyse_close_nl': '22:00', 'netherlands_tz': 'Europe/Amsterdam'}
2025-08-29 20:57:36 | INFO     | utils.logger:info:50 - Timezone-aware trading jobs scheduled
2025-08-29 20:57:36 | SUCCESS  | utils.logger:success:78 - Trading bot started successfully with timezone-aware scheduling
2025-08-29 20:57:36 | INFO     | utils.logger:info:48 - Market is currently open | {'closes_at': '22:00 (Netherlands time)', 'time_until_close': '1h 2m'}
2025-08-29 20:57:37 | INFO     | utils.logger:info:48 - Alpaca client initialized with rate limiting | {'base_url': 'https://paper-api.alpaca.markets', 'key_fingerprint': 'PKW5...3D1Z', 'max_calls_per_minute': 150, 'official_limit': '200 requests/minute'}
2025-08-29 20:57:43 | INFO     | utils.logger:info:50 - Using yfinance fallback for AAPL data
2025-08-29 20:57:43 | INFO     | utils.logger:strategy:103 - STRATEGY: Enhanced Momentum Strategy | SELL | AAPL | {'strength': np.float64(-0.015026286418104764), 'rsi': np.float64(66.32905669277281), 'macd_histogram': np.float64(nan), 'adx': np.float64(29.98706472062788), 'confirmation_passed': True, 'cooldown_active': False}
2025-08-29 20:57:43 | INFO     | utils.logger:info:50 - Using yfinance fallback for MSFT data
2025-08-29 20:57:43 | INFO     | utils.logger:strategy:103 - STRATEGY: Enhanced Momentum Strategy | NEUTRAL | MSFT | {'strength': np.float64(-0.012200470483686889), 'rsi': np.float64(45.508305938399324), 'macd_histogram': np.float64(nan), 'adx': np.float64(16.206875285466474), 'confirmation_passed': False, 'cooldown_active': False}
2025-08-29 20:57:43 | INFO     | utils.logger:info:50 - Using yfinance fallback for GOOGL data
2025-08-29 20:57:44 | INFO     | utils.logger:strategy:103 - STRATEGY: Enhanced Momentum Strategy | NEUTRAL | GOOGL | {'strength': np.float64(0.0007809220542378947), 'rsi': np.float64(74.79839216921825), 'macd_histogram': np.float64(nan), 'adx': np.float64(41.762571866789884), 'confirmation_passed': False, 'cooldown_active': False}
2025-08-29 20:57:44 | INFO     | utils.logger:info:50 - Using yfinance fallback for TSLA data
2025-08-29 20:57:44 | INFO     | utils.logger:strategy:103 - STRATEGY: Enhanced Momentum Strategy | NEUTRAL | TSLA | {'strength': np.float64(-0.008317338589773146), 'rsi': np.float64(49.59626208830299), 'macd_histogram': np.float64(nan), 'adx': np.float64(7.752978020379523), 'confirmation_passed': False, 'cooldown_active': False}
2025-08-29 20:57:44 | INFO     | utils.logger:info:50 - Using yfinance fallback for AMZN data
2025-08-29 20:57:44 | INFO     | utils.logger:strategy:103 - STRATEGY: Enhanced Momentum Strategy | NEUTRAL | AMZN | {'strength': np.float64(-0.013986047629927379), 'rsi': np.float64(52.602929184817064), 'macd_histogram': np.float64(nan), 'adx': np.float64(9.341967036167873), 'confirmation_passed': False, 'cooldown_active': False}
2025-08-29 20:57:45 | INFO     | utils.logger:info:50 - Using yfinance fallback for NVDA data
2025-08-29 20:57:45 | INFO     | utils.logger:strategy:103 - STRATEGY: Enhanced Momentum Strategy | NEUTRAL | NVDA | {'strength': np.float64(-0.01271100312073776), 'rsi': np.float64(42.54596003674758), 'macd_histogram': np.float64(nan), 'adx': np.float64(19.96086698670587), 'confirmation_passed': False, 'cooldown_active': False}
2025-08-29 20:57:45 | INFO     | utils.logger:info:50 - Using yfinance fallback for AMD data
2025-08-29 20:57:45 | INFO     | utils.logger:strategy:103 - STRATEGY: Enhanced Momentum Strategy | NEUTRAL | AMD | {'strength': np.float64(-0.015668245077165334), 'rsi': np.float64(44.03369766926015), 'macd_histogram': np.float64(nan), 'adx': np.float64(12.400576271416295), 'confirmation_passed': False, 'cooldown_active': False}
2025-08-29 20:58:26 | INFO     | utils.logger:info:48 - Alpaca client initialized with rate limiting | {'base_url': 'https://paper-api.alpaca.markets', 'key_fingerprint': 'PKW5...3D1Z', 'max_calls_per_minute': 150, 'official_limit': '200 requests/minute'}
2025-08-29 20:58:26 | INFO     | utils.logger:info:48 - Enhanced Momentum Strategy initialized | {'cooldown_symbol': 15, 'cooldown_global': 5}
2025-08-29 20:58:26 | INFO     | utils.logger:info:48 - Trading bot initialized | {'strategy': 'Buy Low Sell High Strategy'}
2025-08-29 20:58:26 | INFO     | utils.logger:info:48 - Enhanced Momentum Strategy initialized | {'cooldown_symbol': 15, 'cooldown_global': 5}
2025-08-29 20:58:26 | INFO     | utils.logger:info:48 - Trading bot initialized | {'strategy': 'Buy Low Sell High Strategy'}
2025-08-29 20:58:26 | SUCCESS  | utils.logger:success:76 - Alpaca connection successful | {'account_id': '41eedbc8-e9d1-4671-a2bc-d5a4ead1525b', 'status': 'ACTIVE', 'cash': '$10000.47', 'portfolio_value': '$10000.47'}
2025-08-29 20:58:26 | INFO     | utils.logger:info:48 - Scheduling timezone-aware trading | {'nyse_open_et': '09:30', 'nyse_close_et': '16:00', 'nyse_open_nl': '15:30', 'nyse_close_nl': '22:00', 'netherlands_tz': 'Europe/Amsterdam'}
2025-08-29 20:58:26 | INFO     | utils.logger:info:50 - Timezone-aware trading jobs scheduled
2025-08-29 20:58:26 | SUCCESS  | utils.logger:success:78 - Trading bot started successfully with timezone-aware scheduling
2025-08-29 20:58:26 | INFO     | utils.logger:info:48 - Market is currently open | {'closes_at': '22:00 (Netherlands time)', 'time_until_close': '1h 1m'}
2025-08-29 20:58:27 | INFO     | utils.logger:info:48 - Alpaca client initialized with rate limiting | {'base_url': 'https://paper-api.alpaca.markets', 'key_fingerprint': 'PKW5...3D1Z', 'max_calls_per_minute': 150, 'official_limit': '200 requests/minute'}
2025-08-29 21:00:27 | INFO     | utils.logger:info:50 - Using yfinance fallback for AAPL data
2025-08-29 21:00:28 | INFO     | utils.logger:info:48 - Enhanced Momentum Strategy initialized | {'cooldown_symbol': 15, 'cooldown_global': 5}
2025-08-29 21:00:28 | INFO     | utils.logger:strategy:103 - STRATEGY: Buy Low Sell High Strategy | NEUTRAL | AAPL | {'strength': np.float64(-0.014836637432543804), 'rsi': np.float64(66.41626210586207), 'macd_histogram': np.float64(nan), 'adx': np.float64(29.98706472062788), 'confirmation_passed': False, 'cooldown_active': False}
2025-08-29 21:00:28 | INFO     | utils.logger:strategy:103 - STRATEGY: Buy Low Sell High Strategy | NEUTRAL | AAPL | {'strength': np.float64(-0.04912013316878274), 'rsi': np.float64(48.44276607227135), 'macd_histogram': np.float64(0.008331110197952539), 'adx': np.float64(17.401761302131696), 'confirmation_passed': False, 'cooldown_active': False}
2025-08-29 21:00:28 | INFO     | utils.logger:info:50 - Using yfinance fallback for MSFT data
2025-08-29 21:00:29 | INFO     | utils.logger:strategy:103 - STRATEGY: Buy Low Sell High Strategy | NEUTRAL | TSLA | {'strength': np.float64(-0.04838225181152103), 'rsi': np.float64(54.456151796637656), 'macd_histogram': np.float64(0.09708191579284811), 'adx': np.float64(28.54413233283458), 'confirmation_passed': False, 'cooldown_active': False}
2025-08-29 21:00:29 | INFO     | utils.logger:strategy:103 - STRATEGY: Buy Low Sell High Strategy | NEUTRAL | MSFT | {'strength': np.float64(-0.024176439086607632), 'rsi': np.float64(45.67854619195033), 'macd_histogram': np.float64(nan), 'adx': np.float64(16.206875285466474), 'confirmation_passed': False, 'cooldown_active': False}
2025-08-29 21:00:29 | INFO     | utils.logger:info:50 - Using yfinance fallback for GOOGL data
2025-08-29 21:00:29 | INFO     | utils.logger:strategy:103 - STRATEGY: Buy Low Sell High Strategy | NEUTRAL | SPY | {'strength': np.float64(-0.04842391757406774), 'rsi': np.float64(49.6766857041474), 'macd_histogram': np.float64(0.0124513780441383), 'adx': np.float64(14.836721774499706), 'confirmation_passed': False, 'cooldown_active': False}
2025-08-29 21:00:29 | INFO     | utils.logger:strategy:103 - STRATEGY: Buy Low Sell High Strategy | NEUTRAL | GOOGL | {'strength': np.float64(0.001209331481579184), 'rsi': np.float64(75.09423942538149), 'macd_histogram': np.float64(nan), 'adx': np.float64(41.762571866789884), 'confirmation_passed': False, 'cooldown_active': False}
2025-08-29 21:00:29 | INFO     | utils.logger:info:50 - Using yfinance fallback for TSLA data
2025-08-29 21:00:29 | INFO     | utils.logger:strategy:103 - STRATEGY: Buy Low Sell High Strategy | NEUTRAL | TSLA | {'strength': np.float64(-0.01568247714928213), 'rsi': np.float64(49.89627360022022), 'macd_histogram': np.float64(nan), 'adx': np.float64(7.752978020379523), 'confirmation_passed': False, 'cooldown_active': False}
2025-08-29 21:00:29 | INFO     | utils.logger:info:50 - Using yfinance fallback for AMZN data
2025-08-29 21:00:30 | INFO     | utils.logger:strategy:103 - STRATEGY: Buy Low Sell High Strategy | NEUTRAL | AMZN | {'strength': np.float64(-0.027735062998607344), 'rsi': np.float64(52.69019643090528), 'macd_histogram': np.float64(nan), 'adx': np.float64(9.341967036167873), 'confirmation_passed': False, 'cooldown_active': False}
2025-08-29 21:00:30 | INFO     | utils.logger:info:50 - Using yfinance fallback for NVDA data
2025-08-29 21:00:30 | INFO     | utils.logger:strategy:103 - STRATEGY: Buy Low Sell High Strategy | NEUTRAL | NVDA | {'strength': np.float64(-0.024968269413119644), 'rsi': np.float64(42.742021588991314), 'macd_histogram': np.float64(nan), 'adx': np.float64(19.96086698670587), 'confirmation_passed': False, 'cooldown_active': False}
2025-08-29 21:00:30 | INFO     | utils.logger:info:50 - Using yfinance fallback for AMD data
2025-08-29 21:00:30 | INFO     | utils.logger:strategy:103 - STRATEGY: Buy Low Sell High Strategy | NEUTRAL | AMD | {'strength': np.float64(-0.030795379414716155), 'rsi': np.float64(44.17725527539204), 'macd_histogram': np.float64(nan), 'adx': np.float64(12.400576271416295), 'confirmation_passed': False, 'cooldown_active': False}
2025-08-29 21:00:57 | INFO     | utils.logger:info:48 - Enhanced Momentum Strategy initialized | {'cooldown_symbol': 15, 'cooldown_global': 5}
2025-08-29 21:01:02 | INFO     | utils.logger:strategy:103 - STRATEGY: Buy Low Sell High Strategy | NEUTRAL | AAPL | {'strength': np.float64(-0.048999497085567896), 'rsi': np.float64(46.94461900755687), 'macd_histogram': np.float64(0.007055458043402747), 'adx': np.float64(17.401761302131696), 'confirmation_passed': False, 'cooldown_active': False}
2025-08-29 21:01:02 | INFO     | utils.logger:strategy:103 - STRATEGY: Buy Low Sell High Strategy | NEUTRAL | TSLA | {'strength': np.float64(-0.12835194716538667), 'rsi': np.float64(53.69609638053848), 'macd_histogram': np.float64(0.09538364300083865), 'adx': np.float64(28.54413233283458), 'confirmation_passed': False, 'cooldown_active': False}
2025-08-29 21:01:03 | INFO     | utils.logger:strategy:103 - STRATEGY: Buy Low Sell High Strategy | NEUTRAL | SPY | {'strength': np.float64(-0.04818650842787861), 'rsi': np.float64(47.544851251655494), 'macd_histogram': np.float64(0.009257378756378647), 'adx': np.float64(15.358422125171257), 'confirmation_passed': False, 'cooldown_active': False}
2025-08-29 21:01:13 | INFO     | utils.logger:info:48 - Alpaca client initialized with rate limiting | {'base_url': 'https://paper-api.alpaca.markets', 'key_fingerprint': 'PKW5...3D1Z', 'max_calls_per_minute': 150, 'official_limit': '200 requests/minute'}
2025-08-29 21:01:13 | INFO     | utils.logger:info:48 - Enhanced Momentum Strategy initialized | {'cooldown_symbol': 15, 'cooldown_global': 5}
2025-08-29 21:01:13 | INFO     | utils.logger:info:48 - Trading bot initialized | {'strategy': 'Buy Low Sell High Strategy'}
2025-08-29 21:01:13 | INFO     | utils.logger:info:48 - Enhanced Momentum Strategy initialized | {'cooldown_symbol': 15, 'cooldown_global': 5}
2025-08-29 21:01:13 | INFO     | utils.logger:info:48 - Trading bot initialized | {'strategy': 'Buy Low Sell High Strategy'}
2025-08-29 21:01:13 | SUCCESS  | utils.logger:success:76 - Alpaca connection successful | {'account_id': '41eedbc8-e9d1-4671-a2bc-d5a4ead1525b', 'status': 'ACTIVE', 'cash': '$10000.47', 'portfolio_value': '$10000.47'}
2025-08-29 21:01:13 | INFO     | utils.logger:info:48 - Scheduling timezone-aware trading | {'nyse_open_et': '09:30', 'nyse_close_et': '16:00', 'nyse_open_nl': '15:30', 'nyse_close_nl': '22:00', 'netherlands_tz': 'Europe/Amsterdam'}
2025-08-29 21:01:13 | INFO     | utils.logger:info:50 - Timezone-aware trading jobs scheduled
2025-08-29 21:01:13 | SUCCESS  | utils.logger:success:78 - Trading bot started successfully with timezone-aware scheduling
2025-08-29 21:01:13 | INFO     | utils.logger:info:48 - Market is currently open | {'closes_at': '22:00 (Netherlands time)', 'time_until_close': '0h 58m'}
2025-08-29 21:01:14 | INFO     | utils.logger:info:48 - Alpaca client initialized with rate limiting | {'base_url': 'https://paper-api.alpaca.markets', 'key_fingerprint': 'PKW5...3D1Z', 'max_calls_per_minute': 150, 'official_limit': '200 requests/minute'}
2025-08-29 21:02:03 | INFO     | utils.logger:info:48 - Alpaca client initialized with rate limiting | {'base_url': 'https://paper-api.alpaca.markets', 'key_fingerprint': 'PKW5...3D1Z', 'max_calls_per_minute': 150, 'official_limit': '200 requests/minute'}
2025-08-29 21:02:03 | INFO     | utils.logger:info:48 - Enhanced Momentum Strategy initialized | {'cooldown_symbol': 15, 'cooldown_global': 5}
2025-08-29 21:02:03 | INFO     | utils.logger:info:48 - Trading bot initialized | {'strategy': 'Buy Low Sell High Strategy'}
2025-08-29 21:02:03 | INFO     | utils.logger:info:48 - Enhanced Momentum Strategy initialized | {'cooldown_symbol': 15, 'cooldown_global': 5}
2025-08-29 21:02:03 | INFO     | utils.logger:info:48 - Trading bot initialized | {'strategy': 'Buy Low Sell High Strategy'}
2025-08-29 21:02:04 | SUCCESS  | utils.logger:success:76 - Alpaca connection successful | {'account_id': '41eedbc8-e9d1-4671-a2bc-d5a4ead1525b', 'status': 'ACTIVE', 'cash': '$10000.47', 'portfolio_value': '$10000.47'}
2025-08-29 21:02:04 | INFO     | utils.logger:info:48 - Scheduling timezone-aware trading | {'nyse_open_et': '09:30', 'nyse_close_et': '16:00', 'nyse_open_nl': '15:30', 'nyse_close_nl': '22:00', 'netherlands_tz': 'Europe/Amsterdam'}
2025-08-29 21:02:04 | INFO     | utils.logger:info:50 - Timezone-aware trading jobs scheduled
2025-08-29 21:02:04 | SUCCESS  | utils.logger:success:78 - Trading bot started successfully with timezone-aware scheduling
2025-08-29 21:02:04 | INFO     | utils.logger:info:48 - Market is currently open | {'closes_at': '22:00 (Netherlands time)', 'time_until_close': '0h 57m'}
2025-08-29 21:02:04 | INFO     | utils.logger:info:48 - Alpaca client initialized with rate limiting | {'base_url': 'https://paper-api.alpaca.markets', 'key_fingerprint': 'PKW5...3D1Z', 'max_calls_per_minute': 150, 'official_limit': '200 requests/minute'}
2025-08-29 21:02:56 | INFO     | utils.logger:info:48 - Alpaca client initialized with rate limiting | {'base_url': 'https://paper-api.alpaca.markets', 'key_fingerprint': 'PKW5...3D1Z', 'max_calls_per_minute': 150, 'official_limit': '200 requests/minute'}
2025-08-29 21:04:05 | INFO     | utils.logger:info:50 - Using yfinance fallback for AAPL data
2025-08-29 21:04:06 | INFO     | utils.logger:strategy:103 - STRATEGY: Buy Low Sell High Strategy | NEUTRAL | AAPL | {'strength': np.float64(-0.013882550602591895), 'rsi': np.float64(67.36348331014813), 'macd_histogram': np.float64(nan), 'adx': np.float64(29.98706472062788), 'confirmation_passed': False, 'cooldown_active': False}
2025-08-29 21:04:06 | INFO     | utils.logger:info:50 - Using yfinance fallback for MSFT data
2025-08-29 21:04:06 | INFO     | utils.logger:strategy:103 - STRATEGY: Buy Low Sell High Strategy | NEUTRAL | MSFT | {'strength': np.float64(-0.024039311154050735), 'rsi': np.float64(45.70785905892753), 'macd_histogram': np.float64(nan), 'adx': np.float64(16.206875285466474), 'confirmation_passed': False, 'cooldown_active': False}
2025-08-29 21:04:07 | INFO     | utils.logger:info:50 - Using yfinance fallback for GOOGL data
2025-08-29 21:04:07 | INFO     | utils.logger:strategy:103 - STRATEGY: Buy Low Sell High Strategy | NEUTRAL | GOOGL | {'strength': 0, 'rsi': np.float64(75.18659858964243), 'macd_histogram': np.float64(nan), 'adx': np.float64(41.762571866789884), 'confirmation_passed': False, 'cooldown_active': False}
2025-08-29 21:04:07 | INFO     | utils.logger:info:50 - Using yfinance fallback for TSLA data
2025-08-29 21:04:07 | INFO     | utils.logger:strategy:103 - STRATEGY: Buy Low Sell High Strategy | NEUTRAL | TSLA | {'strength': np.float64(-0.015211784469455963), 'rsi': np.float64(49.948151542737115), 'macd_histogram': np.float64(nan), 'adx': np.float64(7.752978020379523), 'confirmation_passed': False, 'cooldown_active': False}
2025-08-29 21:04:07 | INFO     | utils.logger:info:50 - Using yfinance fallback for AMZN data
2025-08-29 21:04:07 | INFO     | utils.logger:strategy:103 - STRATEGY: Buy Low Sell High Strategy | NEUTRAL | AMZN | {'strength': np.float64(-0.027484190090175144), 'rsi': np.float64(52.77010093433695), 'macd_histogram': np.float64(nan), 'adx': np.float64(9.341967036167873), 'confirmation_passed': False, 'cooldown_active': False}
2025-08-29 21:04:08 | INFO     | utils.logger:info:50 - Using yfinance fallback for NVDA data
2025-08-29 21:04:08 | INFO     | utils.logger:strategy:103 - STRATEGY: Buy Low Sell High Strategy | NEUTRAL | NVDA | {'strength': np.float64(-0.025023652341667382), 'rsi': np.float64(42.57748584519348), 'macd_histogram': np.float64(nan), 'adx': np.float64(19.96086698670587), 'confirmation_passed': False, 'cooldown_active': False}
2025-08-29 21:04:08 | INFO     | utils.logger:info:50 - Using yfinance fallback for AMD data
2025-08-29 21:04:08 | INFO     | utils.logger:strategy:103 - STRATEGY: Buy Low Sell High Strategy | NEUTRAL | AMD | {'strength': np.float64(-0.030635089604566842), 'rsi': np.float64(44.18379087393072), 'macd_histogram': np.float64(nan), 'adx': np.float64(12.400576271416295), 'confirmation_passed': False, 'cooldown_active': False}
2025-08-29 21:05:46 | INFO     | utils.logger:info:48 - Enhanced Momentum Strategy initialized | {'cooldown_symbol': 15, 'cooldown_global': 5}
2025-08-29 21:05:46 | INFO     | utils.logger:info:48 - Enhanced Momentum Strategy initialized | {'cooldown_symbol': 15, 'cooldown_global': 5}
2025-08-29 21:05:46 | INFO     | utils.logger:info:48 - Enhanced Momentum Strategy initialized | {'cooldown_symbol': 15, 'cooldown_global': 5}
2025-08-29 21:05:46 | INFO     | utils.logger:info:48 - Enhanced Momentum Strategy initialized | {'cooldown_symbol': 15, 'cooldown_global': 5}
2025-08-29 21:05:46 | INFO     | utils.logger:info:48 - Strategy Intelligence initialized | {'strategy_count': 4, 'switch_cooldown': 30}
2025-08-29 21:05:47 | INFO     | utils.logger:strategy:103 - STRATEGY: Buy Low Sell High Strategy | NEUTRAL | AAPL | {'strength': 0, 'rsi': np.float64(70.41174043577536), 'macd_histogram': np.float64(0.057937570075520584), 'adx': np.float64(22.817370396146007), 'confirmation_passed': False, 'cooldown_active': False}
2025-08-29 21:05:47 | INFO     | utils.logger:strategy:103 - STRATEGY: Adaptive Intelligence (buy_low_sell_high) | NEUTRAL | AAPL | {'strength': 0, 'rsi': np.float64(70.41174043577536), 'macd_histogram': 0, 'adx': np.float64(22.817370396146007), 'confirmation_passed': False, 'cooldown_active': False, 'market_regime': 'trending', 'strategy_confidence': 0.5}
2025-08-29 21:05:47 | INFO     | utils.logger:info:48 - Strategy switched: None → buy_low_sell_high | {'regime': 'trending', 'confidence': 0.8, 'strategy_description': 'RSI-based buy low, sell high strategy'}
2025-08-29 21:05:47 | INFO     | utils.logger:strategy:103 - STRATEGY: Buy Low Sell High Strategy | BUY | TSLA | {'strength': np.float64(0.11159776084244186), 'rsi': np.float64(50.72680495768524), 'macd_histogram': np.float64(0.0752137605105306), 'adx': np.float64(26.389689610044403), 'confirmation_passed': True, 'cooldown_active': False}
2025-08-29 21:05:47 | INFO     | utils.logger:strategy:103 - STRATEGY: Adaptive Intelligence (buy_low_sell_high) | BUY | TSLA | {'strength': np.float64(0.11159776084244186), 'rsi': np.float64(50.72680495768524), 'macd_histogram': 0, 'adx': np.float64(26.389689610044403), 'confirmation_passed': True, 'cooldown_active': False, 'market_regime': 'trending', 'strategy_confidence': 0.8}
2025-08-29 21:05:48 | INFO     | utils.logger:strategy:103 - STRATEGY: Buy Low Sell High Strategy | NEUTRAL | SPY | {'strength': np.float64(0.0157933082956561), 'rsi': np.float64(59.39179912248144), 'macd_histogram': np.float64(0.032035558828322014), 'adx': np.float64(12.906453465911763), 'confirmation_passed': False, 'cooldown_active': False}
2025-08-29 21:05:48 | INFO     | utils.logger:strategy:103 - STRATEGY: Adaptive Intelligence (buy_low_sell_high) | NEUTRAL | SPY | {'strength': np.float64(0.0157933082956561), 'rsi': np.float64(59.39179912248144), 'macd_histogram': 0, 'adx': np.float64(12.906453465911763), 'confirmation_passed': False, 'cooldown_active': False, 'market_regime': 'choppy', 'strategy_confidence': 0.9}
2025-08-29 21:05:57 | INFO     | utils.logger:info:48 - Alpaca client initialized with rate limiting | {'base_url': 'https://paper-api.alpaca.markets', 'key_fingerprint': 'PKW5...3D1Z', 'max_calls_per_minute': 150, 'official_limit': '200 requests/minute'}
2025-08-29 21:05:57 | INFO     | utils.logger:info:48 - Enhanced Momentum Strategy initialized | {'cooldown_symbol': 15, 'cooldown_global': 5}
2025-08-29 21:05:57 | INFO     | utils.logger:info:48 - Enhanced Momentum Strategy initialized | {'cooldown_symbol': 15, 'cooldown_global': 5}
2025-08-29 21:05:57 | INFO     | utils.logger:info:48 - Enhanced Momentum Strategy initialized | {'cooldown_symbol': 15, 'cooldown_global': 5}
2025-08-29 21:05:57 | INFO     | utils.logger:info:48 - Enhanced Momentum Strategy initialized | {'cooldown_symbol': 15, 'cooldown_global': 5}
2025-08-29 21:05:57 | INFO     | utils.logger:info:48 - Strategy Intelligence initialized | {'strategy_count': 4, 'switch_cooldown': 30}
2025-08-29 21:05:58 | INFO     | utils.logger:info:48 - Trading bot initialized | {'strategy': 'Adaptive Strategy Intelligence'}
2025-08-29 21:05:58 | INFO     | utils.logger:info:48 - Enhanced Momentum Strategy initialized | {'cooldown_symbol': 15, 'cooldown_global': 5}
2025-08-29 21:05:58 | INFO     | utils.logger:info:48 - Enhanced Momentum Strategy initialized | {'cooldown_symbol': 15, 'cooldown_global': 5}
2025-08-29 21:05:58 | INFO     | utils.logger:info:48 - Enhanced Momentum Strategy initialized | {'cooldown_symbol': 15, 'cooldown_global': 5}
2025-08-29 21:05:58 | INFO     | utils.logger:info:48 - Enhanced Momentum Strategy initialized | {'cooldown_symbol': 15, 'cooldown_global': 5}
2025-08-29 21:05:58 | INFO     | utils.logger:info:48 - Strategy Intelligence initialized | {'strategy_count': 4, 'switch_cooldown': 30}
2025-08-29 21:05:58 | INFO     | utils.logger:info:48 - Trading bot initialized | {'strategy': 'Adaptive Strategy Intelligence'}
2025-08-29 21:05:58 | SUCCESS  | utils.logger:success:76 - Alpaca connection successful | {'account_id': '41eedbc8-e9d1-4671-a2bc-d5a4ead1525b', 'status': 'ACTIVE', 'cash': '$10000.47', 'portfolio_value': '$10000.47'}
2025-08-29 21:05:58 | INFO     | utils.logger:info:48 - Scheduling timezone-aware trading | {'nyse_open_et': '09:30', 'nyse_close_et': '16:00', 'nyse_open_nl': '15:30', 'nyse_close_nl': '22:00', 'netherlands_tz': 'Europe/Amsterdam'}
2025-08-29 21:05:58 | INFO     | utils.logger:info:50 - Timezone-aware trading jobs scheduled
2025-08-29 21:05:58 | SUCCESS  | utils.logger:success:78 - Trading bot started successfully with timezone-aware scheduling
2025-08-29 21:05:58 | INFO     | utils.logger:info:48 - Market is currently open | {'closes_at': '22:00 (Netherlands time)', 'time_until_close': '0h 54m'}
2025-08-29 21:05:58 | INFO     | utils.logger:info:48 - Alpaca client initialized with rate limiting | {'base_url': 'https://paper-api.alpaca.markets', 'key_fingerprint': 'PKW5...3D1Z', 'max_calls_per_minute': 150, 'official_limit': '200 requests/minute'}
2025-08-29 21:08:57 | INFO     | utils.logger:info:48 - Alpaca client initialized with rate limiting | {'base_url': 'https://paper-api.alpaca.markets', 'key_fingerprint': 'PKW5...3D1Z', 'max_calls_per_minute': 150, 'official_limit': '200 requests/minute'}
2025-08-29 21:08:57 | INFO     | utils.logger:info:48 - Enhanced Momentum Strategy initialized | {'cooldown_symbol': 15, 'cooldown_global': 5}
2025-08-29 21:08:57 | INFO     | utils.logger:info:48 - Enhanced Momentum Strategy initialized | {'cooldown_symbol': 15, 'cooldown_global': 5}
2025-08-29 21:08:57 | INFO     | utils.logger:info:48 - Enhanced Momentum Strategy initialized | {'cooldown_symbol': 15, 'cooldown_global': 5}
2025-08-29 21:08:57 | INFO     | utils.logger:info:48 - Enhanced Momentum Strategy initialized | {'cooldown_symbol': 15, 'cooldown_global': 5}
2025-08-29 21:08:57 | INFO     | utils.logger:info:48 - Strategy Intelligence initialized | {'strategy_count': 4, 'switch_cooldown': 30}
2025-08-29 21:08:58 | INFO     | utils.logger:info:48 - Strategy switched: None → buy_low_sell_high | {'regime': 'trending', 'confidence': 0.8, 'strategy_description': 'RSI-based buy low, sell high strategy'}
2025-08-29 21:08:58 | INFO     | utils.logger:strategy:103 - STRATEGY: Buy Low Sell High Strategy | NEUTRAL | AAPL | {'strength': 0, 'rsi': np.float64(74.44591855739802), 'macd_histogram': np.float64(0.06539695752645121), 'adx': np.float64(29.16558599532504), 'confirmation_passed': False, 'cooldown_active': False}
2025-08-29 21:08:58 | INFO     | utils.logger:strategy:103 - STRATEGY: Adaptive Intelligence (buy_low_sell_high) | NEUTRAL | AAPL | {'strength': 0, 'rsi': np.float64(74.44591855739802), 'macd_histogram': 0, 'adx': np.float64(29.16558599532504), 'confirmation_passed': False, 'cooldown_active': False, 'market_regime': 'trending', 'strategy_confidence': 0.8}
2025-08-29 21:08:58 | INFO     | utils.logger:strategy:103 - STRATEGY: Buy Low Sell High Strategy | NEUTRAL | MSFT | {'strength': np.float64(0.05589025103259134), 'rsi': np.float64(62.09515261373943), 'macd_histogram': np.float64(0.05422442497970552), 'adx': np.float64(20.107349265798085), 'confirmation_passed': False, 'cooldown_active': False}
2025-08-29 21:08:58 | INFO     | utils.logger:strategy:103 - STRATEGY: Adaptive Intelligence (buy_low_sell_high) | NEUTRAL | MSFT | {'strength': np.float64(0.05589025103259134), 'rsi': np.float64(62.09515261373943), 'macd_histogram': 0, 'adx': np.float64(20.107349265798085), 'confirmation_passed': False, 'cooldown_active': False, 'market_regime': 'trending', 'strategy_confidence': 0.5}
2025-08-29 21:08:58 | INFO     | utils.logger:strategy:103 - STRATEGY: Buy Low Sell High Strategy | NEUTRAL | GOOGL | {'strength': np.float64(0.015694028522377636), 'rsi': np.float64(55.28216570094634), 'macd_histogram': np.float64(0.03004358625516315), 'adx': np.float64(15.2293139810351), 'confirmation_passed': False, 'cooldown_active': False}
2025-08-29 21:08:58 | INFO     | utils.logger:strategy:103 - STRATEGY: Adaptive Intelligence (buy_low_sell_high) | NEUTRAL | GOOGL | {'strength': np.float64(0.015694028522377636), 'rsi': np.float64(55.28216570094634), 'macd_histogram': 0, 'adx': np.float64(15.2293139810351), 'confirmation_passed': False, 'cooldown_active': False, 'market_regime': 'choppy', 'strategy_confidence': 0.8}
2025-08-29 21:08:59 | INFO     | utils.logger:strategy:103 - STRATEGY: Buy Low Sell High Strategy | NEUTRAL | TSLA | {'strength': np.float64(-0.04862323558259379), 'rsi': np.float64(46.44211885725528), 'macd_histogram': np.float64(0.01807256654107707), 'adx': np.float64(20.80101819018912), 'confirmation_passed': False, 'cooldown_active': False}
2025-08-29 21:08:59 | INFO     | utils.logger:strategy:103 - STRATEGY: Adaptive Intelligence (buy_low_sell_high) | NEUTRAL | TSLA | {'strength': np.float64(-0.04862323558259379), 'rsi': np.float64(46.44211885725528), 'macd_histogram': 0, 'adx': np.float64(20.80101819018912), 'confirmation_passed': False, 'cooldown_active': False, 'market_regime': 'trending', 'strategy_confidence': 0.5}
2025-08-29 21:08:59 | INFO     | utils.logger:strategy:103 - STRATEGY: Buy Low Sell High Strategy | NEUTRAL | AMZN | {'strength': np.float64(0.05615575979413942), 'rsi': np.float64(65.09393484861283), 'macd_histogram': np.float64(0.016557638124200608), 'adx': np.float64(15.338240157297568), 'confirmation_passed': False, 'cooldown_active': False}
2025-08-29 21:08:59 | INFO     | utils.logger:strategy:103 - STRATEGY: Adaptive Intelligence (buy_low_sell_high) | NEUTRAL | AMZN | {'strength': np.float64(0.05615575979413942), 'rsi': np.float64(65.09393484861283), 'macd_histogram': 0, 'adx': np.float64(15.338240157297568), 'confirmation_passed': False, 'cooldown_active': False, 'market_regime': 'choppy', 'strategy_confidence': 0.8}
2025-08-29 21:08:59 | INFO     | utils.logger:strategy:103 - STRATEGY: Buy Low Sell High Strategy | NEUTRAL | NVDA | {'strength': np.float64(-0.048851207772686235), 'rsi': np.float64(52.89051605983971), 'macd_histogram': np.float64(-0.01729058684257888), 'adx': np.float64(18.363394412763732), 'confirmation_passed': False, 'cooldown_active': False}
2025-08-29 21:08:59 | INFO     | utils.logger:strategy:103 - STRATEGY: Adaptive Intelligence (buy_low_sell_high) | NEUTRAL | NVDA | {'strength': np.float64(-0.048851207772686235), 'rsi': np.float64(52.89051605983971), 'macd_histogram': 0, 'adx': np.float64(18.363394412763732), 'confirmation_passed': False, 'cooldown_active': False, 'market_regime': 'choppy', 'strategy_confidence': 0.8}
2025-08-29 21:09:00 | INFO     | utils.logger:strategy:103 - STRATEGY: Buy Low Sell High Strategy | BUY | AMD | {'strength': np.float64(0.11222269392726764), 'rsi': np.float64(60.92250290923478), 'macd_histogram': np.float64(0.007817343447529199), 'adx': np.float64(26.38511180460597), 'confirmation_passed': True, 'cooldown_active': False}
2025-08-29 21:09:00 | INFO     | utils.logger:strategy:103 - STRATEGY: Adaptive Intelligence (buy_low_sell_high) | BUY | AMD | {'strength': np.float64(0.11222269392726764), 'rsi': np.float64(60.92250290923478), 'macd_histogram': 0, 'adx': np.float64(26.38511180460597), 'confirmation_passed': True, 'cooldown_active': False, 'market_regime': 'trending', 'strategy_confidence': 0.8}
2025-08-29 21:09:14 | INFO     | utils.logger:info:48 - Alpaca client initialized with rate limiting | {'base_url': 'https://paper-api.alpaca.markets', 'key_fingerprint': 'PKW5...3D1Z', 'max_calls_per_minute': 150, 'official_limit': '200 requests/minute'}
2025-08-29 21:09:14 | INFO     | utils.logger:info:48 - Enhanced Momentum Strategy initialized | {'cooldown_symbol': 15, 'cooldown_global': 5}
2025-08-29 21:09:14 | INFO     | utils.logger:info:48 - Enhanced Momentum Strategy initialized | {'cooldown_symbol': 15, 'cooldown_global': 5}
2025-08-29 21:09:14 | INFO     | utils.logger:info:48 - Enhanced Momentum Strategy initialized | {'cooldown_symbol': 15, 'cooldown_global': 5}
2025-08-29 21:09:14 | INFO     | utils.logger:info:48 - Enhanced Momentum Strategy initialized | {'cooldown_symbol': 15, 'cooldown_global': 5}
2025-08-29 21:09:14 | INFO     | utils.logger:info:48 - Strategy Intelligence initialized | {'strategy_count': 4, 'switch_cooldown': 30}
2025-08-29 21:09:14 | INFO     | utils.logger:info:48 - Trading bot initialized | {'strategy': 'Adaptive Strategy Intelligence'}
2025-08-29 21:09:14 | INFO     | utils.logger:info:48 - Enhanced Momentum Strategy initialized | {'cooldown_symbol': 15, 'cooldown_global': 5}
2025-08-29 21:09:14 | INFO     | utils.logger:info:48 - Enhanced Momentum Strategy initialized | {'cooldown_symbol': 15, 'cooldown_global': 5}
2025-08-29 21:09:14 | INFO     | utils.logger:info:48 - Enhanced Momentum Strategy initialized | {'cooldown_symbol': 15, 'cooldown_global': 5}
2025-08-29 21:09:14 | INFO     | utils.logger:info:48 - Enhanced Momentum Strategy initialized | {'cooldown_symbol': 15, 'cooldown_global': 5}
2025-08-29 21:09:14 | INFO     | utils.logger:info:48 - Strategy Intelligence initialized | {'strategy_count': 4, 'switch_cooldown': 30}
2025-08-29 21:09:14 | INFO     | utils.logger:info:48 - Trading bot initialized | {'strategy': 'Adaptive Strategy Intelligence'}
2025-08-29 21:09:14 | SUCCESS  | utils.logger:success:76 - Alpaca connection successful | {'account_id': '41eedbc8-e9d1-4671-a2bc-d5a4ead1525b', 'status': 'ACTIVE', 'cash': '$10000.47', 'portfolio_value': '$10000.47'}
2025-08-29 21:09:14 | INFO     | utils.logger:info:48 - Scheduling timezone-aware trading | {'nyse_open_et': '09:30', 'nyse_close_et': '16:00', 'nyse_open_nl': '15:30', 'nyse_close_nl': '22:00', 'netherlands_tz': 'Europe/Amsterdam'}
2025-08-29 21:09:14 | INFO     | utils.logger:info:50 - Timezone-aware trading jobs scheduled
2025-08-29 21:09:14 | SUCCESS  | utils.logger:success:78 - Trading bot started successfully with timezone-aware scheduling
2025-08-29 21:09:14 | INFO     | utils.logger:info:48 - Market is currently open | {'closes_at': '22:00 (Netherlands time)', 'time_until_close': '0h 50m'}
2025-08-29 21:09:15 | INFO     | utils.logger:info:48 - Alpaca client initialized with rate limiting | {'base_url': 'https://paper-api.alpaca.markets', 'key_fingerprint': 'PKW5...3D1Z', 'max_calls_per_minute': 150, 'official_limit': '200 requests/minute'}
2025-08-29 21:09:16 | INFO     | utils.logger:info:48 - Enhanced Momentum Strategy initialized | {'cooldown_symbol': 15, 'cooldown_global': 5}
2025-08-29 21:09:16 | INFO     | utils.logger:info:48 - Enhanced Momentum Strategy initialized | {'cooldown_symbol': 15, 'cooldown_global': 5}
2025-08-29 21:09:16 | INFO     | utils.logger:info:48 - Enhanced Momentum Strategy initialized | {'cooldown_symbol': 15, 'cooldown_global': 5}
2025-08-29 21:09:16 | INFO     | utils.logger:info:48 - Enhanced Momentum Strategy initialized | {'cooldown_symbol': 15, 'cooldown_global': 5}
2025-08-29 21:09:16 | INFO     | utils.logger:info:48 - Strategy Intelligence initialized | {'strategy_count': 4, 'switch_cooldown': 30}
2025-08-29 21:09:17 | INFO     | utils.logger:info:48 - Strategy switched: None → buy_low_sell_high | {'regime': 'trending', 'confidence': 0.9, 'strategy_description': 'RSI-based buy low, sell high strategy'}
2025-08-29 21:09:17 | INFO     | utils.logger:strategy:103 - STRATEGY: Buy Low Sell High Strategy | NEUTRAL | AAPL | {'strength': 0, 'rsi': np.float64(74.48618975483745), 'macd_histogram': np.float64(0.0608062879993668), 'adx': np.float64(31.08665902974036), 'confirmation_passed': False, 'cooldown_active': False}
2025-08-29 21:09:17 | INFO     | utils.logger:strategy:103 - STRATEGY: Adaptive Intelligence (buy_low_sell_high) | NEUTRAL | AAPL | {'strength': 0, 'rsi': np.float64(74.48618975483745), 'macd_histogram': 0, 'adx': np.float64(31.08665902974036), 'confirmation_passed': False, 'cooldown_active': False, 'market_regime': 'trending', 'strategy_confidence': 0.9}
2025-08-29 21:09:17 | INFO     | utils.logger:strategy:103 - STRATEGY: Buy Low Sell High Strategy | NEUTRAL | MSFT | {'strength': np.float64(0.05567868593529797), 'rsi': np.float64(62.73848708011726), 'macd_histogram': np.float64(0.055278020780126905), 'adx': np.float64(20.59674967629459), 'confirmation_passed': False, 'cooldown_active': False}
2025-08-29 21:09:17 | INFO     | utils.logger:strategy:103 - STRATEGY: Adaptive Intelligence (buy_low_sell_high) | NEUTRAL | MSFT | {'strength': np.float64(0.05567868593529797), 'rsi': np.float64(62.73848708011726), 'macd_histogram': 0, 'adx': np.float64(20.59674967629459), 'confirmation_passed': False, 'cooldown_active': False, 'market_regime': 'trending', 'strategy_confidence': 0.5}
2025-08-29 21:09:17 | INFO     | utils.logger:strategy:103 - STRATEGY: Buy Low Sell High Strategy | NEUTRAL | GOOGL | {'strength': np.float64(0.055517329812510126), 'rsi': np.float64(53.70560822889893), 'macd_histogram': np.float64(0.024787392428256207), 'adx': np.float64(14.830553395902157), 'confirmation_passed': False, 'cooldown_active': False}
2025-08-29 21:09:17 | INFO     | utils.logger:strategy:103 - STRATEGY: Adaptive Intelligence (buy_low_sell_high) | NEUTRAL | GOOGL | {'strength': np.float64(0.055517329812510126), 'rsi': np.float64(53.70560822889893), 'macd_histogram': 0, 'adx': np.float64(14.830553395902157), 'confirmation_passed': False, 'cooldown_active': False, 'market_regime': 'choppy', 'strategy_confidence': 0.9}
2025-08-29 21:11:15 | INFO     | utils.logger:info:50 - Using yfinance fallback for AAPL data
2025-08-29 21:11:16 | INFO     | utils.logger:info:48 - Strategy switched: None → buy_low_sell_high | {'regime': 'trending', 'confidence': 0.8, 'strategy_description': 'RSI-based buy low, sell high strategy'}
2025-08-29 21:11:16 | INFO     | utils.logger:strategy:103 - STRATEGY: Buy Low Sell High Strategy | NEUTRAL | AAPL | {'strength': np.float64(-0.01324387864455181), 'rsi': np.float64(67.5545767684612), 'macd_histogram': np.float64(nan), 'adx': np.float64(29.98706472062788), 'confirmation_passed': False, 'cooldown_active': False}
2025-08-29 21:11:16 | INFO     | utils.logger:strategy:103 - STRATEGY: Adaptive Intelligence (buy_low_sell_high) | NEUTRAL | AAPL | {'strength': np.float64(-0.01324387864455181), 'rsi': np.float64(67.5545767684612), 'macd_histogram': 0, 'adx': np.float64(29.98706472062788), 'confirmation_passed': False, 'cooldown_active': False, 'market_regime': 'trending', 'strategy_confidence': 0.8}
2025-08-29 21:11:16 | INFO     | utils.logger:info:50 - Using yfinance fallback for MSFT data
2025-08-29 21:11:16 | INFO     | utils.logger:strategy:103 - STRATEGY: Buy Low Sell High Strategy | NEUTRAL | MSFT | {'strength': np.float64(-0.023589646325730816), 'rsi': np.float64(45.953613922248785), 'macd_histogram': np.float64(nan), 'adx': np.float64(16.206875285466474), 'confirmation_passed': False, 'cooldown_active': False}
2025-08-29 21:11:16 | INFO     | utils.logger:strategy:103 - STRATEGY: Adaptive Intelligence (buy_low_sell_high) | NEUTRAL | MSFT | {'strength': np.float64(-0.023589646325730816), 'rsi': np.float64(45.953613922248785), 'macd_histogram': 0, 'adx': np.float64(16.206875285466474), 'confirmation_passed': False, 'cooldown_active': False, 'market_regime': 'choppy', 'strategy_confidence': 0.8}
2025-08-29 21:11:16 | INFO     | utils.logger:info:50 - Using yfinance fallback for GOOGL data
2025-08-29 21:11:17 | INFO     | utils.logger:strategy:103 - STRATEGY: Buy Low Sell High Strategy | NEUTRAL | GOOGL | {'strength': 0, 'rsi': np.float64(75.30217122626374), 'macd_histogram': np.float64(nan), 'adx': np.float64(41.762571866789884), 'confirmation_passed': False, 'cooldown_active': False}
2025-08-29 21:11:17 | INFO     | utils.logger:strategy:103 - STRATEGY: Adaptive Intelligence (buy_low_sell_high) | NEUTRAL | GOOGL | {'strength': 0, 'rsi': np.float64(75.30217122626374), 'macd_histogram': 0, 'adx': np.float64(41.762571866789884), 'confirmation_passed': False, 'cooldown_active': False, 'market_regime': 'trending', 'strategy_confidence': 0.9}
2025-08-29 21:11:17 | INFO     | utils.logger:info:50 - Using yfinance fallback for TSLA data
2025-08-29 21:11:17 | INFO     | utils.logger:strategy:103 - STRATEGY: Buy Low Sell High Strategy | NEUTRAL | TSLA | {'strength': np.float64(-0.015368079176382018), 'rsi': np.float64(49.59626208830299), 'macd_histogram': np.float64(nan), 'adx': np.float64(7.752978020379523), 'confirmation_passed': False, 'cooldown_active': False}
2025-08-29 21:11:17 | INFO     | utils.logger:strategy:103 - STRATEGY: Adaptive Intelligence (buy_low_sell_high) | NEUTRAL | TSLA | {'strength': np.float64(-0.015368079176382018), 'rsi': np.float64(49.59626208830299), 'macd_histogram': 0, 'adx': np.float64(7.752978020379523), 'confirmation_passed': False, 'cooldown_active': False, 'market_regime': 'trending', 'strategy_confidence': 0.5}
2025-08-29 21:11:17 | INFO     | utils.logger:info:50 - Using yfinance fallback for AMZN data
2025-08-29 21:11:17 | INFO     | utils.logger:strategy:103 - STRATEGY: Buy Low Sell High Strategy | NEUTRAL | AMZN | {'strength': np.float64(-0.02671389221377251), 'rsi': np.float64(53.04299273338198), 'macd_histogram': np.float64(nan), 'adx': np.float64(9.341967036167873), 'confirmation_passed': False, 'cooldown_active': False}
2025-08-29 21:11:17 | INFO     | utils.logger:strategy:103 - STRATEGY: Adaptive Intelligence (buy_low_sell_high) | NEUTRAL | AMZN | {'strength': np.float64(-0.02671389221377251), 'rsi': np.float64(53.04299273338198), 'macd_histogram': 0, 'adx': np.float64(9.341967036167873), 'confirmation_passed': False, 'cooldown_active': False, 'market_regime': 'choppy', 'strategy_confidence': 0.8}
2025-08-29 21:11:18 | INFO     | utils.logger:info:50 - Using yfinance fallback for NVDA data
2025-08-29 21:11:18 | INFO     | utils.logger:strategy:103 - STRATEGY: Buy Low Sell High Strategy | NEUTRAL | NVDA | {'strength': np.float64(-0.024490807921974972), 'rsi': np.float64(42.640221332117356), 'macd_histogram': np.float64(nan), 'adx': np.float64(19.96086698670587), 'confirmation_passed': False, 'cooldown_active': False}
2025-08-29 21:11:18 | INFO     | utils.logger:strategy:103 - STRATEGY: Adaptive Intelligence (buy_low_sell_high) | NEUTRAL | NVDA | {'strength': np.float64(-0.024490807921974972), 'rsi': np.float64(42.640221332117356), 'macd_histogram': 0, 'adx': np.float64(19.96086698670587), 'confirmation_passed': False, 'cooldown_active': False, 'market_regime': 'choppy', 'strategy_confidence': 0.8}
2025-08-29 21:11:18 | INFO     | utils.logger:info:50 - Using yfinance fallback for AMD data
2025-08-29 21:11:18 | INFO     | utils.logger:strategy:103 - STRATEGY: Buy Low Sell High Strategy | NEUTRAL | AMD | {'strength': np.float64(-0.029700665205723592), 'rsi': np.float64(44.37023623156788), 'macd_histogram': np.float64(nan), 'adx': np.float64(12.400576271416295), 'confirmation_passed': False, 'cooldown_active': False}
2025-08-29 21:11:18 | INFO     | utils.logger:strategy:103 - STRATEGY: Adaptive Intelligence (buy_low_sell_high) | NEUTRAL | AMD | {'strength': np.float64(-0.029700665205723592), 'rsi': np.float64(44.37023623156788), 'macd_histogram': 0, 'adx': np.float64(12.400576271416295), 'confirmation_passed': False, 'cooldown_active': False, 'market_regime': 'trending', 'strategy_confidence': 0.5}
2025-08-29 21:13:19 | INFO     | utils.logger:info:50 - Using yfinance fallback for AAPL data
2025-08-29 21:13:20 | INFO     | utils.logger:strategy:103 - STRATEGY: Buy Low Sell High Strategy | NEUTRAL | AAPL | {'strength': np.float64(-0.013419126117296966), 'rsi': np.float64(67.16077631331888), 'macd_histogram': np.float64(nan), 'adx': np.float64(29.98706472062788), 'confirmation_passed': False, 'cooldown_active': False}
2025-08-29 21:13:20 | INFO     | utils.logger:strategy:103 - STRATEGY: Adaptive Intelligence (buy_low_sell_high) | NEUTRAL | AAPL | {'strength': np.float64(-0.013419126117296966), 'rsi': np.float64(67.16077631331888), 'macd_histogram': 0, 'adx': np.float64(29.98706472062788), 'confirmation_passed': False, 'cooldown_active': False, 'market_regime': 'trending', 'strategy_confidence': 0.8}
2025-08-29 21:13:20 | INFO     | utils.logger:info:50 - Using yfinance fallback for MSFT data
2025-08-29 21:13:20 | INFO     | utils.logger:strategy:103 - STRATEGY: Buy Low Sell High Strategy | NEUTRAL | MSFT | {'strength': np.float64(-0.023551330855282316), 'rsi': np.float64(45.92398510037802), 'macd_histogram': np.float64(nan), 'adx': np.float64(16.206875285466474), 'confirmation_passed': False, 'cooldown_active': False}
2025-08-29 21:13:20 | INFO     | utils.logger:strategy:103 - STRATEGY: Adaptive Intelligence (buy_low_sell_high) | NEUTRAL | MSFT | {'strength': np.float64(-0.023551330855282316), 'rsi': np.float64(45.92398510037802), 'macd_histogram': 0, 'adx': np.float64(16.206875285466474), 'confirmation_passed': False, 'cooldown_active': False, 'market_regime': 'choppy', 'strategy_confidence': 0.8}
2025-08-29 21:13:20 | INFO     | utils.logger:info:50 - Using yfinance fallback for GOOGL data
2025-08-29 21:13:21 | INFO     | utils.logger:strategy:103 - STRATEGY: Buy Low Sell High Strategy | NEUTRAL | GOOGL | {'strength': 0, 'rsi': np.float64(75.24451979688925), 'macd_histogram': np.float64(nan), 'adx': np.float64(41.762571866789884), 'confirmation_passed': False, 'cooldown_active': False}
2025-08-29 21:13:21 | INFO     | utils.logger:strategy:103 - STRATEGY: Adaptive Intelligence (buy_low_sell_high) | NEUTRAL | GOOGL | {'strength': 0, 'rsi': np.float64(75.24451979688925), 'macd_histogram': 0, 'adx': np.float64(41.762571866789884), 'confirmation_passed': False, 'cooldown_active': False, 'market_regime': 'trending', 'strategy_confidence': 0.9}
2025-08-29 21:13:21 | INFO     | utils.logger:info:50 - Using yfinance fallback for TSLA data
2025-08-29 21:13:21 | INFO     | utils.logger:strategy:103 - STRATEGY: Buy Low Sell High Strategy | NEUTRAL | TSLA | {'strength': np.float64(-0.015088048553618878), 'rsi': np.float64(49.66261092116879), 'macd_histogram': np.float64(nan), 'adx': np.float64(7.752978020379523), 'confirmation_passed': False, 'cooldown_active': False}
2025-08-29 21:13:21 | INFO     | utils.logger:strategy:103 - STRATEGY: Adaptive Intelligence (buy_low_sell_high) | NEUTRAL | TSLA | {'strength': np.float64(-0.015088048553618878), 'rsi': np.float64(49.66261092116879), 'macd_histogram': 0, 'adx': np.float64(7.752978020379523), 'confirmation_passed': False, 'cooldown_active': False, 'market_regime': 'trending', 'strategy_confidence': 0.5}
2025-08-29 21:13:21 | INFO     | utils.logger:info:50 - Using yfinance fallback for AMZN data
2025-08-29 21:13:21 | INFO     | utils.logger:strategy:103 - STRATEGY: Buy Low Sell High Strategy | NEUTRAL | AMZN | {'strength': np.float64(-0.026734457866918297), 'rsi': np.float64(52.943783496601434), 'macd_histogram': np.float64(nan), 'adx': np.float64(9.341967036167873), 'confirmation_passed': False, 'cooldown_active': False}
2025-08-29 21:13:21 | INFO     | utils.logger:strategy:103 - STRATEGY: Adaptive Intelligence (buy_low_sell_high) | NEUTRAL | AMZN | {'strength': np.float64(-0.026734457866918297), 'rsi': np.float64(52.943783496601434), 'macd_histogram': 0, 'adx': np.float64(9.341967036167873), 'confirmation_passed': False, 'cooldown_active': False, 'market_regime': 'choppy', 'strategy_confidence': 0.8}
2025-08-29 21:13:22 | INFO     | utils.logger:info:50 - Using yfinance fallback for NVDA data
2025-08-29 21:13:22 | INFO     | utils.logger:strategy:103 - STRATEGY: Buy Low Sell High Strategy | NEUTRAL | NVDA | {'strength': np.float64(-0.024886958232555174), 'rsi': np.float64(42.30436177784502), 'macd_histogram': np.float64(nan), 'adx': np.float64(19.96086698670587), 'confirmation_passed': False, 'cooldown_active': False}
2025-08-29 21:13:22 | INFO     | utils.logger:strategy:103 - STRATEGY: Adaptive Intelligence (buy_low_sell_high) | NEUTRAL | NVDA | {'strength': np.float64(-0.024886958232555174), 'rsi': np.float64(42.30436177784502), 'macd_histogram': 0, 'adx': np.float64(19.96086698670587), 'confirmation_passed': False, 'cooldown_active': False, 'market_regime': 'choppy', 'strategy_confidence': 0.8}
2025-08-29 21:13:22 | INFO     | utils.logger:info:50 - Using yfinance fallback for AMD data
2025-08-29 21:13:22 | INFO     | utils.logger:strategy:103 - STRATEGY: Buy Low Sell High Strategy | NEUTRAL | AMD | {'strength': np.float64(-0.029703738493317637), 'rsi': np.float64(44.32175198931665), 'macd_histogram': np.float64(nan), 'adx': np.float64(12.400576271416295), 'confirmation_passed': False, 'cooldown_active': False}
2025-08-29 21:13:22 | INFO     | utils.logger:strategy:103 - STRATEGY: Adaptive Intelligence (buy_low_sell_high) | NEUTRAL | AMD | {'strength': np.float64(-0.029703738493317637), 'rsi': np.float64(44.32175198931665), 'macd_histogram': 0, 'adx': np.float64(12.400576271416295), 'confirmation_passed': False, 'cooldown_active': False, 'market_regime': 'trending', 'strategy_confidence': 0.5}
2025-08-29 21:13:47 | INFO     | utils.logger:info:48 - Alpaca client initialized with rate limiting | {'base_url': 'https://paper-api.alpaca.markets', 'key_fingerprint': 'PKW5...3D1Z', 'max_calls_per_minute': 150, 'official_limit': '200 requests/minute'}
2025-08-29 21:13:48 | INFO     | utils.logger:info:48 - Enhanced Momentum Strategy initialized | {'cooldown_symbol': 15, 'cooldown_global': 5}
2025-08-29 21:13:48 | INFO     | utils.logger:info:48 - Enhanced Momentum Strategy initialized | {'cooldown_symbol': 15, 'cooldown_global': 5}
2025-08-29 21:13:48 | INFO     | utils.logger:info:48 - Enhanced Momentum Strategy initialized | {'cooldown_symbol': 15, 'cooldown_global': 5}
2025-08-29 21:13:48 | INFO     | utils.logger:info:48 - Enhanced Momentum Strategy initialized | {'cooldown_symbol': 15, 'cooldown_global': 5}
2025-08-29 21:13:48 | INFO     | utils.logger:info:48 - Strategy Intelligence initialized | {'strategy_count': 4, 'switch_cooldown': 30}
2025-08-29 21:13:49 | INFO     | utils.logger:info:48 - Strategy switched: None → buy_low_sell_high | {'regime': 'trending', 'confidence': 0.8, 'strategy_description': 'RSI-based buy low, sell high strategy'}
2025-08-29 21:13:49 | INFO     | utils.logger:strategy:103 - STRATEGY: Buy Low Sell High Strategy | NEUTRAL | AAPL | {'strength': np.float64(-0.048789511769029), 'rsi': np.float64(52.26172094431691), 'macd_histogram': np.float64(-0.0033067026334328703), 'adx': np.float64(26.29747813563875), 'confirmation_passed': False, 'cooldown_active': False}
2025-08-29 21:13:49 | INFO     | utils.logger:strategy:103 - STRATEGY: Adaptive Intelligence (buy_low_sell_high) | NEUTRAL | AAPL | {'strength': np.float64(-0.048789511769029), 'rsi': np.float64(52.26172094431691), 'macd_histogram': 0, 'adx': np.float64(26.29747813563875), 'confirmation_passed': False, 'cooldown_active': False, 'market_regime': 'trending', 'strategy_confidence': 0.8}
2025-08-29 21:13:49 | INFO     | utils.logger:strategy:103 - STRATEGY: Buy Low Sell High Strategy | NEUTRAL | MSFT | {'strength': np.float64(0.05563721529772203), 'rsi': np.float64(58.26361174359191), 'macd_histogram': np.float64(0.027870231319033448), 'adx': np.float64(17.95512058006477), 'confirmation_passed': False, 'cooldown_active': False}
2025-08-29 21:13:49 | INFO     | utils.logger:strategy:103 - STRATEGY: Adaptive Intelligence (buy_low_sell_high) | NEUTRAL | MSFT | {'strength': np.float64(0.05563721529772203), 'rsi': np.float64(58.26361174359191), 'macd_histogram': 0, 'adx': np.float64(17.95512058006477), 'confirmation_passed': False, 'cooldown_active': False, 'market_regime': 'choppy', 'strategy_confidence': 0.8}
2025-08-29 21:13:49 | INFO     | utils.logger:strategy:103 - STRATEGY: Buy Low Sell High Strategy | NEUTRAL | GOOGL | {'strength': np.float64(0.05595019405980099), 'rsi': np.float64(49.563960179220416), 'macd_histogram': np.float64(0.014077526205214644), 'adx': np.float64(14.876985231748439), 'confirmation_passed': False, 'cooldown_active': False}
2025-08-29 21:13:49 | INFO     | utils.logger:strategy:103 - STRATEGY: Adaptive Intelligence (buy_low_sell_high) | NEUTRAL | GOOGL | {'strength': np.float64(0.05595019405980099), 'rsi': np.float64(49.563960179220416), 'macd_histogram': 0, 'adx': np.float64(14.876985231748439), 'confirmation_passed': False, 'cooldown_active': False, 'market_regime': 'choppy', 'strategy_confidence': 0.9}
2025-08-29 21:14:20 | INFO     | utils.logger:info:48 - Enhanced Momentum Strategy initialized | {'cooldown_symbol': 15, 'cooldown_global': 5}
2025-08-29 21:14:20 | INFO     | utils.logger:info:48 - Enhanced Momentum Strategy initialized | {'cooldown_symbol': 15, 'cooldown_global': 5}
2025-08-29 21:14:20 | INFO     | utils.logger:info:48 - Enhanced Momentum Strategy initialized | {'cooldown_symbol': 15, 'cooldown_global': 5}
2025-08-29 21:14:20 | INFO     | utils.logger:info:48 - Enhanced Momentum Strategy initialized | {'cooldown_symbol': 15, 'cooldown_global': 5}
2025-08-29 21:14:20 | INFO     | utils.logger:info:48 - Strategy Intelligence initialized | {'strategy_count': 4, 'switch_cooldown': 30}
2025-08-29 21:14:20 | INFO     | utils.logger:strategy:103 - STRATEGY: Buy Low Sell High Strategy | NEUTRAL | AAPL | {'strength': np.float64(-0.04896927773065561), 'rsi': np.float64(49.857266482267995), 'macd_histogram': np.float64(-0.015657791615895422), 'adx': np.float64(24.15800532921089), 'confirmation_passed': False, 'cooldown_active': False}
2025-08-29 21:14:20 | INFO     | utils.logger:strategy:103 - STRATEGY: Adaptive Intelligence (buy_low_sell_high) | NEUTRAL | AAPL | {'strength': np.float64(-0.04896927773065561), 'rsi': np.float64(49.857266482267995), 'macd_histogram': 0, 'adx': np.float64(24.15800532921089), 'confirmation_passed': False, 'cooldown_active': False, 'market_regime': 'trending', 'strategy_confidence': 0.5}
2025-08-29 21:14:21 | INFO     | utils.logger:info:48 - Strategy switched: None → momentum_micro | {'regime': 'choppy', 'confidence': 0.8, 'strategy_description': 'Ultra-sensitive micro-movement detection'}
2025-08-29 21:14:21 | INFO     | utils.logger:strategy:103 - STRATEGY: Buy Low Sell High Strategy | NEUTRAL | MSFT | {'strength': np.float64(0.055669207336418836), 'rsi': np.float64(53.54756204694299), 'macd_histogram': np.float64(0.012990296570830909), 'adx': np.float64(16.277701242728902), 'confirmation_passed': False, 'cooldown_active': False}
2025-08-29 21:14:21 | INFO     | utils.logger:strategy:103 - STRATEGY: Adaptive Intelligence (momentum_micro) | NEUTRAL | MSFT | {'strength': np.float64(0.055669207336418836), 'rsi': np.float64(53.54756204694299), 'macd_histogram': 0, 'adx': np.float64(16.277701242728902), 'confirmation_passed': False, 'cooldown_active': False, 'market_regime': 'choppy', 'strategy_confidence': 0.8}
2025-08-29 21:14:21 | INFO     | utils.logger:strategy:103 - STRATEGY: Buy Low Sell High Strategy | NEUTRAL | GOOGL | {'strength': np.float64(0.05582093950662787), 'rsi': np.float64(47.76308575725501), 'macd_histogram': np.float64(0.0015504094297365337), 'adx': np.float64(13.998422200993542), 'confirmation_passed': False, 'cooldown_active': False}
2025-08-29 21:14:21 | INFO     | utils.logger:strategy:103 - STRATEGY: Adaptive Intelligence (momentum_micro) | NEUTRAL | GOOGL | {'strength': np.float64(0.05582093950662787), 'rsi': np.float64(47.76308575725501), 'macd_histogram': 0, 'adx': np.float64(13.998422200993542), 'confirmation_passed': False, 'cooldown_active': False, 'market_regime': 'choppy', 'strategy_confidence': 0.9}
2025-08-29 21:14:51 | INFO     | utils.logger:info:48 - Enhanced Momentum Strategy initialized | {'cooldown_symbol': 15, 'cooldown_global': 5}
2025-08-29 21:14:51 | INFO     | utils.logger:info:48 - Enhanced Momentum Strategy initialized | {'cooldown_symbol': 15, 'cooldown_global': 5}
2025-08-29 21:14:51 | INFO     | utils.logger:info:48 - Enhanced Momentum Strategy initialized | {'cooldown_symbol': 15, 'cooldown_global': 5}
2025-08-29 21:14:51 | INFO     | utils.logger:info:48 - Enhanced Momentum Strategy initialized | {'cooldown_symbol': 15, 'cooldown_global': 5}
2025-08-29 21:14:51 | INFO     | utils.logger:info:48 - Strategy Intelligence initialized | {'strategy_count': 4, 'switch_cooldown': 30}
2025-08-29 21:14:52 | INFO     | utils.logger:strategy:103 - STRATEGY: Buy Low Sell High Strategy | NEUTRAL | AAPL | {'strength': np.float64(-0.04872501804223841), 'rsi': np.float64(51.943910669194004), 'macd_histogram': np.float64(-0.0134307561368774), 'adx': np.float64(24.15800532921089), 'confirmation_passed': False, 'cooldown_active': False}
2025-08-29 21:14:52 | INFO     | utils.logger:strategy:103 - STRATEGY: Adaptive Intelligence (buy_low_sell_high) | NEUTRAL | AAPL | {'strength': np.float64(-0.04872501804223841), 'rsi': np.float64(51.943910669194004), 'macd_histogram': 0, 'adx': np.float64(24.15800532921089), 'confirmation_passed': False, 'cooldown_active': False, 'market_regime': 'trending', 'strategy_confidence': 0.5}
2025-08-29 21:14:53 | INFO     | utils.logger:info:48 - Strategy switched: None → momentum_micro | {'regime': 'choppy', 'confidence': 0.8, 'strategy_description': 'Ultra-sensitive micro-movement detection'}
2025-08-29 21:14:53 | INFO     | utils.logger:strategy:103 - STRATEGY: Buy Low Sell High Strategy | NEUTRAL | MSFT | {'strength': np.float64(0.05595928445051046), 'rsi': np.float64(57.73832991543793), 'macd_histogram': np.float64(0.019689904833000843), 'adx': np.float64(16.2777012427289), 'confirmation_passed': False, 'cooldown_active': False}
2025-08-29 21:14:53 | INFO     | utils.logger:strategy:103 - STRATEGY: Adaptive Intelligence (momentum_micro) | NEUTRAL | MSFT | {'strength': np.float64(0.05595928445051046), 'rsi': np.float64(57.73832991543793), 'macd_histogram': 0, 'adx': np.float64(16.2777012427289), 'confirmation_passed': False, 'cooldown_active': False, 'market_regime': 'choppy', 'strategy_confidence': 0.8}
2025-08-29 21:14:53 | INFO     | utils.logger:strategy:103 - STRATEGY: Buy Low Sell High Strategy | NEUTRAL | GOOGL | {'strength': np.float64(0.05584502899053295), 'rsi': np.float64(48.41389652290736), 'macd_histogram': np.float64(0.0025076354357760275), 'adx': np.float64(14.04781349069541), 'confirmation_passed': False, 'cooldown_active': False}
2025-08-29 21:14:53 | INFO     | utils.logger:strategy:103 - STRATEGY: Adaptive Intelligence (momentum_micro) | NEUTRAL | GOOGL | {'strength': np.float64(0.05584502899053295), 'rsi': np.float64(48.41389652290736), 'macd_histogram': 0, 'adx': np.float64(14.04781349069541), 'confirmation_passed': False, 'cooldown_active': False, 'market_regime': 'choppy', 'strategy_confidence': 0.9}
2025-08-29 21:15:14 | INFO     | utils.logger:info:48 - Alpaca client initialized with rate limiting | {'base_url': 'https://paper-api.alpaca.markets', 'key_fingerprint': 'PKW5...3D1Z', 'max_calls_per_minute': 150, 'official_limit': '200 requests/minute'}
2025-08-29 21:15:15 | INFO     | utils.logger:info:48 - Enhanced Momentum Strategy initialized | {'cooldown_symbol': 15, 'cooldown_global': 5}
2025-08-29 21:15:15 | INFO     | utils.logger:info:48 - Enhanced Momentum Strategy initialized | {'cooldown_symbol': 15, 'cooldown_global': 5}
2025-08-29 21:15:15 | INFO     | utils.logger:info:48 - Enhanced Momentum Strategy initialized | {'cooldown_symbol': 15, 'cooldown_global': 5}
2025-08-29 21:15:15 | INFO     | utils.logger:info:48 - Enhanced Momentum Strategy initialized | {'cooldown_symbol': 15, 'cooldown_global': 5}
2025-08-29 21:15:15 | INFO     | utils.logger:info:48 - Strategy Intelligence initialized | {'strategy_count': 4, 'switch_cooldown': 30}
2025-08-29 21:15:16 | INFO     | utils.logger:strategy:103 - STRATEGY: Buy Low Sell High Strategy | NEUTRAL | AAPL | {'strength': np.float64(-0.04924312392416273), 'rsi': np.float64(52.53280497873684), 'macd_histogram': np.float64(-0.01768706740594686), 'adx': np.float64(22.5065185479306), 'confirmation_passed': False, 'cooldown_active': False}
2025-08-29 21:15:16 | INFO     | utils.logger:strategy:103 - STRATEGY: Adaptive Intelligence (buy_low_sell_high) | NEUTRAL | AAPL | {'strength': np.float64(-0.04924312392416273), 'rsi': np.float64(52.53280497873684), 'macd_histogram': 0, 'adx': np.float64(22.5065185479306), 'confirmation_passed': False, 'cooldown_active': False, 'market_regime': 'trending', 'strategy_confidence': 0.5}
2025-08-29 21:15:16 | INFO     | utils.logger:info:48 - Strategy switched: None → momentum_micro | {'regime': 'choppy', 'confidence': 0.8, 'strategy_description': 'Ultra-sensitive micro-movement detection'}
2025-08-29 21:15:16 | INFO     | utils.logger:strategy:103 - STRATEGY: Buy Low Sell High Strategy | NEUTRAL | MSFT | {'strength': np.float64(0.05588483077207723), 'rsi': np.float64(60.59146813056806), 'macd_histogram': np.float64(0.02304529615500526), 'adx': np.float64(15.487776078854072), 'confirmation_passed': False, 'cooldown_active': False}
2025-08-29 21:15:16 | INFO     | utils.logger:strategy:103 - STRATEGY: Adaptive Intelligence (momentum_micro) | NEUTRAL | MSFT | {'strength': np.float64(0.05588483077207723), 'rsi': np.float64(60.59146813056806), 'macd_histogram': 0, 'adx': np.float64(15.487776078854072), 'confirmation_passed': False, 'cooldown_active': False, 'market_regime': 'choppy', 'strategy_confidence': 0.8}
2025-08-29 21:15:17 | INFO     | utils.logger:strategy:103 - STRATEGY: Buy Low Sell High Strategy | NEUTRAL | GOOGL | {'strength': np.float64(-0.04870699138517492), 'rsi': np.float64(47.30826306227519), 'macd_histogram': np.float64(-0.005482874328911657), 'adx': np.float64(12.630228463016039), 'confirmation_passed': False, 'cooldown_active': False}
2025-08-29 21:15:17 | INFO     | utils.logger:strategy:103 - STRATEGY: Adaptive Intelligence (momentum_micro) | NEUTRAL | GOOGL | {'strength': np.float64(-0.04870699138517492), 'rsi': np.float64(47.30826306227519), 'macd_histogram': 0, 'adx': np.float64(12.630228463016039), 'confirmation_passed': False, 'cooldown_active': False, 'market_regime': 'choppy', 'strategy_confidence': 0.9}
2025-08-29 21:15:23 | INFO     | utils.logger:info:50 - Using yfinance fallback for AAPL data
2025-08-29 21:15:24 | INFO     | utils.logger:strategy:103 - STRATEGY: Buy Low Sell High Strategy | NEUTRAL | AAPL | {'strength': np.float64(-0.013269435168812588), 'rsi': np.float64(67.21182608877604), 'macd_histogram': np.float64(nan), 'adx': np.float64(29.98706472062788), 'confirmation_passed': False, 'cooldown_active': False}
2025-08-29 21:15:24 | INFO     | utils.logger:strategy:103 - STRATEGY: Adaptive Intelligence (buy_low_sell_high) | NEUTRAL | AAPL | {'strength': np.float64(-0.013269435168812588), 'rsi': np.float64(67.21182608877604), 'macd_histogram': 0, 'adx': np.float64(29.98706472062788), 'confirmation_passed': False, 'cooldown_active': False, 'market_regime': 'trending', 'strategy_confidence': 0.8}
2025-08-29 21:15:24 | INFO     | utils.logger:info:50 - Using yfinance fallback for MSFT data
2025-08-29 21:15:24 | INFO     | utils.logger:strategy:103 - STRATEGY: Buy Low Sell High Strategy | NEUTRAL | MSFT | {'strength': np.float64(-0.023384177780822496), 'rsi': np.float64(46.01298640810984), 'macd_histogram': np.float64(nan), 'adx': np.float64(16.206875285466474), 'confirmation_passed': False, 'cooldown_active': False}
2025-08-29 21:15:24 | INFO     | utils.logger:strategy:103 - STRATEGY: Adaptive Intelligence (buy_low_sell_high) | NEUTRAL | MSFT | {'strength': np.float64(-0.023384177780822496), 'rsi': np.float64(46.01298640810984), 'macd_histogram': 0, 'adx': np.float64(16.206875285466474), 'confirmation_passed': False, 'cooldown_active': False, 'market_regime': 'choppy', 'strategy_confidence': 0.8}
2025-08-29 21:15:24 | INFO     | utils.logger:info:50 - Using yfinance fallback for GOOGL data
2025-08-29 21:15:24 | INFO     | utils.logger:strategy:103 - STRATEGY: Buy Low Sell High Strategy | NEUTRAL | GOOGL | {'strength': 0, 'rsi': np.float64(75.11381481217072), 'macd_histogram': np.float64(nan), 'adx': np.float64(41.762571866789884), 'confirmation_passed': False, 'cooldown_active': False}
2025-08-29 21:15:24 | INFO     | utils.logger:strategy:103 - STRATEGY: Adaptive Intelligence (buy_low_sell_high) | NEUTRAL | GOOGL | {'strength': 0, 'rsi': np.float64(75.11381481217072), 'macd_histogram': 0, 'adx': np.float64(41.762571866789884), 'confirmation_passed': False, 'cooldown_active': False, 'market_regime': 'trending', 'strategy_confidence': 0.9}
2025-08-29 21:15:25 | INFO     | utils.logger:info:50 - Using yfinance fallback for TSLA data
2025-08-29 21:15:25 | INFO     | utils.logger:strategy:103 - STRATEGY: Buy Low Sell High Strategy | NEUTRAL | TSLA | {'strength': np.float64(-0.014879269119426981), 'rsi': np.float64(49.65361656114964), 'macd_histogram': np.float64(nan), 'adx': np.float64(7.752978020379523), 'confirmation_passed': False, 'cooldown_active': False}
2025-08-29 21:15:25 | INFO     | utils.logger:strategy:103 - STRATEGY: Adaptive Intelligence (buy_low_sell_high) | NEUTRAL | TSLA | {'strength': np.float64(-0.014879269119426981), 'rsi': np.float64(49.65361656114964), 'macd_histogram': 0, 'adx': np.float64(7.752978020379523), 'confirmation_passed': False, 'cooldown_active': False, 'market_regime': 'trending', 'strategy_confidence': 0.5}
2025-08-29 21:15:25 | INFO     | utils.logger:info:50 - Using yfinance fallback for AMZN data
2025-08-29 21:15:25 | INFO     | utils.logger:strategy:103 - STRATEGY: Buy Low Sell High Strategy | NEUTRAL | AMZN | {'strength': np.float64(-0.026685403090730406), 'rsi': np.float64(52.91421801008571), 'macd_histogram': np.float64(nan), 'adx': np.float64(9.341967036167873), 'confirmation_passed': False, 'cooldown_active': False}
2025-08-29 21:15:25 | INFO     | utils.logger:strategy:103 - STRATEGY: Adaptive Intelligence (buy_low_sell_high) | NEUTRAL | AMZN | {'strength': np.float64(-0.026685403090730406), 'rsi': np.float64(52.91421801008571), 'macd_histogram': 0, 'adx': np.float64(9.341967036167873), 'confirmation_passed': False, 'cooldown_active': False, 'market_regime': 'choppy', 'strategy_confidence': 0.8}
2025-08-29 21:15:25 | INFO     | utils.logger:info:50 - Using yfinance fallback for NVDA data
2025-08-29 21:15:26 | INFO     | utils.logger:strategy:103 - STRATEGY: Buy Low Sell High Strategy | NEUTRAL | NVDA | {'strength': np.float64(-0.024704224812002958), 'rsi': np.float64(42.335388329021505), 'macd_histogram': np.float64(nan), 'adx': np.float64(19.96086698670587), 'confirmation_passed': False, 'cooldown_active': False}
2025-08-29 21:15:26 | INFO     | utils.logger:strategy:103 - STRATEGY: Adaptive Intelligence (buy_low_sell_high) | NEUTRAL | NVDA | {'strength': np.float64(-0.024704224812002958), 'rsi': np.float64(42.335388329021505), 'macd_histogram': 0, 'adx': np.float64(19.96086698670587), 'confirmation_passed': False, 'cooldown_active': False, 'market_regime': 'choppy', 'strategy_confidence': 0.8}
2025-08-29 21:15:26 | INFO     | utils.logger:info:50 - Using yfinance fallback for AMD data
2025-08-29 21:15:26 | INFO     | utils.logger:strategy:103 - STRATEGY: Buy Low Sell High Strategy | NEUTRAL | AMD | {'strength': np.float64(-0.029582902933654013), 'rsi': np.float64(44.32021828742531), 'macd_histogram': np.float64(nan), 'adx': np.float64(12.400576271416295), 'confirmation_passed': False, 'cooldown_active': False}
2025-08-29 21:15:26 | INFO     | utils.logger:strategy:103 - STRATEGY: Adaptive Intelligence (buy_low_sell_high) | NEUTRAL | AMD | {'strength': np.float64(-0.029582902933654013), 'rsi': np.float64(44.32021828742531), 'macd_histogram': 0, 'adx': np.float64(12.400576271416295), 'confirmation_passed': False, 'cooldown_active': False, 'market_regime': 'trending', 'strategy_confidence': 0.5}
2025-08-29 21:15:47 | INFO     | utils.logger:info:48 - Enhanced Momentum Strategy initialized | {'cooldown_symbol': 15, 'cooldown_global': 5}
2025-08-29 21:15:47 | INFO     | utils.logger:info:48 - Enhanced Momentum Strategy initialized | {'cooldown_symbol': 15, 'cooldown_global': 5}
2025-08-29 21:15:47 | INFO     | utils.logger:info:48 - Enhanced Momentum Strategy initialized | {'cooldown_symbol': 15, 'cooldown_global': 5}
2025-08-29 21:15:47 | INFO     | utils.logger:info:48 - Enhanced Momentum Strategy initialized | {'cooldown_symbol': 15, 'cooldown_global': 5}
2025-08-29 21:15:47 | INFO     | utils.logger:info:48 - Strategy Intelligence initialized | {'strategy_count': 4, 'switch_cooldown': 30}
2025-08-29 21:15:48 | INFO     | utils.logger:strategy:103 - STRATEGY: Buy Low Sell High Strategy | NEUTRAL | AAPL | {'strength': np.float64(-0.04837827188777738), 'rsi': np.float64(57.58377287701381), 'macd_histogram': np.float64(-0.011701240082217262), 'adx': np.float64(23.257296157567772), 'confirmation_passed': False, 'cooldown_active': False}
2025-08-29 21:15:48 | INFO     | utils.logger:strategy:103 - STRATEGY: Adaptive Intelligence (buy_low_sell_high) | NEUTRAL | AAPL | {'strength': np.float64(-0.04837827188777738), 'rsi': np.float64(57.58377287701381), 'macd_histogram': 0, 'adx': np.float64(23.257296157567772), 'confirmation_passed': False, 'cooldown_active': False, 'market_regime': 'trending', 'strategy_confidence': 0.5}
2025-08-29 21:15:48 | INFO     | utils.logger:info:48 - Strategy switched: None → momentum_micro | {'regime': 'choppy', 'confidence': 0.8, 'strategy_description': 'Ultra-sensitive micro-movement detection'}
2025-08-29 21:15:48 | INFO     | utils.logger:strategy:103 - STRATEGY: Buy Low Sell High Strategy | NEUTRAL | MSFT | {'strength': np.float64(0.055925873969583914), 'rsi': np.float64(61.094559382007716), 'macd_histogram': np.float64(0.02400154838075634), 'adx': np.float64(15.621753379388522), 'confirmation_passed': False, 'cooldown_active': False}
2025-08-29 21:15:48 | INFO     | utils.logger:strategy:103 - STRATEGY: Adaptive Intelligence (momentum_micro) | NEUTRAL | MSFT | {'strength': np.float64(0.055925873969583914), 'rsi': np.float64(61.094559382007716), 'macd_histogram': 0, 'adx': np.float64(15.621753379388522), 'confirmation_passed': False, 'cooldown_active': False, 'market_regime': 'choppy', 'strategy_confidence': 0.8}
2025-08-29 21:15:48 | INFO     | utils.logger:strategy:103 - STRATEGY: Buy Low Sell High Strategy | NEUTRAL | GOOGL | {'strength': np.float64(-0.04847597221254991), 'rsi': np.float64(49.83851699013801), 'macd_histogram': np.float64(-0.0019723964531957808), 'adx': np.float64(12.750041807307815), 'confirmation_passed': False, 'cooldown_active': False}
2025-08-29 21:15:48 | INFO     | utils.logger:strategy:103 - STRATEGY: Adaptive Intelligence (momentum_micro) | NEUTRAL | GOOGL | {'strength': np.float64(-0.04847597221254991), 'rsi': np.float64(49.83851699013801), 'macd_histogram': 0, 'adx': np.float64(12.750041807307815), 'confirmation_passed': False, 'cooldown_active': False, 'market_regime': 'choppy', 'strategy_confidence': 0.9}
2025-08-29 21:16:20 | INFO     | utils.logger:info:48 - Alpaca client initialized with rate limiting | {'base_url': 'https://paper-api.alpaca.markets', 'key_fingerprint': 'PKW5...3D1Z', 'max_calls_per_minute': 150, 'official_limit': '200 requests/minute'}
2025-08-29 21:17:27 | INFO     | utils.logger:info:50 - Using yfinance fallback for AAPL data
2025-08-29 21:17:27 | INFO     | utils.logger:strategy:103 - STRATEGY: Buy Low Sell High Strategy | NEUTRAL | AAPL | {'strength': np.float64(-0.013143457773927046), 'rsi': np.float64(67.25018390085339), 'macd_histogram': np.float64(nan), 'adx': np.float64(29.98706472062788), 'confirmation_passed': False, 'cooldown_active': False}
2025-08-29 21:17:27 | INFO     | utils.logger:strategy:103 - STRATEGY: Adaptive Intelligence (buy_low_sell_high) | NEUTRAL | AAPL | {'strength': np.float64(-0.013143457773927046), 'rsi': np.float64(67.25018390085339), 'macd_histogram': 0, 'adx': np.float64(29.98706472062788), 'confirmation_passed': False, 'cooldown_active': False, 'market_regime': 'trending', 'strategy_confidence': 0.8}
2025-08-29 21:17:28 | INFO     | utils.logger:info:50 - Using yfinance fallback for MSFT data
2025-08-29 21:17:28 | INFO     | utils.logger:strategy:103 - STRATEGY: Buy Low Sell High Strategy | NEUTRAL | MSFT | {'strength': np.float64(-0.023253529687774246), 'rsi': np.float64(46.06260100408269), 'macd_histogram': np.float64(nan), 'adx': np.float64(16.206875285466474), 'confirmation_passed': False, 'cooldown_active': False}
2025-08-29 21:17:28 | INFO     | utils.logger:strategy:103 - STRATEGY: Adaptive Intelligence (buy_low_sell_high) | NEUTRAL | MSFT | {'strength': np.float64(-0.023253529687774246), 'rsi': np.float64(46.06260100408269), 'macd_histogram': 0, 'adx': np.float64(16.206875285466474), 'confirmation_passed': False, 'cooldown_active': False, 'market_regime': 'choppy', 'strategy_confidence': 0.8}
2025-08-29 21:17:28 | INFO     | utils.logger:info:50 - Using yfinance fallback for GOOGL data
2025-08-29 21:17:28 | INFO     | utils.logger:strategy:103 - STRATEGY: Buy Low Sell High Strategy | NEUTRAL | GOOGL | {'strength': 0, 'rsi': np.float64(75.1526809445759), 'macd_histogram': np.float64(nan), 'adx': np.float64(41.762571866789884), 'confirmation_passed': False, 'cooldown_active': False}
2025-08-29 21:17:28 | INFO     | utils.logger:strategy:103 - STRATEGY: Adaptive Intelligence (buy_low_sell_high) | NEUTRAL | GOOGL | {'strength': 0, 'rsi': np.float64(75.1526809445759), 'macd_histogram': 0, 'adx': np.float64(41.762571866789884), 'confirmation_passed': False, 'cooldown_active': False, 'market_regime': 'trending', 'strategy_confidence': 0.9}
2025-08-29 21:17:28 | INFO     | utils.logger:info:50 - Using yfinance fallback for TSLA data
2025-08-29 21:17:29 | INFO     | utils.logger:strategy:103 - STRATEGY: Buy Low Sell High Strategy | NEUTRAL | TSLA | {'strength': np.float64(-0.014614644856765547), 'rsi': np.float64(49.720063609529895), 'macd_histogram': np.float64(nan), 'adx': np.float64(7.752978020379523), 'confirmation_passed': False, 'cooldown_active': False}
2025-08-29 21:17:29 | INFO     | utils.logger:strategy:103 - STRATEGY: Adaptive Intelligence (buy_low_sell_high) | NEUTRAL | TSLA | {'strength': np.float64(-0.014614644856765547), 'rsi': np.float64(49.720063609529895), 'macd_histogram': 0, 'adx': np.float64(7.752978020379523), 'confirmation_passed': False, 'cooldown_active': False, 'market_regime': 'trending', 'strategy_confidence': 0.5}
2025-08-29 21:17:29 | INFO     | utils.logger:info:50 - Using yfinance fallback for AMZN data
2025-08-29 21:17:29 | INFO     | utils.logger:strategy:103 - STRATEGY: Buy Low Sell High Strategy | NEUTRAL | AMZN | {'strength': np.float64(-0.02628602186644918), 'rsi': np.float64(53.123798796777336), 'macd_histogram': np.float64(nan), 'adx': np.float64(9.341967036167873), 'confirmation_passed': False, 'cooldown_active': False}
2025-08-29 21:17:29 | INFO     | utils.logger:strategy:103 - STRATEGY: Adaptive Intelligence (buy_low_sell_high) | NEUTRAL | AMZN | {'strength': np.float64(-0.02628602186644918), 'rsi': np.float64(53.123798796777336), 'macd_histogram': 0, 'adx': np.float64(9.341967036167873), 'confirmation_passed': False, 'cooldown_active': False, 'market_regime': 'choppy', 'strategy_confidence': 0.8}
2025-08-29 21:17:29 | INFO     | utils.logger:info:50 - Using yfinance fallback for NVDA data
2025-08-29 21:17:29 | INFO     | utils.logger:strategy:103 - STRATEGY: Buy Low Sell High Strategy | NEUTRAL | NVDA | {'strength': np.float64(-0.024347880658198314), 'rsi': np.float64(42.483358311004274), 'macd_histogram': np.float64(nan), 'adx': np.float64(19.96086698670587), 'confirmation_passed': False, 'cooldown_active': False}
2025-08-29 21:17:29 | INFO     | utils.logger:strategy:103 - STRATEGY: Adaptive Intelligence (buy_low_sell_high) | NEUTRAL | NVDA | {'strength': np.float64(-0.024347880658198314), 'rsi': np.float64(42.483358311004274), 'macd_histogram': 0, 'adx': np.float64(19.96086698670587), 'confirmation_passed': False, 'cooldown_active': False, 'market_regime': 'choppy', 'strategy_confidence': 0.8}
2025-08-29 21:17:29 | INFO     | utils.logger:info:50 - Using yfinance fallback for AMD data
2025-08-29 21:17:30 | INFO     | utils.logger:strategy:103 - STRATEGY: Buy Low Sell High Strategy | NEUTRAL | AMD | {'strength': np.float64(-0.029316271298283295), 'rsi': np.float64(44.3798304782499), 'macd_histogram': np.float64(nan), 'adx': np.float64(12.400576271416295), 'confirmation_passed': False, 'cooldown_active': False}
2025-08-29 21:17:30 | INFO     | utils.logger:strategy:103 - STRATEGY: Adaptive Intelligence (buy_low_sell_high) | NEUTRAL | AMD | {'strength': np.float64(-0.029316271298283295), 'rsi': np.float64(44.3798304782499), 'macd_histogram': 0, 'adx': np.float64(12.400576271416295), 'confirmation_passed': False, 'cooldown_active': False, 'market_regime': 'trending', 'strategy_confidence': 0.5}
2025-08-29 21:17:55 | INFO     | utils.logger:info:48 - Alpaca client initialized with rate limiting | {'base_url': 'https://paper-api.alpaca.markets', 'key_fingerprint': 'PKW5...3D1Z', 'max_calls_per_minute': 150, 'official_limit': '200 requests/minute'}
2025-08-29 21:19:31 | INFO     | utils.logger:info:50 - Using yfinance fallback for AAPL data
2025-08-29 21:19:32 | INFO     | utils.logger:strategy:103 - STRATEGY: Buy Low Sell High Strategy | NEUTRAL | AAPL | {'strength': np.float64(-0.013007320691557162), 'rsi': np.float64(67.30140884122673), 'macd_histogram': np.float64(nan), 'adx': np.float64(29.98706472062788), 'confirmation_passed': False, 'cooldown_active': False}
2025-08-29 21:19:32 | INFO     | utils.logger:strategy:103 - STRATEGY: Adaptive Intelligence (buy_low_sell_high) | NEUTRAL | AAPL | {'strength': np.float64(-0.013007320691557162), 'rsi': np.float64(67.30140884122673), 'macd_histogram': 0, 'adx': np.float64(29.98706472062788), 'confirmation_passed': False, 'cooldown_active': False, 'market_regime': 'trending', 'strategy_confidence': 0.8}
2025-08-29 21:19:32 | INFO     | utils.logger:info:50 - Using yfinance fallback for MSFT data
2025-08-29 21:19:32 | INFO     | utils.logger:strategy:103 - STRATEGY: Buy Low Sell High Strategy | NEUTRAL | MSFT | {'strength': np.float64(-0.023123621132633432), 'rsi': np.float64(46.107312312043106), 'macd_histogram': np.float64(nan), 'adx': np.float64(16.206875285466474), 'confirmation_passed': False, 'cooldown_active': False}
2025-08-29 21:19:32 | INFO     | utils.logger:strategy:103 - STRATEGY: Adaptive Intelligence (buy_low_sell_high) | NEUTRAL | MSFT | {'strength': np.float64(-0.023123621132633432), 'rsi': np.float64(46.107312312043106), 'macd_histogram': 0, 'adx': np.float64(16.206875285466474), 'confirmation_passed': False, 'cooldown_active': False, 'market_regime': 'choppy', 'strategy_confidence': 0.8}
2025-08-29 21:19:32 | INFO     | utils.logger:info:50 - Using yfinance fallback for GOOGL data
2025-08-29 21:19:32 | INFO     | utils.logger:strategy:103 - STRATEGY: Buy Low Sell High Strategy | NEUTRAL | GOOGL | {'strength': 0, 'rsi': np.float64(74.88295827543976), 'macd_histogram': np.float64(nan), 'adx': np.float64(41.762571866789884), 'confirmation_passed': False, 'cooldown_active': False}
2025-08-29 21:19:32 | INFO     | utils.logger:strategy:103 - STRATEGY: Adaptive Intelligence (buy_low_sell_high) | NEUTRAL | GOOGL | {'strength': 0, 'rsi': np.float64(74.88295827543976), 'macd_histogram': 0, 'adx': np.float64(41.762571866789884), 'confirmation_passed': False, 'cooldown_active': False, 'market_regime': 'trending', 'strategy_confidence': 0.9}
2025-08-29 21:19:33 | INFO     | utils.logger:info:50 - Using yfinance fallback for TSLA data
2025-08-29 21:19:33 | INFO     | utils.logger:strategy:103 - STRATEGY: Buy Low Sell High Strategy | NEUTRAL | TSLA | {'strength': np.float64(-0.014459449076185479), 'rsi': np.float64(49.72612483090499), 'macd_histogram': np.float64(nan), 'adx': np.float64(7.752978020379523), 'confirmation_passed': False, 'cooldown_active': False}
2025-08-29 21:19:33 | INFO     | utils.logger:strategy:103 - STRATEGY: Adaptive Intelligence (buy_low_sell_high) | NEUTRAL | TSLA | {'strength': np.float64(-0.014459449076185479), 'rsi': np.float64(49.72612483090499), 'macd_histogram': 0, 'adx': np.float64(7.752978020379523), 'confirmation_passed': False, 'cooldown_active': False, 'market_regime': 'trending', 'strategy_confidence': 0.5}
2025-08-29 21:19:33 | INFO     | utils.logger:info:50 - Using yfinance fallback for AMZN data
2025-08-29 21:19:33 | INFO     | utils.logger:strategy:103 - STRATEGY: Buy Low Sell High Strategy | NEUTRAL | AMZN | {'strength': np.float64(-0.02632635547837142), 'rsi': np.float64(53.01073417938056), 'macd_histogram': np.float64(nan), 'adx': np.float64(9.341967036167873), 'confirmation_passed': False, 'cooldown_active': False}
2025-08-29 21:19:33 | INFO     | utils.logger:strategy:103 - STRATEGY: Adaptive Intelligence (buy_low_sell_high) | NEUTRAL | AMZN | {'strength': np.float64(-0.02632635547837142), 'rsi': np.float64(53.01073417938056), 'macd_histogram': 0, 'adx': np.float64(9.341967036167873), 'confirmation_passed': False, 'cooldown_active': False, 'market_regime': 'choppy', 'strategy_confidence': 0.8}
2025-08-29 21:19:33 | INFO     | utils.logger:info:50 - Using yfinance fallback for NVDA data
2025-08-29 21:19:34 | INFO     | utils.logger:strategy:103 - STRATEGY: Buy Low Sell High Strategy | NEUTRAL | NVDA | {'strength': np.float64(-0.024197106056671303), 'rsi': np.float64(42.51479137987605), 'macd_histogram': np.float64(nan), 'adx': np.float64(19.96086698670587), 'confirmation_passed': False, 'cooldown_active': False}
2025-08-29 21:19:34 | INFO     | utils.logger:strategy:103 - STRATEGY: Adaptive Intelligence (buy_low_sell_high) | NEUTRAL | NVDA | {'strength': np.float64(-0.024197106056671303), 'rsi': np.float64(42.51479137987605), 'macd_histogram': 0, 'adx': np.float64(19.96086698670587), 'confirmation_passed': False, 'cooldown_active': False, 'market_regime': 'choppy', 'strategy_confidence': 0.8}
2025-08-29 21:19:34 | INFO     | utils.logger:info:50 - Using yfinance fallback for AMD data
2025-08-29 21:19:34 | INFO     | utils.logger:strategy:103 - STRATEGY: Buy Low Sell High Strategy | NEUTRAL | AMD | {'strength': np.float64(-0.029233656144194112), 'rsi': np.float64(44.37042837144948), 'macd_histogram': np.float64(nan), 'adx': np.float64(12.400576271416295), 'confirmation_passed': False, 'cooldown_active': False}
2025-08-29 21:19:34 | INFO     | utils.logger:strategy:103 - STRATEGY: Adaptive Intelligence (buy_low_sell_high) | NEUTRAL | AMD | {'strength': np.float64(-0.029233656144194112), 'rsi': np.float64(44.37042837144948), 'macd_histogram': 0, 'adx': np.float64(12.400576271416295), 'confirmation_passed': False, 'cooldown_active': False, 'market_regime': 'trending', 'strategy_confidence': 0.5}
2025-08-29 21:21:35 | INFO     | utils.logger:info:50 - Using yfinance fallback for AAPL data
2025-08-29 21:21:35 | INFO     | utils.logger:strategy:103 - STRATEGY: Buy Low Sell High Strategy | NEUTRAL | AAPL | {'strength': np.float64(-0.012698538571386444), 'rsi': np.float64(67.50513016818176), 'macd_histogram': np.float64(nan), 'adx': np.float64(29.98706472062788), 'confirmation_passed': False, 'cooldown_active': False}
2025-08-29 21:21:35 | INFO     | utils.logger:strategy:103 - STRATEGY: Adaptive Intelligence (buy_low_sell_high) | NEUTRAL | AAPL | {'strength': np.float64(-0.012698538571386444), 'rsi': np.float64(67.50513016818176), 'macd_histogram': 0, 'adx': np.float64(29.98706472062788), 'confirmation_passed': False, 'cooldown_active': False, 'market_regime': 'trending', 'strategy_confidence': 0.8}
2025-08-29 21:21:36 | INFO     | utils.logger:info:50 - Using yfinance fallback for MSFT data
2025-08-29 21:21:36 | INFO     | utils.logger:strategy:103 - STRATEGY: Buy Low Sell High Strategy | NEUTRAL | MSFT | {'strength': np.float64(-0.0230106105758644), 'rsi': np.float64(46.112292342446565), 'macd_histogram': np.float64(nan), 'adx': np.float64(16.206875285466474), 'confirmation_passed': False, 'cooldown_active': False}
2025-08-29 21:21:36 | INFO     | utils.logger:strategy:103 - STRATEGY: Adaptive Intelligence (buy_low_sell_high) | NEUTRAL | MSFT | {'strength': np.float64(-0.0230106105758644), 'rsi': np.float64(46.112292342446565), 'macd_histogram': 0, 'adx': np.float64(16.206875285466474), 'confirmation_passed': False, 'cooldown_active': False, 'market_regime': 'choppy', 'strategy_confidence': 0.8}
2025-08-29 21:21:36 | INFO     | utils.logger:info:50 - Using yfinance fallback for GOOGL data
2025-08-29 21:21:36 | INFO     | utils.logger:strategy:103 - STRATEGY: Buy Low Sell High Strategy | NEUTRAL | GOOGL | {'strength': 0, 'rsi': np.float64(75.00136998208507), 'macd_histogram': np.float64(nan), 'adx': np.float64(41.762571866789884), 'confirmation_passed': False, 'cooldown_active': False}
2025-08-29 21:21:36 | INFO     | utils.logger:strategy:103 - STRATEGY: Adaptive Intelligence (buy_low_sell_high) | NEUTRAL | GOOGL | {'strength': 0, 'rsi': np.float64(75.00136998208507), 'macd_histogram': 0, 'adx': np.float64(41.762571866789884), 'confirmation_passed': False, 'cooldown_active': False, 'market_regime': 'trending', 'strategy_confidence': 0.9}
2025-08-29 21:21:36 | INFO     | utils.logger:info:50 - Using yfinance fallback for TSLA data
2025-08-29 21:21:37 | INFO     | utils.logger:strategy:103 - STRATEGY: Buy Low Sell High Strategy | NEUTRAL | TSLA | {'strength': np.float64(-0.013915535889439161), 'rsi': np.float64(49.88382776598885), 'macd_histogram': np.float64(nan), 'adx': np.float64(7.752978020379523), 'confirmation_passed': False, 'cooldown_active': False}
2025-08-29 21:21:37 | INFO     | utils.logger:strategy:103 - STRATEGY: Adaptive Intelligence (buy_low_sell_high) | NEUTRAL | TSLA | {'strength': np.float64(-0.013915535889439161), 'rsi': np.float64(49.88382776598885), 'macd_histogram': 0, 'adx': np.float64(7.752978020379523), 'confirmation_passed': False, 'cooldown_active': False, 'market_regime': 'trending', 'strategy_confidence': 0.5}
2025-08-29 21:21:37 | INFO     | utils.logger:info:50 - Using yfinance fallback for AMZN data
2025-08-29 21:21:37 | INFO     | utils.logger:strategy:103 - STRATEGY: Buy Low Sell High Strategy | NEUTRAL | AMZN | {'strength': np.float64(-0.026061307184707776), 'rsi': np.float64(53.139979678119154), 'macd_histogram': np.float64(nan), 'adx': np.float64(9.341967036167873), 'confirmation_passed': False, 'cooldown_active': False}
2025-08-29 21:21:37 | INFO     | utils.logger:strategy:103 - STRATEGY: Adaptive Intelligence (buy_low_sell_high) | NEUTRAL | AMZN | {'strength': np.float64(-0.026061307184707776), 'rsi': np.float64(53.139979678119154), 'macd_histogram': 0, 'adx': np.float64(9.341967036167873), 'confirmation_passed': False, 'cooldown_active': False, 'market_regime': 'choppy', 'strategy_confidence': 0.8}
2025-08-29 21:21:37 | INFO     | utils.logger:info:50 - Using yfinance fallback for NVDA data
2025-08-29 21:21:37 | INFO     | utils.logger:strategy:103 - STRATEGY: Buy Low Sell High Strategy | NEUTRAL | NVDA | {'strength': np.float64(-0.023817608595941186), 'rsi': np.float64(42.687677337342414), 'macd_histogram': np.float64(nan), 'adx': np.float64(19.96086698670587), 'confirmation_passed': False, 'cooldown_active': False}
2025-08-29 21:21:37 | INFO     | utils.logger:strategy:103 - STRATEGY: Adaptive Intelligence (buy_low_sell_high) | NEUTRAL | NVDA | {'strength': np.float64(-0.023817608595941186), 'rsi': np.float64(42.687677337342414), 'macd_histogram': 0, 'adx': np.float64(19.96086698670587), 'confirmation_passed': False, 'cooldown_active': False, 'market_regime': 'choppy', 'strategy_confidence': 0.8}
2025-08-29 21:21:38 | INFO     | utils.logger:info:50 - Using yfinance fallback for AMD data
2025-08-29 21:21:38 | INFO     | utils.logger:strategy:103 - STRATEGY: Buy Low Sell High Strategy | NEUTRAL | AMD | {'strength': np.float64(-0.02875735301681992), 'rsi': np.float64(44.50615367990915), 'macd_histogram': np.float64(nan), 'adx': np.float64(12.400576271416295), 'confirmation_passed': False, 'cooldown_active': False}
2025-08-29 21:21:38 | INFO     | utils.logger:strategy:103 - STRATEGY: Adaptive Intelligence (buy_low_sell_high) | NEUTRAL | AMD | {'strength': np.float64(-0.02875735301681992), 'rsi': np.float64(44.50615367990915), 'macd_histogram': 0, 'adx': np.float64(12.400576271416295), 'confirmation_passed': False, 'cooldown_active': False, 'market_regime': 'trending', 'strategy_confidence': 0.5}
2025-08-29 21:23:39 | INFO     | utils.logger:info:50 - Using yfinance fallback for AAPL data
2025-08-29 21:23:39 | INFO     | utils.logger:strategy:103 - STRATEGY: Buy Low Sell High Strategy | NEUTRAL | AAPL | {'strength': np.float64(-0.012899005489102125), 'rsi': np.float64(67.17351200841615), 'macd_histogram': np.float64(nan), 'adx': np.float64(29.98706472062788), 'confirmation_passed': False, 'cooldown_active': False}
2025-08-29 21:23:39 | INFO     | utils.logger:strategy:103 - STRATEGY: Adaptive Intelligence (buy_low_sell_high) | NEUTRAL | AAPL | {'strength': np.float64(-0.012899005489102125), 'rsi': np.float64(67.17351200841615), 'macd_histogram': 0, 'adx': np.float64(29.98706472062788), 'confirmation_passed': False, 'cooldown_active': False, 'market_regime': 'trending', 'strategy_confidence': 0.8}
2025-08-29 21:23:39 | INFO     | utils.logger:info:50 - Using yfinance fallback for MSFT data
2025-08-29 21:23:40 | INFO     | utils.logger:strategy:103 - STRATEGY: Buy Low Sell High Strategy | NEUTRAL | MSFT | {'strength': np.float64(-0.023039606926257054), 'rsi': np.float64(45.988234271980076), 'macd_histogram': np.float64(nan), 'adx': np.float64(16.206875285466474), 'confirmation_passed': False, 'cooldown_active': False}
2025-08-29 21:23:40 | INFO     | utils.logger:strategy:103 - STRATEGY: Adaptive Intelligence (buy_low_sell_high) | NEUTRAL | MSFT | {'strength': np.float64(-0.023039606926257054), 'rsi': np.float64(45.988234271980076), 'macd_histogram': 0, 'adx': np.float64(16.206875285466474), 'confirmation_passed': False, 'cooldown_active': False, 'market_regime': 'choppy', 'strategy_confidence': 0.8}
2025-08-29 21:23:40 | INFO     | utils.logger:info:50 - Using yfinance fallback for GOOGL data
2025-08-29 21:23:40 | INFO     | utils.logger:strategy:103 - STRATEGY: Buy Low Sell High Strategy | NEUTRAL | GOOGL | {'strength': 0, 'rsi': np.float64(74.83826416499883), 'macd_histogram': np.float64(nan), 'adx': np.float64(41.762571866789884), 'confirmation_passed': False, 'cooldown_active': False}
2025-08-29 21:23:40 | INFO     | utils.logger:strategy:103 - STRATEGY: Adaptive Intelligence (buy_low_sell_high) | NEUTRAL | GOOGL | {'strength': 0, 'rsi': np.float64(74.83826416499883), 'macd_histogram': 0, 'adx': np.float64(41.762571866789884), 'confirmation_passed': False, 'cooldown_active': False, 'market_regime': 'trending', 'strategy_confidence': 0.9}
2025-08-29 21:23:40 | INFO     | utils.logger:info:50 - Using yfinance fallback for TSLA data
2025-08-29 21:23:40 | INFO     | utils.logger:strategy:103 - STRATEGY: Buy Low Sell High Strategy | NEUTRAL | TSLA | {'strength': np.float64(-0.0140093505100626), 'rsi': np.float64(49.76133869033084), 'macd_histogram': np.float64(nan), 'adx': np.float64(7.752978020379523), 'confirmation_passed': False, 'cooldown_active': False}
2025-08-29 21:23:40 | INFO     | utils.logger:strategy:103 - STRATEGY: Adaptive Intelligence (buy_low_sell_high) | NEUTRAL | TSLA | {'strength': np.float64(-0.0140093505100626), 'rsi': np.float64(49.76133869033084), 'macd_histogram': 0, 'adx': np.float64(7.752978020379523), 'confirmation_passed': False, 'cooldown_active': False, 'market_regime': 'trending', 'strategy_confidence': 0.5}
2025-08-29 21:23:41 | INFO     | utils.logger:info:50 - Using yfinance fallback for AMZN data
2025-08-29 21:23:41 | INFO     | utils.logger:strategy:103 - STRATEGY: Buy Low Sell High Strategy | NEUTRAL | AMZN | {'strength': np.float64(-0.026417115949114698), 'rsi': np.float64(52.77010093433695), 'macd_histogram': np.float64(nan), 'adx': np.float64(9.341967036167873), 'confirmation_passed': False, 'cooldown_active': False}
2025-08-29 21:23:41 | INFO     | utils.logger:strategy:103 - STRATEGY: Adaptive Intelligence (buy_low_sell_high) | NEUTRAL | AMZN | {'strength': np.float64(-0.026417115949114698), 'rsi': np.float64(52.77010093433695), 'macd_histogram': 0, 'adx': np.float64(9.341967036167873), 'confirmation_passed': False, 'cooldown_active': False, 'market_regime': 'choppy', 'strategy_confidence': 0.8}
2025-08-29 21:23:41 | INFO     | utils.logger:info:50 - Using yfinance fallback for NVDA data
2025-08-29 21:23:41 | INFO     | utils.logger:strategy:103 - STRATEGY: Buy Low Sell High Strategy | NEUTRAL | NVDA | {'strength': np.float64(-0.024266869776672566), 'rsi': np.float64(42.32762150664882), 'macd_histogram': np.float64(nan), 'adx': np.float64(19.96086698670587), 'confirmation_passed': False, 'cooldown_active': False}
2025-08-29 21:23:41 | INFO     | utils.logger:strategy:103 - STRATEGY: Adaptive Intelligence (buy_low_sell_high) | NEUTRAL | NVDA | {'strength': np.float64(-0.024266869776672566), 'rsi': np.float64(42.32762150664882), 'macd_histogram': 0, 'adx': np.float64(19.96086698670587), 'confirmation_passed': False, 'cooldown_active': False, 'market_regime': 'choppy', 'strategy_confidence': 0.8}
2025-08-29 21:23:41 | INFO     | utils.logger:info:50 - Using yfinance fallback for AMD data
2025-08-29 21:23:42 | INFO     | utils.logger:strategy:103 - STRATEGY: Buy Low Sell High Strategy | NEUTRAL | AMD | {'strength': np.float64(-0.02925328954515221), 'rsi': np.float64(44.254207638419615), 'macd_histogram': np.float64(nan), 'adx': np.float64(12.400576271416295), 'confirmation_passed': False, 'cooldown_active': False}
2025-08-29 21:23:42 | INFO     | utils.logger:strategy:103 - STRATEGY: Adaptive Intelligence (buy_low_sell_high) | NEUTRAL | AMD | {'strength': np.float64(-0.02925328954515221), 'rsi': np.float64(44.254207638419615), 'macd_histogram': 0, 'adx': np.float64(12.400576271416295), 'confirmation_passed': False, 'cooldown_active': False, 'market_regime': 'trending', 'strategy_confidence': 0.5}
2025-08-29 21:25:43 | INFO     | utils.logger:info:50 - Using yfinance fallback for AAPL data
2025-08-29 21:25:43 | INFO     | utils.logger:strategy:103 - STRATEGY: Buy Low Sell High Strategy | NEUTRAL | AAPL | {'strength': np.float64(-0.012772282545505), 'rsi': np.float64(67.21182608877604), 'macd_histogram': np.float64(nan), 'adx': np.float64(29.98706472062788), 'confirmation_passed': False, 'cooldown_active': False}
2025-08-29 21:25:43 | INFO     | utils.logger:strategy:103 - STRATEGY: Adaptive Intelligence (buy_low_sell_high) | NEUTRAL | AAPL | {'strength': np.float64(-0.012772282545505), 'rsi': np.float64(67.21182608877604), 'macd_histogram': 0, 'adx': np.float64(29.98706472062788), 'confirmation_passed': False, 'cooldown_active': False, 'market_regime': 'trending', 'strategy_confidence': 0.8}
2025-08-29 21:25:44 | INFO     | utils.logger:info:50 - Using yfinance fallback for MSFT data
2025-08-29 21:25:44 | INFO     | utils.logger:strategy:103 - STRATEGY: Buy Low Sell High Strategy | NEUTRAL | MSFT | {'strength': np.float64(-0.022970108520953166), 'rsi': np.float64(45.96350875176422), 'macd_histogram': np.float64(nan), 'adx': np.float64(16.206875285466474), 'confirmation_passed': False, 'cooldown_active': False}
2025-08-29 21:25:44 | INFO     | utils.logger:strategy:103 - STRATEGY: Adaptive Intelligence (buy_low_sell_high) | NEUTRAL | MSFT | {'strength': np.float64(-0.022970108520953166), 'rsi': np.float64(45.96350875176422), 'macd_histogram': 0, 'adx': np.float64(16.206875285466474), 'confirmation_passed': False, 'cooldown_active': False, 'market_regime': 'choppy', 'strategy_confidence': 0.8}
2025-08-29 21:25:44 | INFO     | utils.logger:info:50 - Using yfinance fallback for GOOGL data
2025-08-29 21:25:44 | INFO     | utils.logger:strategy:103 - STRATEGY: Buy Low Sell High Strategy | NEUTRAL | GOOGL | {'strength': 0, 'rsi': np.float64(74.73836198090999), 'macd_histogram': np.float64(nan), 'adx': np.float64(41.762571866789884), 'confirmation_passed': False, 'cooldown_active': False}
2025-08-29 21:25:44 | INFO     | utils.logger:strategy:103 - STRATEGY: Adaptive Intelligence (buy_low_sell_high) | NEUTRAL | GOOGL | {'strength': 0, 'rsi': np.float64(74.73836198090999), 'macd_histogram': 0, 'adx': np.float64(41.762571866789884), 'confirmation_passed': False, 'cooldown_active': False, 'market_regime': 'trending', 'strategy_confidence': 0.9}
2025-08-29 21:25:44 | INFO     | utils.logger:info:50 - Using yfinance fallback for TSLA data
2025-08-29 21:25:45 | INFO     | utils.logger:strategy:103 - STRATEGY: Buy Low Sell High Strategy | NEUTRAL | TSLA | {'strength': np.float64(-0.014138095749379239), 'rsi': np.float64(49.61734045991419), 'macd_histogram': np.float64(nan), 'adx': np.float64(7.752978020379523), 'confirmation_passed': False, 'cooldown_active': False}
2025-08-29 21:25:45 | INFO     | utils.logger:strategy:103 - STRATEGY: Adaptive Intelligence (buy_low_sell_high) | NEUTRAL | TSLA | {'strength': np.float64(-0.014138095749379239), 'rsi': np.float64(49.61734045991419), 'macd_histogram': 0, 'adx': np.float64(7.752978020379523), 'confirmation_passed': False, 'cooldown_active': False, 'market_regime': 'trending', 'strategy_confidence': 0.5}
2025-08-29 21:25:45 | INFO     | utils.logger:info:50 - Using yfinance fallback for AMZN data
2025-08-29 21:25:45 | INFO     | utils.logger:strategy:103 - STRATEGY: Buy Low Sell High Strategy | NEUTRAL | AMZN | {'strength': np.float64(-0.02627336859265338), 'rsi': np.float64(52.786067036202105), 'macd_histogram': np.float64(nan), 'adx': np.float64(9.341967036167873), 'confirmation_passed': False, 'cooldown_active': False}
2025-08-29 21:25:45 | INFO     | utils.logger:strategy:103 - STRATEGY: Adaptive Intelligence (buy_low_sell_high) | NEUTRAL | AMZN | {'strength': np.float64(-0.02627336859265338), 'rsi': np.float64(52.786067036202105), 'macd_histogram': 0, 'adx': np.float64(9.341967036167873), 'confirmation_passed': False, 'cooldown_active': False, 'market_regime': 'choppy', 'strategy_confidence': 0.8}
2025-08-29 21:25:45 | INFO     | utils.logger:info:50 - Using yfinance fallback for NVDA data
2025-08-29 21:25:45 | INFO     | utils.logger:strategy:103 - STRATEGY: Buy Low Sell High Strategy | NEUTRAL | NVDA | {'strength': np.float64(-0.02418747458410513), 'rsi': np.float64(42.31985753354562), 'macd_histogram': np.float64(nan), 'adx': np.float64(19.96086698670587), 'confirmation_passed': False, 'cooldown_active': False}
2025-08-29 21:25:45 | INFO     | utils.logger:strategy:103 - STRATEGY: Adaptive Intelligence (buy_low_sell_high) | NEUTRAL | NVDA | {'strength': np.float64(-0.02418747458410513), 'rsi': np.float64(42.31985753354562), 'macd_histogram': 0, 'adx': np.float64(19.96086698670587), 'confirmation_passed': False, 'cooldown_active': False, 'market_regime': 'choppy', 'strategy_confidence': 0.8}
2025-08-29 21:25:46 | INFO     | utils.logger:info:50 - Using yfinance fallback for AMD data
2025-08-29 21:25:46 | INFO     | utils.logger:strategy:103 - STRATEGY: Buy Low Sell High Strategy | NEUTRAL | AMD | {'strength': np.float64(-0.029477360382944632), 'rsi': np.float64(44.1197200536926), 'macd_histogram': np.float64(nan), 'adx': np.float64(12.400576271416295), 'confirmation_passed': False, 'cooldown_active': False}
2025-08-29 21:25:46 | INFO     | utils.logger:strategy:103 - STRATEGY: Adaptive Intelligence (buy_low_sell_high) | NEUTRAL | AMD | {'strength': np.float64(-0.029477360382944632), 'rsi': np.float64(44.1197200536926), 'macd_histogram': 0, 'adx': np.float64(12.400576271416295), 'confirmation_passed': False, 'cooldown_active': False, 'market_regime': 'trending', 'strategy_confidence': 0.5}
2025-08-29 21:27:27 | INFO     | utils.logger:info:48 - Alpaca client initialized with rate limiting | {'base_url': 'https://paper-api.alpaca.markets', 'key_fingerprint': 'PKW5...3D1Z', 'max_calls_per_minute': 150, 'official_limit': '200 requests/minute'}
2025-08-29 21:27:27 | INFO     | utils.logger:info:48 - Enhanced Momentum Strategy initialized | {'cooldown_symbol': 15, 'cooldown_global': 5}
2025-08-29 21:27:27 | INFO     | utils.logger:info:48 - Enhanced Momentum Strategy initialized | {'cooldown_symbol': 15, 'cooldown_global': 5}
2025-08-29 21:27:27 | INFO     | utils.logger:info:48 - Enhanced Momentum Strategy initialized | {'cooldown_symbol': 15, 'cooldown_global': 5}
2025-08-29 21:27:27 | INFO     | utils.logger:info:48 - Enhanced Momentum Strategy initialized | {'cooldown_symbol': 15, 'cooldown_global': 5}
2025-08-29 21:27:27 | INFO     | utils.logger:info:48 - Strategy Intelligence initialized | {'strategy_count': 4, 'switch_cooldown': 30}
2025-08-29 21:27:27 | INFO     | utils.logger:info:48 - Trading bot initialized | {'strategy': 'Adaptive Strategy Intelligence'}
2025-08-29 21:27:27 | INFO     | utils.logger:info:48 - Enhanced Momentum Strategy initialized | {'cooldown_symbol': 15, 'cooldown_global': 5}
2025-08-29 21:27:27 | INFO     | utils.logger:info:48 - Enhanced Momentum Strategy initialized | {'cooldown_symbol': 15, 'cooldown_global': 5}
2025-08-29 21:27:27 | INFO     | utils.logger:info:48 - Enhanced Momentum Strategy initialized | {'cooldown_symbol': 15, 'cooldown_global': 5}
2025-08-29 21:27:27 | INFO     | utils.logger:info:48 - Enhanced Momentum Strategy initialized | {'cooldown_symbol': 15, 'cooldown_global': 5}
2025-08-29 21:27:27 | INFO     | utils.logger:info:48 - Strategy Intelligence initialized | {'strategy_count': 4, 'switch_cooldown': 30}
2025-08-29 21:27:27 | INFO     | utils.logger:info:48 - Trading bot initialized | {'strategy': 'Adaptive Strategy Intelligence'}
2025-08-29 21:27:27 | SUCCESS  | utils.logger:success:76 - Alpaca connection successful | {'account_id': '41eedbc8-e9d1-4671-a2bc-d5a4ead1525b', 'status': 'ACTIVE', 'cash': '$10000.47', 'portfolio_value': '$10000.47'}
2025-08-29 21:27:27 | INFO     | utils.logger:info:48 - Scheduling timezone-aware trading | {'nyse_open_et': '09:30', 'nyse_close_et': '16:00', 'nyse_open_nl': '15:30', 'nyse_close_nl': '22:00', 'netherlands_tz': 'Europe/Amsterdam'}
2025-08-29 21:27:27 | INFO     | utils.logger:info:50 - Timezone-aware trading jobs scheduled
2025-08-29 21:27:27 | SUCCESS  | utils.logger:success:78 - Trading bot started successfully with timezone-aware scheduling
2025-08-29 21:27:27 | INFO     | utils.logger:info:48 - Market is currently open | {'closes_at': '22:00 (Netherlands time)', 'time_until_close': '0h 32m'}
2025-08-29 21:27:28 | INFO     | utils.logger:info:48 - Alpaca client initialized with rate limiting | {'base_url': 'https://paper-api.alpaca.markets', 'key_fingerprint': 'PKW5...3D1Z', 'max_calls_per_minute': 150, 'official_limit': '200 requests/minute'}
2025-08-29 21:27:28 | INFO     | utils.logger:info:48 - Enhanced Momentum Strategy initialized | {'cooldown_symbol': 15, 'cooldown_global': 5}
2025-08-29 21:27:28 | INFO     | utils.logger:info:48 - Enhanced Momentum Strategy initialized | {'cooldown_symbol': 15, 'cooldown_global': 5}
2025-08-29 21:27:28 | INFO     | utils.logger:info:48 - Enhanced Momentum Strategy initialized | {'cooldown_symbol': 15, 'cooldown_global': 5}
2025-08-29 21:27:28 | INFO     | utils.logger:info:48 - Enhanced Momentum Strategy initialized | {'cooldown_symbol': 15, 'cooldown_global': 5}
2025-08-29 21:27:28 | INFO     | utils.logger:info:48 - Strategy Intelligence initialized | {'strategy_count': 4, 'switch_cooldown': 30}
2025-08-29 21:27:28 | INFO     | utils.logger:info:48 - Strategy switched: None → momentum_micro | {'regime': 'choppy', 'confidence': 0.9, 'strategy_description': 'Ultra-sensitive micro-movement detection'}
2025-08-29 21:27:28 | INFO     | utils.logger:strategy:103 - STRATEGY: Smart Buy Low Strategy | NEUTRAL | AAPL | {'strength': 0.25, 'rsi': np.float64(44.72851591511779), 'macd_histogram': np.float64(-0.02552685027172541), 'adx': np.float64(13.131690221471318), 'confirmation_passed': False, 'cooldown_active': False}
2025-08-29 21:27:28 | INFO     | utils.logger:strategy:103 - STRATEGY: Adaptive Intelligence (momentum_micro) | NEUTRAL | AAPL | {'strength': 0.25, 'rsi': np.float64(44.72851591511779), 'macd_histogram': 0, 'adx': np.float64(13.131690221471318), 'confirmation_passed': False, 'cooldown_active': False, 'market_regime': 'choppy', 'strategy_confidence': 0.9}
2025-08-29 21:27:29 | INFO     | utils.logger:strategy:103 - STRATEGY: Smart Buy Low Strategy | NEUTRAL | MSFT | {'strength': 0.25, 'rsi': np.float64(48.00847385481524), 'macd_histogram': np.float64(-0.022970696438407268), 'adx': np.float64(17.108147833642022), 'confirmation_passed': False, 'cooldown_active': False}
2025-08-29 21:27:29 | INFO     | utils.logger:strategy:103 - STRATEGY: Adaptive Intelligence (momentum_micro) | NEUTRAL | MSFT | {'strength': 0.25, 'rsi': np.float64(48.00847385481524), 'macd_histogram': 0, 'adx': np.float64(17.108147833642022), 'confirmation_passed': False, 'cooldown_active': False, 'market_regime': 'choppy', 'strategy_confidence': 0.8}
2025-08-29 21:27:29 | INFO     | utils.logger:strategy:103 - STRATEGY: Smart Buy Low Strategy | NEUTRAL | GOOGL | {'strength': 0.25, 'rsi': np.float64(40.08029497847132), 'macd_histogram': np.float64(-0.02444345881223947), 'adx': np.float64(17.053178189055302), 'confirmation_passed': False, 'cooldown_active': False}
2025-08-29 21:27:29 | INFO     | utils.logger:strategy:103 - STRATEGY: Adaptive Intelligence (momentum_micro) | NEUTRAL | GOOGL | {'strength': 0.25, 'rsi': np.float64(40.08029497847132), 'macd_histogram': 0, 'adx': np.float64(17.053178189055302), 'confirmation_passed': False, 'cooldown_active': False, 'market_regime': 'choppy', 'strategy_confidence': 0.8}
2025-08-29 21:27:29 | INFO     | utils.logger:strategy:103 - STRATEGY: Smart Buy Low Strategy | NEUTRAL | TSLA | {'strength': 0.25, 'rsi': np.float64(41.03198972807583), 'macd_histogram': np.float64(-0.02301070323085677), 'adx': np.float64(12.21513589936528), 'confirmation_passed': False, 'cooldown_active': False}
2025-08-29 21:27:29 | INFO     | utils.logger:strategy:103 - STRATEGY: Adaptive Intelligence (momentum_micro) | NEUTRAL | TSLA | {'strength': 0.25, 'rsi': np.float64(41.03198972807583), 'macd_histogram': 0, 'adx': np.float64(12.21513589936528), 'confirmation_passed': False, 'cooldown_active': False, 'market_regime': 'choppy', 'strategy_confidence': 0.9}
2025-08-29 21:27:29 | INFO     | utils.logger:strategy:103 - STRATEGY: Smart Buy Low Strategy | NEUTRAL | AMZN | {'strength': 0.25, 'rsi': np.float64(42.63632916972703), 'macd_histogram': np.float64(-0.02793086154039267), 'adx': np.float64(19.571917998532438), 'confirmation_passed': False, 'cooldown_active': False}
2025-08-29 21:27:29 | INFO     | utils.logger:strategy:103 - STRATEGY: Adaptive Intelligence (momentum_micro) | NEUTRAL | AMZN | {'strength': 0.25, 'rsi': np.float64(42.63632916972703), 'macd_histogram': 0, 'adx': np.float64(19.571917998532438), 'confirmation_passed': False, 'cooldown_active': False, 'market_regime': 'choppy', 'strategy_confidence': 0.8}
2025-08-29 21:27:30 | INFO     | utils.logger:strategy:103 - STRATEGY: Smart Buy Low Strategy | NEUTRAL | NVDA | {'strength': 0.25, 'rsi': np.float64(46.936210419336945), 'macd_histogram': np.float64(-0.017335637568700418), 'adx': np.float64(12.88879287593895), 'confirmation_passed': False, 'cooldown_active': False}
2025-08-29 21:27:30 | INFO     | utils.logger:strategy:103 - STRATEGY: Adaptive Intelligence (momentum_micro) | NEUTRAL | NVDA | {'strength': 0.25, 'rsi': np.float64(46.936210419336945), 'macd_histogram': 0, 'adx': np.float64(12.88879287593895), 'confirmation_passed': False, 'cooldown_active': False, 'market_regime': 'choppy', 'strategy_confidence': 0.9}
2025-08-29 21:27:30 | INFO     | utils.logger:strategy:103 - STRATEGY: Smart Buy Low Strategy | NEUTRAL | AMD | {'strength': 0.25, 'rsi': np.float64(45.42540189232813), 'macd_histogram': np.float64(-0.038484109582763326), 'adx': np.float64(26.947060179251814), 'confirmation_passed': False, 'cooldown_active': False}
2025-08-29 21:27:30 | INFO     | utils.logger:strategy:103 - STRATEGY: Adaptive Intelligence (momentum_micro) | NEUTRAL | AMD | {'strength': 0.25, 'rsi': np.float64(45.42540189232813), 'macd_histogram': 0, 'adx': np.float64(26.947060179251814), 'confirmation_passed': False, 'cooldown_active': False, 'market_regime': 'trending', 'strategy_confidence': 0.8}
2025-08-29 21:28:02 | INFO     | utils.logger:info:48 - Alpaca client initialized with rate limiting | {'base_url': 'https://paper-api.alpaca.markets', 'key_fingerprint': 'PKW5...3D1Z', 'max_calls_per_minute': 150, 'official_limit': '200 requests/minute'}
2025-08-29 21:28:02 | INFO     | utils.logger:info:48 - Enhanced Momentum Strategy initialized | {'cooldown_symbol': 15, 'cooldown_global': 5}
2025-08-29 21:28:02 | INFO     | utils.logger:info:48 - Enhanced Momentum Strategy initialized | {'cooldown_symbol': 15, 'cooldown_global': 5}
2025-08-29 21:28:02 | INFO     | utils.logger:info:48 - Enhanced Momentum Strategy initialized | {'cooldown_symbol': 15, 'cooldown_global': 5}
2025-08-29 21:28:02 | INFO     | utils.logger:info:48 - Enhanced Momentum Strategy initialized | {'cooldown_symbol': 15, 'cooldown_global': 5}
2025-08-29 21:28:02 | INFO     | utils.logger:info:48 - Strategy Intelligence initialized | {'strategy_count': 4, 'switch_cooldown': 30}
2025-08-29 21:28:02 | INFO     | utils.logger:info:48 - Trading bot initialized | {'strategy': 'Adaptive Strategy Intelligence'}
2025-08-29 21:28:02 | INFO     | utils.logger:info:48 - Enhanced Momentum Strategy initialized | {'cooldown_symbol': 15, 'cooldown_global': 5}
2025-08-29 21:28:02 | INFO     | utils.logger:info:48 - Enhanced Momentum Strategy initialized | {'cooldown_symbol': 15, 'cooldown_global': 5}
2025-08-29 21:28:02 | INFO     | utils.logger:info:48 - Enhanced Momentum Strategy initialized | {'cooldown_symbol': 15, 'cooldown_global': 5}
2025-08-29 21:28:02 | INFO     | utils.logger:info:48 - Enhanced Momentum Strategy initialized | {'cooldown_symbol': 15, 'cooldown_global': 5}
2025-08-29 21:28:02 | INFO     | utils.logger:info:48 - Strategy Intelligence initialized | {'strategy_count': 4, 'switch_cooldown': 30}
2025-08-29 21:28:02 | INFO     | utils.logger:info:48 - Trading bot initialized | {'strategy': 'Adaptive Strategy Intelligence'}
2025-08-29 21:28:02 | SUCCESS  | utils.logger:success:76 - Alpaca connection successful | {'account_id': '41eedbc8-e9d1-4671-a2bc-d5a4ead1525b', 'status': 'ACTIVE', 'cash': '$10000.47', 'portfolio_value': '$10000.47'}
2025-08-29 21:28:02 | INFO     | utils.logger:info:48 - Scheduling timezone-aware trading | {'nyse_open_et': '09:30', 'nyse_close_et': '16:00', 'nyse_open_nl': '15:30', 'nyse_close_nl': '22:00', 'netherlands_tz': 'Europe/Amsterdam'}
2025-08-29 21:28:02 | INFO     | utils.logger:info:50 - Timezone-aware trading jobs scheduled
2025-08-29 21:28:02 | SUCCESS  | utils.logger:success:78 - Trading bot started successfully with timezone-aware scheduling
2025-08-29 21:28:02 | INFO     | utils.logger:info:48 - Market is currently open | {'closes_at': '22:00 (Netherlands time)', 'time_until_close': '0h 31m'}
2025-08-29 21:28:02 | INFO     | utils.logger:info:48 - Alpaca client initialized with rate limiting | {'base_url': 'https://paper-api.alpaca.markets', 'key_fingerprint': 'PKW5...3D1Z', 'max_calls_per_minute': 150, 'official_limit': '200 requests/minute'}
2025-08-29 21:28:02 | INFO     | utils.logger:info:48 - Enhanced Momentum Strategy initialized | {'cooldown_symbol': 15, 'cooldown_global': 5}
2025-08-29 21:28:02 | INFO     | utils.logger:info:48 - Enhanced Momentum Strategy initialized | {'cooldown_symbol': 15, 'cooldown_global': 5}
2025-08-29 21:28:02 | INFO     | utils.logger:info:48 - Enhanced Momentum Strategy initialized | {'cooldown_symbol': 15, 'cooldown_global': 5}
2025-08-29 21:28:02 | INFO     | utils.logger:info:48 - Enhanced Momentum Strategy initialized | {'cooldown_symbol': 15, 'cooldown_global': 5}
2025-08-29 21:28:02 | INFO     | utils.logger:info:48 - Strategy Intelligence initialized | {'strategy_count': 4, 'switch_cooldown': 30}
2025-08-29 21:28:03 | INFO     | utils.logger:info:48 - Strategy switched: None → buy_low_sell_high | {'regime': 'choppy', 'confidence': 0.9, 'strategy_description': 'RSI-based buy low, sell high strategy'}
2025-08-29 21:28:03 | INFO     | utils.logger:strategy:103 - STRATEGY: Smart Buy Low Strategy | NEUTRAL | AAPL | {'strength': 0.25, 'rsi': np.float64(43.10573380267342), 'macd_histogram': np.float64(-0.02711508589316875), 'adx': np.float64(13.40455344246151), 'confirmation_passed': False, 'cooldown_active': False}
2025-08-29 21:28:03 | INFO     | utils.logger:strategy:103 - STRATEGY: Adaptive Intelligence (buy_low_sell_high) | NEUTRAL | AAPL | {'strength': 0.25, 'rsi': np.float64(43.10573380267342), 'macd_histogram': 0, 'adx': np.float64(13.40455344246151), 'confirmation_passed': False, 'cooldown_active': False, 'market_regime': 'choppy', 'strategy_confidence': 0.9}
2025-08-29 21:28:04 | INFO     | utils.logger:strategy:103 - STRATEGY: Smart Buy Low Strategy | NEUTRAL | MSFT | {'strength': 0.25, 'rsi': np.float64(43.707077707155214), 'macd_histogram': np.float64(-0.02861277932656006), 'adx': np.float64(17.296562041715873), 'confirmation_passed': False, 'cooldown_active': False}
2025-08-29 21:28:04 | INFO     | utils.logger:strategy:103 - STRATEGY: Adaptive Intelligence (buy_low_sell_high) | NEUTRAL | MSFT | {'strength': 0.25, 'rsi': np.float64(43.707077707155214), 'macd_histogram': 0, 'adx': np.float64(17.296562041715873), 'confirmation_passed': False, 'cooldown_active': False, 'market_regime': 'choppy', 'strategy_confidence': 0.8}
2025-08-29 21:28:04 | INFO     | utils.logger:strategy:103 - STRATEGY: Smart Buy Low Strategy | NEUTRAL | GOOGL | {'strength': 0.25, 'rsi': np.float64(35.698786650816785), 'macd_histogram': np.float64(-0.0337742213656575), 'adx': np.float64(17.92788301333235), 'confirmation_passed': False, 'cooldown_active': False}
2025-08-29 21:28:04 | INFO     | utils.logger:strategy:103 - STRATEGY: Adaptive Intelligence (buy_low_sell_high) | NEUTRAL | GOOGL | {'strength': 0.25, 'rsi': np.float64(35.698786650816785), 'macd_histogram': 0, 'adx': np.float64(17.92788301333235), 'confirmation_passed': False, 'cooldown_active': False, 'market_regime': 'choppy', 'strategy_confidence': 0.8}
2025-08-29 21:28:04 | INFO     | utils.logger:strategy:103 - STRATEGY: Smart Buy Low Strategy | NEUTRAL | TSLA | {'strength': 0, 'rsi': np.float64(40.57210750598947), 'macd_histogram': np.float64(-0.024288302945915156), 'adx': np.float64(12.54914115493455), 'confirmation_passed': False, 'cooldown_active': False}
2025-08-29 21:28:04 | INFO     | utils.logger:strategy:103 - STRATEGY: Adaptive Intelligence (buy_low_sell_high) | NEUTRAL | TSLA | {'strength': 0, 'rsi': np.float64(40.57210750598947), 'macd_histogram': 0, 'adx': np.float64(12.54914115493455), 'confirmation_passed': False, 'cooldown_active': False, 'market_regime': 'choppy', 'strategy_confidence': 0.9}
2025-08-29 21:28:05 | INFO     | utils.logger:strategy:103 - STRATEGY: Smart Buy Low Strategy | NEUTRAL | AMZN | {'strength': 0.25, 'rsi': np.float64(44.65757236265278), 'macd_histogram': np.float64(-0.02601640952829095), 'adx': np.float64(19.202000071141317), 'confirmation_passed': False, 'cooldown_active': False}
2025-08-29 21:28:05 | INFO     | utils.logger:strategy:103 - STRATEGY: Adaptive Intelligence (buy_low_sell_high) | NEUTRAL | AMZN | {'strength': 0.25, 'rsi': np.float64(44.65757236265278), 'macd_histogram': 0, 'adx': np.float64(19.202000071141317), 'confirmation_passed': False, 'cooldown_active': False, 'market_regime': 'choppy', 'strategy_confidence': 0.8}
2025-08-29 21:28:05 | INFO     | utils.logger:strategy:103 - STRATEGY: Smart Buy Low Strategy | NEUTRAL | NVDA | {'strength': 0.25, 'rsi': np.float64(47.11808777124782), 'macd_histogram': np.float64(-0.01716912114240729), 'adx': np.float64(12.888792875938949), 'confirmation_passed': False, 'cooldown_active': False}
2025-08-29 21:28:05 | INFO     | utils.logger:strategy:103 - STRATEGY: Adaptive Intelligence (buy_low_sell_high) | NEUTRAL | NVDA | {'strength': 0.25, 'rsi': np.float64(47.11808777124782), 'macd_histogram': 0, 'adx': np.float64(12.888792875938949), 'confirmation_passed': False, 'cooldown_active': False, 'market_regime': 'choppy', 'strategy_confidence': 0.9}
2025-08-29 21:28:05 | INFO     | utils.logger:strategy:103 - STRATEGY: Smart Buy Low Strategy | NEUTRAL | AMD | {'strength': 0.25, 'rsi': np.float64(44.749220800461735), 'macd_histogram': np.float64(-0.03912193566004959), 'adx': np.float64(26.947060179251814), 'confirmation_passed': False, 'cooldown_active': False}
2025-08-29 21:28:05 | INFO     | utils.logger:strategy:103 - STRATEGY: Adaptive Intelligence (buy_low_sell_high) | NEUTRAL | AMD | {'strength': 0.25, 'rsi': np.float64(44.749220800461735), 'macd_histogram': 0, 'adx': np.float64(26.947060179251814), 'confirmation_passed': False, 'cooldown_active': False, 'market_regime': 'trending', 'strategy_confidence': 0.8}
2025-08-29 21:28:28 | INFO     | utils.logger:info:48 - Enhanced Momentum Strategy initialized | {'cooldown_symbol': 15, 'cooldown_global': 5}
2025-08-29 21:28:29 | INFO     | utils.logger:strategy:103 - STRATEGY: Smart Buy Low Strategy | NEUTRAL | AMD | {'strength': 0.25, 'rsi': np.float64(44.74922080027942), 'macd_histogram': np.float64(-0.037304738452460795), 'adx': np.float64(25.325618188736787), 'confirmation_passed': False, 'cooldown_active': False}
2025-08-29 21:28:54 | INFO     | utils.logger:info:48 - Enhanced Momentum Strategy initialized | {'cooldown_symbol': 15, 'cooldown_global': 5}
2025-08-29 21:28:55 | INFO     | utils.logger:strategy:103 - STRATEGY: Smart Buy Low Strategy | NEUTRAL | AMD | {'strength': 0.35, 'rsi': np.float64(43.30339245720066), 'macd_histogram': np.float64(-0.038900764316074955), 'adx': np.float64(25.32561818873678), 'confirmation_passed': False, 'cooldown_active': False}
2025-08-29 21:29:19 | INFO     | utils.logger:info:48 - Enhanced Momentum Strategy initialized | {'cooldown_symbol': 15, 'cooldown_global': 5}
2025-08-29 21:29:20 | INFO     | utils.logger:strategy:103 - STRATEGY: Smart Buy Low Strategy | NEUTRAL | AMD | {'strength': 0.35, 'rsi': np.float64(43.54167982103878), 'macd_histogram': np.float64(-0.03618459096643481), 'adx': np.float64(24.20358768788226), 'confirmation_passed': False, 'cooldown_active': False}
2025-08-29 21:29:29 | INFO     | utils.logger:info:48 - Alpaca client initialized with rate limiting | {'base_url': 'https://paper-api.alpaca.markets', 'key_fingerprint': 'PKW5...3D1Z', 'max_calls_per_minute': 150, 'official_limit': '200 requests/minute'}
2025-08-29 21:29:29 | INFO     | utils.logger:info:48 - Enhanced Momentum Strategy initialized | {'cooldown_symbol': 15, 'cooldown_global': 5}
2025-08-29 21:29:29 | INFO     | utils.logger:info:48 - Enhanced Momentum Strategy initialized | {'cooldown_symbol': 15, 'cooldown_global': 5}
2025-08-29 21:29:29 | INFO     | utils.logger:info:48 - Enhanced Momentum Strategy initialized | {'cooldown_symbol': 15, 'cooldown_global': 5}
2025-08-29 21:29:29 | INFO     | utils.logger:info:48 - Enhanced Momentum Strategy initialized | {'cooldown_symbol': 15, 'cooldown_global': 5}
2025-08-29 21:29:29 | INFO     | utils.logger:info:48 - Strategy Intelligence initialized | {'strategy_count': 4, 'switch_cooldown': 30}
2025-08-29 21:29:29 | INFO     | utils.logger:info:48 - Trading bot initialized | {'strategy': 'Adaptive Strategy Intelligence'}
2025-08-29 21:29:29 | INFO     | utils.logger:info:48 - Enhanced Momentum Strategy initialized | {'cooldown_symbol': 15, 'cooldown_global': 5}
2025-08-29 21:29:29 | INFO     | utils.logger:info:48 - Enhanced Momentum Strategy initialized | {'cooldown_symbol': 15, 'cooldown_global': 5}
2025-08-29 21:29:29 | INFO     | utils.logger:info:48 - Enhanced Momentum Strategy initialized | {'cooldown_symbol': 15, 'cooldown_global': 5}
2025-08-29 21:29:29 | INFO     | utils.logger:info:48 - Enhanced Momentum Strategy initialized | {'cooldown_symbol': 15, 'cooldown_global': 5}
2025-08-29 21:29:29 | INFO     | utils.logger:info:48 - Strategy Intelligence initialized | {'strategy_count': 4, 'switch_cooldown': 30}
2025-08-29 21:29:29 | INFO     | utils.logger:info:48 - Trading bot initialized | {'strategy': 'Adaptive Strategy Intelligence'}
2025-08-29 21:29:29 | SUCCESS  | utils.logger:success:76 - Alpaca connection successful | {'account_id': '41eedbc8-e9d1-4671-a2bc-d5a4ead1525b', 'status': 'ACTIVE', 'cash': '$10000.47', 'portfolio_value': '$10000.47'}
2025-08-29 21:29:29 | INFO     | utils.logger:info:48 - Scheduling timezone-aware trading | {'nyse_open_et': '09:30', 'nyse_close_et': '16:00', 'nyse_open_nl': '15:30', 'nyse_close_nl': '22:00', 'netherlands_tz': 'Europe/Amsterdam'}
2025-08-29 21:29:29 | INFO     | utils.logger:info:50 - Timezone-aware trading jobs scheduled
2025-08-29 21:29:29 | SUCCESS  | utils.logger:success:78 - Trading bot started successfully with timezone-aware scheduling
2025-08-29 21:29:29 | INFO     | utils.logger:info:48 - Market is currently open | {'closes_at': '22:00 (Netherlands time)', 'time_until_close': '0h 30m'}
2025-08-29 21:29:29 | INFO     | utils.logger:info:48 - Alpaca client initialized with rate limiting | {'base_url': 'https://paper-api.alpaca.markets', 'key_fingerprint': 'PKW5...3D1Z', 'max_calls_per_minute': 150, 'official_limit': '200 requests/minute'}
2025-08-29 21:29:30 | INFO     | utils.logger:info:48 - Enhanced Momentum Strategy initialized | {'cooldown_symbol': 15, 'cooldown_global': 5}
2025-08-29 21:29:30 | INFO     | utils.logger:info:48 - Enhanced Momentum Strategy initialized | {'cooldown_symbol': 15, 'cooldown_global': 5}
2025-08-29 21:29:30 | INFO     | utils.logger:info:48 - Enhanced Momentum Strategy initialized | {'cooldown_symbol': 15, 'cooldown_global': 5}
2025-08-29 21:29:30 | INFO     | utils.logger:info:48 - Enhanced Momentum Strategy initialized | {'cooldown_symbol': 15, 'cooldown_global': 5}
2025-08-29 21:29:30 | INFO     | utils.logger:info:48 - Strategy Intelligence initialized | {'strategy_count': 4, 'switch_cooldown': 30}
2025-08-29 21:29:30 | INFO     | utils.logger:info:48 - Strategy switched: None → buy_low_sell_high | {'regime': 'choppy', 'confidence': 0.9, 'strategy_description': 'RSI-based buy low, sell high strategy'}
2025-08-29 21:29:30 | INFO     | utils.logger:strategy:103 - STRATEGY: Smart Buy Low Strategy | NEUTRAL | AAPL | {'strength': 0.35, 'rsi': np.float64(40.928057490625726), 'macd_histogram': np.float64(-0.030354678473750743), 'adx': np.float64(13.57019196021781), 'confirmation_passed': False, 'cooldown_active': False}
2025-08-29 21:29:30 | INFO     | utils.logger:strategy:103 - STRATEGY: Adaptive Intelligence (buy_low_sell_high) | NEUTRAL | AAPL | {'strength': 0.35, 'rsi': np.float64(40.928057490625726), 'macd_histogram': 0, 'adx': np.float64(13.57019196021781), 'confirmation_passed': False, 'cooldown_active': False, 'market_regime': 'choppy', 'strategy_confidence': 0.9}
2025-08-29 21:29:30 | INFO     | utils.logger:strategy:103 - STRATEGY: Smart Buy Low Strategy | NEUTRAL | MSFT | {'strength': 0.25, 'rsi': np.float64(47.74524812002709), 'macd_histogram': np.float64(-0.0332844082228681), 'adx': np.float64(15.883641626039928), 'confirmation_passed': False, 'cooldown_active': False}
2025-08-29 21:29:30 | INFO     | utils.logger:strategy:103 - STRATEGY: Adaptive Intelligence (buy_low_sell_high) | NEUTRAL | MSFT | {'strength': 0.25, 'rsi': np.float64(47.74524812002709), 'macd_histogram': 0, 'adx': np.float64(15.883641626039928), 'confirmation_passed': False, 'cooldown_active': False, 'market_regime': 'choppy', 'strategy_confidence': 0.8}
2025-08-29 21:29:31 | INFO     | utils.logger:strategy:103 - STRATEGY: Smart Buy Low Strategy | NEUTRAL | GOOGL | {'strength': 0.35, 'rsi': np.float64(39.1297883541615), 'macd_histogram': np.float64(-0.029425241398741905), 'adx': np.float64(19.38465524416435), 'confirmation_passed': False, 'cooldown_active': False}
2025-08-29 21:29:31 | INFO     | utils.logger:strategy:103 - STRATEGY: Adaptive Intelligence (buy_low_sell_high) | NEUTRAL | GOOGL | {'strength': 0.35, 'rsi': np.float64(39.1297883541615), 'macd_histogram': 0, 'adx': np.float64(19.38465524416435), 'confirmation_passed': False, 'cooldown_active': False, 'market_regime': 'choppy', 'strategy_confidence': 0.8}
2025-08-29 21:29:31 | INFO     | utils.logger:strategy:103 - STRATEGY: Smart Buy Low Strategy | NEUTRAL | TSLA | {'strength': 0.35, 'rsi': np.float64(40.948421055863754), 'macd_histogram': np.float64(-0.03819418172538559), 'adx': np.float64(13.25715835092606), 'confirmation_passed': False, 'cooldown_active': False}
2025-08-29 21:29:31 | INFO     | utils.logger:strategy:103 - STRATEGY: Adaptive Intelligence (buy_low_sell_high) | NEUTRAL | TSLA | {'strength': 0.35, 'rsi': np.float64(40.948421055863754), 'macd_histogram': 0, 'adx': np.float64(13.25715835092606), 'confirmation_passed': False, 'cooldown_active': False, 'market_regime': 'choppy', 'strategy_confidence': 0.9}
2025-08-29 21:29:31 | INFO     | utils.logger:strategy:103 - STRATEGY: Smart Buy Low Strategy | NEUTRAL | AMZN | {'strength': 0.35, 'rsi': np.float64(44.718248181118625), 'macd_histogram': np.float64(-0.02532452228193184), 'adx': np.float64(17.27315618058324), 'confirmation_passed': False, 'cooldown_active': False}
2025-08-29 21:29:31 | INFO     | utils.logger:strategy:103 - STRATEGY: Adaptive Intelligence (buy_low_sell_high) | NEUTRAL | AMZN | {'strength': 0.35, 'rsi': np.float64(44.718248181118625), 'macd_histogram': 0, 'adx': np.float64(17.27315618058324), 'confirmation_passed': False, 'cooldown_active': False, 'market_regime': 'choppy', 'strategy_confidence': 0.8}
2025-08-29 21:29:32 | INFO     | utils.logger:strategy:103 - STRATEGY: Smart Buy Low Strategy | NEUTRAL | NVDA | {'strength': 0.25, 'rsi': np.float64(46.674722190473325), 'macd_histogram': np.float64(-0.014920381958548942), 'adx': np.float64(11.655528156994086), 'confirmation_passed': False, 'cooldown_active': False}
2025-08-29 21:29:32 | INFO     | utils.logger:strategy:103 - STRATEGY: Adaptive Intelligence (buy_low_sell_high) | NEUTRAL | NVDA | {'strength': 0.25, 'rsi': np.float64(46.674722190473325), 'macd_histogram': 0, 'adx': np.float64(11.655528156994086), 'confirmation_passed': False, 'cooldown_active': False, 'market_regime': 'choppy', 'strategy_confidence': 0.9}
2025-08-29 21:29:32 | INFO     | utils.logger:strategy:103 - STRATEGY: Smart Buy Low Strategy | NEUTRAL | AMD | {'strength': 0.35, 'rsi': np.float64(43.54167982120788), 'macd_histogram': np.float64(-0.03618459096693241), 'adx': np.float64(24.2035876844884), 'confirmation_passed': False, 'cooldown_active': False}
2025-08-29 21:29:32 | INFO     | utils.logger:strategy:103 - STRATEGY: Adaptive Intelligence (buy_low_sell_high) | NEUTRAL | AMD | {'strength': 0.35, 'rsi': np.float64(43.54167982120788), 'macd_histogram': 0, 'adx': np.float64(24.2035876844884), 'confirmation_passed': False, 'cooldown_active': False, 'market_regime': 'trending', 'strategy_confidence': 0.5}
2025-08-29 21:31:46 | INFO     | utils.logger:info:48 - Alpaca client initialized with rate limiting | {'base_url': 'https://paper-api.alpaca.markets', 'key_fingerprint': 'PKW5...3D1Z', 'max_calls_per_minute': 150, 'official_limit': '200 requests/minute'}
2025-08-29 21:31:46 | INFO     | utils.logger:info:48 - Enhanced Momentum Strategy initialized | {'cooldown_symbol': 15, 'cooldown_global': 5}
2025-08-29 21:31:46 | INFO     | utils.logger:info:48 - Enhanced Momentum Strategy initialized | {'cooldown_symbol': 15, 'cooldown_global': 5}
2025-08-29 21:31:46 | INFO     | utils.logger:info:48 - Enhanced Momentum Strategy initialized | {'cooldown_symbol': 15, 'cooldown_global': 5}
2025-08-29 21:31:46 | INFO     | utils.logger:info:48 - Enhanced Momentum Strategy initialized | {'cooldown_symbol': 15, 'cooldown_global': 5}
2025-08-29 21:31:46 | INFO     | utils.logger:info:48 - Strategy Intelligence initialized | {'strategy_count': 4, 'switch_cooldown': 30}
2025-08-29 21:31:46 | INFO     | utils.logger:info:48 - Trading bot initialized | {'strategy': 'Adaptive Strategy Intelligence'}
2025-08-29 21:31:46 | INFO     | utils.logger:info:48 - Enhanced Momentum Strategy initialized | {'cooldown_symbol': 15, 'cooldown_global': 5}
2025-08-29 21:31:46 | INFO     | utils.logger:info:48 - Enhanced Momentum Strategy initialized | {'cooldown_symbol': 15, 'cooldown_global': 5}
2025-08-29 21:31:46 | INFO     | utils.logger:info:48 - Enhanced Momentum Strategy initialized | {'cooldown_symbol': 15, 'cooldown_global': 5}
2025-08-29 21:31:46 | INFO     | utils.logger:info:48 - Enhanced Momentum Strategy initialized | {'cooldown_symbol': 15, 'cooldown_global': 5}
2025-08-29 21:31:46 | INFO     | utils.logger:info:48 - Strategy Intelligence initialized | {'strategy_count': 4, 'switch_cooldown': 30}
2025-08-29 21:31:46 | INFO     | utils.logger:info:48 - Trading bot initialized | {'strategy': 'Adaptive Strategy Intelligence'}
2025-08-29 21:31:46 | SUCCESS  | utils.logger:success:76 - Alpaca connection successful | {'account_id': '41eedbc8-e9d1-4671-a2bc-d5a4ead1525b', 'status': 'ACTIVE', 'cash': '$10000.47', 'portfolio_value': '$10000.47'}
2025-08-29 21:31:46 | INFO     | utils.logger:info:48 - Scheduling timezone-aware trading | {'nyse_open_et': '09:30', 'nyse_close_et': '16:00', 'nyse_open_nl': '15:30', 'nyse_close_nl': '22:00', 'netherlands_tz': 'Europe/Amsterdam'}
2025-08-29 21:31:46 | INFO     | utils.logger:info:50 - Timezone-aware trading jobs scheduled
2025-08-29 21:31:46 | SUCCESS  | utils.logger:success:78 - Trading bot started successfully with timezone-aware scheduling
2025-08-29 21:31:46 | INFO     | utils.logger:info:48 - Market is currently open | {'closes_at': '22:00 (Netherlands time)', 'time_until_close': '0h 28m'}
2025-08-29 21:31:47 | INFO     | utils.logger:info:48 - Alpaca client initialized with rate limiting | {'base_url': 'https://paper-api.alpaca.markets', 'key_fingerprint': 'PKW5...3D1Z', 'max_calls_per_minute': 150, 'official_limit': '200 requests/minute'}
2025-08-29 21:31:48 | INFO     | utils.logger:info:48 - Enhanced Momentum Strategy initialized | {'cooldown_symbol': 15, 'cooldown_global': 5}
2025-08-29 21:31:48 | INFO     | utils.logger:info:48 - Enhanced Momentum Strategy initialized | {'cooldown_symbol': 15, 'cooldown_global': 5}
2025-08-29 21:31:48 | INFO     | utils.logger:info:48 - Enhanced Momentum Strategy initialized | {'cooldown_symbol': 15, 'cooldown_global': 5}
2025-08-29 21:31:48 | INFO     | utils.logger:info:48 - Enhanced Momentum Strategy initialized | {'cooldown_symbol': 15, 'cooldown_global': 5}
2025-08-29 21:31:48 | INFO     | utils.logger:info:48 - Strategy Intelligence initialized | {'strategy_count': 4, 'switch_cooldown': 30}
2025-08-29 21:31:48 | INFO     | utils.logger:info:48 - Strategy switched: None → buy_low_sell_high | {'regime': 'choppy', 'confidence': 0.9, 'strategy_description': 'RSI-based buy low, sell high strategy'}
2025-08-29 21:31:48 | INFO     | utils.logger:strategy:103 - STRATEGY: Smart Buy Low Sell High Strategy | NEUTRAL | AAPL | {'strength': 0.35, 'rsi': np.float64(44.77821584573555), 'macd_histogram': np.float64(-0.02268895989074563), 'adx': np.float64(12.826707375034642), 'confirmation_passed': False, 'cooldown_active': False}
2025-08-29 21:31:48 | INFO     | utils.logger:strategy:103 - STRATEGY: Adaptive Intelligence (buy_low_sell_high) | NEUTRAL | AAPL | {'strength': 0.35, 'rsi': np.float64(44.77821584573555), 'macd_histogram': 0, 'adx': np.float64(12.826707375034642), 'confirmation_passed': False, 'cooldown_active': False, 'market_regime': 'choppy', 'strategy_confidence': 0.9}
2025-08-29 21:31:49 | INFO     | utils.logger:strategy:103 - STRATEGY: Smart Buy Low Sell High Strategy | NEUTRAL | MSFT | {'strength': 0.25, 'rsi': np.float64(59.121560779181515), 'macd_histogram': np.float64(-0.0035798409121192976), 'adx': np.float64(16.55451125927282), 'confirmation_passed': False, 'cooldown_active': False}
2025-08-29 21:31:49 | INFO     | utils.logger:strategy:103 - STRATEGY: Adaptive Intelligence (buy_low_sell_high) | NEUTRAL | MSFT | {'strength': 0.25, 'rsi': np.float64(59.121560779181515), 'macd_histogram': 0, 'adx': np.float64(16.55451125927282), 'confirmation_passed': False, 'cooldown_active': False, 'market_regime': 'choppy', 'strategy_confidence': 0.8}
2025-08-29 21:31:49 | INFO     | utils.logger:strategy:103 - STRATEGY: Smart Buy Low Sell High Strategy | NEUTRAL | GOOGL | {'strength': 0.35, 'rsi': np.float64(38.51695921635165), 'macd_histogram': np.float64(-0.025444869791387437), 'adx': np.float64(20.800447041318048), 'confirmation_passed': False, 'cooldown_active': False}
2025-08-29 21:31:49 | INFO     | utils.logger:strategy:103 - STRATEGY: Adaptive Intelligence (buy_low_sell_high) | NEUTRAL | GOOGL | {'strength': 0.35, 'rsi': np.float64(38.51695921635165), 'macd_histogram': 0, 'adx': np.float64(20.800447041318048), 'confirmation_passed': False, 'cooldown_active': False, 'market_regime': 'trending', 'strategy_confidence': 0.5}
2025-08-29 21:31:49 | INFO     | utils.logger:strategy:103 - STRATEGY: Smart Buy Low Sell High Strategy | NEUTRAL | TSLA | {'strength': 0.25, 'rsi': np.float64(60.717178719215596), 'macd_histogram': np.float64(0.03429058003819348), 'adx': np.float64(14.356328274512352), 'confirmation_passed': False, 'cooldown_active': False}
2025-08-29 21:31:49 | INFO     | utils.logger:strategy:103 - STRATEGY: Adaptive Intelligence (buy_low_sell_high) | NEUTRAL | TSLA | {'strength': 0.25, 'rsi': np.float64(60.717178719215596), 'macd_histogram': 0, 'adx': np.float64(14.356328274512352), 'confirmation_passed': False, 'cooldown_active': False, 'market_regime': 'choppy', 'strategy_confidence': 0.9}
2025-08-29 21:31:50 | INFO     | utils.logger:strategy:103 - STRATEGY: Smart Buy Low Sell High Strategy | NEUTRAL | AMZN | {'strength': 0.25, 'rsi': np.float64(54.16472709728947), 'macd_histogram': np.float64(-0.009712086730146563), 'adx': np.float64(16.40872899827249), 'confirmation_passed': False, 'cooldown_active': False}
2025-08-29 21:31:50 | INFO     | utils.logger:strategy:103 - STRATEGY: Adaptive Intelligence (buy_low_sell_high) | NEUTRAL | AMZN | {'strength': 0.25, 'rsi': np.float64(54.16472709728947), 'macd_histogram': 0, 'adx': np.float64(16.40872899827249), 'confirmation_passed': False, 'cooldown_active': False, 'market_regime': 'choppy', 'strategy_confidence': 0.8}
2025-08-29 21:31:50 | INFO     | utils.logger:strategy:103 - STRATEGY: Smart Buy Low Sell High Strategy | NEUTRAL | NVDA | {'strength': 0.25, 'rsi': np.float64(52.28752547972041), 'macd_histogram': np.float64(-0.0011337869629529807), 'adx': np.float64(11.421875848712288), 'confirmation_passed': False, 'cooldown_active': False}
2025-08-29 21:31:50 | INFO     | utils.logger:strategy:103 - STRATEGY: Adaptive Intelligence (buy_low_sell_high) | NEUTRAL | NVDA | {'strength': 0.25, 'rsi': np.float64(52.28752547972041), 'macd_histogram': 0, 'adx': np.float64(11.421875848712288), 'confirmation_passed': False, 'cooldown_active': False, 'market_regime': 'choppy', 'strategy_confidence': 0.9}
2025-08-29 21:31:50 | INFO     | utils.logger:strategy:103 - STRATEGY: Smart Buy Low Sell High Strategy | NEUTRAL | AMD | {'strength': 0.35, 'rsi': np.float64(40.9390728811081), 'macd_histogram': np.float64(-0.0340574956694816), 'adx': np.float64(23.515600520243428), 'confirmation_passed': False, 'cooldown_active': False}
2025-08-29 21:31:50 | INFO     | utils.logger:strategy:103 - STRATEGY: Adaptive Intelligence (buy_low_sell_high) | NEUTRAL | AMD | {'strength': 0.35, 'rsi': np.float64(40.9390728811081), 'macd_histogram': 0, 'adx': np.float64(23.515600520243428), 'confirmation_passed': False, 'cooldown_active': False, 'market_regime': 'trending', 'strategy_confidence': 0.5}
2025-08-29 21:32:21 | INFO     | utils.logger:info:48 - Enhanced Momentum Strategy initialized | {'cooldown_symbol': 15, 'cooldown_global': 5}
2025-08-29 21:32:22 | INFO     | utils.logger:strategy:103 - STRATEGY: Smart Buy Low Sell High Strategy | NEUTRAL | TSLA | {'strength': 0.25, 'rsi': np.float64(60.47624190737676), 'macd_histogram': np.float64(0.04518302294968085), 'adx': np.float64(15.27973087916145), 'confirmation_passed': False, 'cooldown_active': False}
2025-08-29 21:33:14 | INFO     | utils.logger:info:48 - Alpaca client initialized with rate limiting | {'base_url': 'https://paper-api.alpaca.markets', 'key_fingerprint': 'PKW5...3D1Z', 'max_calls_per_minute': 150, 'official_limit': '200 requests/minute'}
2025-08-29 21:33:47 | INFO     | utils.logger:info:50 - Using yfinance fallback for AAPL data
2025-08-29 21:33:48 | INFO     | utils.logger:info:48 - Strategy switched: None → buy_low_sell_high | {'regime': 'trending', 'confidence': 0.8, 'strategy_description': 'RSI-based buy low, sell high strategy'}
2025-08-29 21:33:48 | INFO     | utils.logger:strategy:103 - STRATEGY: Smart Buy Low Sell High Strategy | BUY | AAPL | {'strength': 0.7, 'rsi': np.float64(67.36552047740551), 'macd_histogram': np.float64(nan), 'adx': np.float64(29.98706472062788), 'confirmation_passed': True, 'cooldown_active': False}
2025-08-29 21:33:48 | INFO     | utils.logger:strategy:103 - STRATEGY: Adaptive Intelligence (buy_low_sell_high) | BUY | AAPL | {'strength': 0.7, 'rsi': np.float64(67.36552047740551), 'macd_histogram': 0, 'adx': np.float64(29.98706472062788), 'confirmation_passed': True, 'cooldown_active': False, 'market_regime': 'trending', 'strategy_confidence': 0.8}
2025-08-29 21:33:48 | INFO     | utils.logger:trade:95 - TRADE: BUY $320.02 AAPL | {'order_id': 'f56b7f0f-c4c0-47dc-9927-b988980b79d7'}
2025-08-29 21:33:48 | INFO     | utils.logger:info:48 - Intelligent buy order placed for AAPL | {'dollar_amount': 320.02, 'estimated_shares': np.float64(1.3763), 'reason': 'High price stock ($232.52) - using dollar amount for accessibility'}
2025-08-29 21:33:48 | ERROR    | utils.logger:error:64 - Error executing buy for AAPL: StrategyIntelligence.record_trade() missing 1 required positional argument: 'strategy_used'
2025-08-29 21:33:49 | INFO     | utils.logger:info:50 - Using yfinance fallback for MSFT data
2025-08-29 21:33:49 | INFO     | utils.logger:strategy:103 - STRATEGY: Smart Buy Low Sell High Strategy | NEUTRAL | MSFT | {'strength': 0.35, 'rsi': np.float64(46.04263938746791), 'macd_histogram': np.float64(nan), 'adx': np.float64(16.206875285466474), 'confirmation_passed': False, 'cooldown_active': False}
2025-08-29 21:33:49 | INFO     | utils.logger:strategy:103 - STRATEGY: Adaptive Intelligence (buy_low_sell_high) | NEUTRAL | MSFT | {'strength': 0.35, 'rsi': np.float64(46.04263938746791), 'macd_histogram': 0, 'adx': np.float64(16.206875285466474), 'confirmation_passed': False, 'cooldown_active': False, 'market_regime': 'choppy', 'strategy_confidence': 0.8}
2025-08-29 21:33:49 | INFO     | utils.logger:info:50 - Using yfinance fallback for GOOGL data
2025-08-29 21:33:49 | INFO     | utils.logger:strategy:103 - STRATEGY: Smart Buy Low Sell High Strategy | NEUTRAL | GOOGL | {'strength': 0.25, 'rsi': np.float64(74.52598526705947), 'macd_histogram': np.float64(nan), 'adx': np.float64(41.762571866789884), 'confirmation_passed': False, 'cooldown_active': False}
2025-08-29 21:33:49 | INFO     | utils.logger:strategy:103 - STRATEGY: Adaptive Intelligence (buy_low_sell_high) | NEUTRAL | GOOGL | {'strength': 0.25, 'rsi': np.float64(74.52598526705947), 'macd_histogram': 0, 'adx': np.float64(41.762571866789884), 'confirmation_passed': False, 'cooldown_active': False, 'market_regime': 'trending', 'strategy_confidence': 0.9}
2025-08-29 21:33:49 | INFO     | utils.logger:info:50 - Using yfinance fallback for TSLA data
2025-08-29 21:33:50 | INFO     | utils.logger:strategy:103 - STRATEGY: Smart Buy Low Sell High Strategy | NEUTRAL | TSLA | {'strength': 0.35, 'rsi': np.float64(50.04303954970265), 'macd_histogram': np.float64(nan), 'adx': np.float64(7.752978020379523), 'confirmation_passed': False, 'cooldown_active': False}
2025-08-29 21:33:50 | INFO     | utils.logger:strategy:103 - STRATEGY: Adaptive Intelligence (buy_low_sell_high) | NEUTRAL | TSLA | {'strength': 0.35, 'rsi': np.float64(50.04303954970265), 'macd_histogram': 0, 'adx': np.float64(7.752978020379523), 'confirmation_passed': False, 'cooldown_active': False, 'market_regime': 'trending', 'strategy_confidence': 0.5}
2025-08-29 21:33:50 | INFO     | utils.logger:info:50 - Using yfinance fallback for AMZN data
2025-08-29 21:33:50 | INFO     | utils.logger:strategy:103 - STRATEGY: Smart Buy Low Sell High Strategy | NEUTRAL | AMZN | {'strength': 0.35, 'rsi': np.float64(52.81805265431912), 'macd_histogram': np.float64(nan), 'adx': np.float64(9.341967036167873), 'confirmation_passed': False, 'cooldown_active': False}
2025-08-29 21:33:50 | INFO     | utils.logger:strategy:103 - STRATEGY: Adaptive Intelligence (buy_low_sell_high) | NEUTRAL | AMZN | {'strength': 0.35, 'rsi': np.float64(52.81805265431912), 'macd_histogram': 0, 'adx': np.float64(9.341967036167873), 'confirmation_passed': False, 'cooldown_active': False, 'market_regime': 'choppy', 'strategy_confidence': 0.8}
2025-08-29 21:33:50 | INFO     | utils.logger:info:50 - Using yfinance fallback for NVDA data
2025-08-29 21:33:50 | INFO     | utils.logger:strategy:103 - STRATEGY: Smart Buy Low Sell High Strategy | NEUTRAL | NVDA | {'strength': 0.35, 'rsi': np.float64(42.475537105814546), 'macd_histogram': np.float64(nan), 'adx': np.float64(19.96086698670587), 'confirmation_passed': False, 'cooldown_active': False}
2025-08-29 21:33:50 | INFO     | utils.logger:strategy:103 - STRATEGY: Adaptive Intelligence (buy_low_sell_high) | NEUTRAL | NVDA | {'strength': 0.35, 'rsi': np.float64(42.475537105814546), 'macd_histogram': 0, 'adx': np.float64(19.96086698670587), 'confirmation_passed': False, 'cooldown_active': False, 'market_regime': 'choppy', 'strategy_confidence': 0.8}
2025-08-29 21:33:50 | INFO     | utils.logger:info:50 - Using yfinance fallback for AMD data
2025-08-29 21:33:51 | INFO     | utils.logger:strategy:103 - STRATEGY: Smart Buy Low Sell High Strategy | NEUTRAL | AMD | {'strength': 0.35, 'rsi': np.float64(43.97652101010523), 'macd_histogram': np.float64(nan), 'adx': np.float64(12.400576271416295), 'confirmation_passed': False, 'cooldown_active': False}
2025-08-29 21:33:51 | INFO     | utils.logger:strategy:103 - STRATEGY: Adaptive Intelligence (buy_low_sell_high) | NEUTRAL | AMD | {'strength': 0.35, 'rsi': np.float64(43.97652101010523), 'macd_histogram': 0, 'adx': np.float64(12.400576271416295), 'confirmation_passed': False, 'cooldown_active': False, 'market_regime': 'trending', 'strategy_confidence': 0.5}
2025-08-29 21:33:53 | INFO     | utils.logger:info:48 - Alpaca client initialized with rate limiting | {'base_url': 'https://paper-api.alpaca.markets', 'key_fingerprint': 'PKW5...3D1Z', 'max_calls_per_minute': 150, 'official_limit': '200 requests/minute'}
2025-08-29 21:35:22 | INFO     | utils.logger:info:48 - Alpaca client initialized with rate limiting | {'base_url': 'https://paper-api.alpaca.markets', 'key_fingerprint': 'PKW5...3D1Z', 'max_calls_per_minute': 150, 'official_limit': '200 requests/minute'}
2025-08-29 21:35:22 | INFO     | utils.logger:info:48 - Enhanced Momentum Strategy initialized | {'cooldown_symbol': 15, 'cooldown_global': 5}
2025-08-29 21:35:22 | INFO     | utils.logger:info:48 - Enhanced Momentum Strategy initialized | {'cooldown_symbol': 15, 'cooldown_global': 5}
2025-08-29 21:35:22 | INFO     | utils.logger:info:48 - Enhanced Momentum Strategy initialized | {'cooldown_symbol': 15, 'cooldown_global': 5}
2025-08-29 21:35:22 | INFO     | utils.logger:info:48 - Enhanced Momentum Strategy initialized | {'cooldown_symbol': 15, 'cooldown_global': 5}
2025-08-29 21:35:22 | INFO     | utils.logger:info:48 - Strategy Intelligence initialized | {'strategy_count': 4, 'switch_cooldown': 30}
2025-08-29 21:35:22 | INFO     | utils.logger:info:48 - Trading bot initialized | {'strategy': 'Adaptive Strategy Intelligence'}
2025-08-29 21:35:22 | INFO     | utils.logger:info:48 - Enhanced Momentum Strategy initialized | {'cooldown_symbol': 15, 'cooldown_global': 5}
2025-08-29 21:35:22 | INFO     | utils.logger:info:48 - Enhanced Momentum Strategy initialized | {'cooldown_symbol': 15, 'cooldown_global': 5}
2025-08-29 21:35:22 | INFO     | utils.logger:info:48 - Enhanced Momentum Strategy initialized | {'cooldown_symbol': 15, 'cooldown_global': 5}
2025-08-29 21:35:22 | INFO     | utils.logger:info:48 - Enhanced Momentum Strategy initialized | {'cooldown_symbol': 15, 'cooldown_global': 5}
2025-08-29 21:35:22 | INFO     | utils.logger:info:48 - Strategy Intelligence initialized | {'strategy_count': 4, 'switch_cooldown': 30}
2025-08-29 21:35:22 | INFO     | utils.logger:info:48 - Trading bot initialized | {'strategy': 'Adaptive Strategy Intelligence'}
2025-08-29 21:35:22 | SUCCESS  | utils.logger:success:76 - Alpaca connection successful | {'account_id': '41eedbc8-e9d1-4671-a2bc-d5a4ead1525b', 'status': 'ACTIVE', 'cash': '$9680.46', 'portfolio_value': '$10000.42'}
2025-08-29 21:35:22 | INFO     | utils.logger:info:48 - Scheduling timezone-aware trading | {'nyse_open_et': '09:30', 'nyse_close_et': '16:00', 'nyse_open_nl': '15:30', 'nyse_close_nl': '22:00', 'netherlands_tz': 'Europe/Amsterdam'}
2025-08-29 21:35:22 | INFO     | utils.logger:info:50 - Timezone-aware trading jobs scheduled
2025-08-29 21:35:22 | SUCCESS  | utils.logger:success:78 - Trading bot started successfully with timezone-aware scheduling
2025-08-29 21:35:22 | INFO     | utils.logger:info:48 - Market is currently open | {'closes_at': '16:00 (New York time) / 22:00 (Netherlands time)', 'time_until_close': '0h 24m'}
2025-08-29 21:35:41 | INFO     | utils.logger:info:48 - Alpaca client initialized with rate limiting | {'base_url': 'https://paper-api.alpaca.markets', 'key_fingerprint': 'PKW5...3D1Z', 'max_calls_per_minute': 150, 'official_limit': '200 requests/minute'}
2025-08-29 21:35:52 | INFO     | utils.logger:info:50 - Using yfinance fallback for AAPL data
2025-08-29 21:35:52 | INFO     | utils.logger:strategy:103 - STRATEGY: Smart Buy Low Sell High Strategy | BUY | AAPL | {'strength': 0.7, 'rsi': np.float64(66.84329029181917), 'macd_histogram': np.float64(nan), 'adx': np.float64(29.98706472062788), 'confirmation_passed': True, 'cooldown_active': False}
2025-08-29 21:35:52 | INFO     | utils.logger:strategy:103 - STRATEGY: Adaptive Intelligence (buy_low_sell_high) | BUY | AAPL | {'strength': 0.7, 'rsi': np.float64(66.84329029181917), 'macd_histogram': 0, 'adx': np.float64(29.98706472062788), 'confirmation_passed': True, 'cooldown_active': False, 'market_regime': 'trending', 'strategy_confidence': 0.8}
2025-08-29 21:35:52 | INFO     | utils.logger:info:50 - Using yfinance fallback for MSFT data
2025-08-29 21:35:53 | INFO     | utils.logger:strategy:103 - STRATEGY: Smart Buy Low Sell High Strategy | NEUTRAL | MSFT | {'strength': 0.35, 'rsi': np.float64(45.727441789604974), 'macd_histogram': np.float64(nan), 'adx': np.float64(16.206875285466474), 'confirmation_passed': False, 'cooldown_active': False}
2025-08-29 21:35:53 | INFO     | utils.logger:strategy:103 - STRATEGY: Adaptive Intelligence (buy_low_sell_high) | NEUTRAL | MSFT | {'strength': 0.35, 'rsi': np.float64(45.727441789604974), 'macd_histogram': 0, 'adx': np.float64(16.206875285466474), 'confirmation_passed': False, 'cooldown_active': False, 'market_regime': 'choppy', 'strategy_confidence': 0.8}
2025-08-29 21:35:53 | INFO     | utils.logger:info:50 - Using yfinance fallback for GOOGL data
2025-08-29 21:35:53 | INFO     | utils.logger:strategy:103 - STRATEGY: Smart Buy Low Sell High Strategy | NEUTRAL | GOOGL | {'strength': 0.25, 'rsi': np.float64(74.36690517273038), 'macd_histogram': np.float64(nan), 'adx': np.float64(41.762571866789884), 'confirmation_passed': False, 'cooldown_active': False}
2025-08-29 21:35:53 | INFO     | utils.logger:strategy:103 - STRATEGY: Adaptive Intelligence (buy_low_sell_high) | NEUTRAL | GOOGL | {'strength': 0.25, 'rsi': np.float64(74.36690517273038), 'macd_histogram': 0, 'adx': np.float64(41.762571866789884), 'confirmation_passed': False, 'cooldown_active': False, 'market_regime': 'trending', 'strategy_confidence': 0.9}
2025-08-29 21:35:53 | INFO     | utils.logger:info:50 - Using yfinance fallback for TSLA data
2025-08-29 21:35:53 | INFO     | utils.logger:strategy:103 - STRATEGY: Smart Buy Low Sell High Strategy | NEUTRAL | TSLA | {'strength': 0.35, 'rsi': np.float64(49.83841319771696), 'macd_histogram': np.float64(nan), 'adx': np.float64(7.752978020379523), 'confirmation_passed': False, 'cooldown_active': False}
2025-08-29 21:35:53 | INFO     | utils.logger:strategy:103 - STRATEGY: Adaptive Intelligence (buy_low_sell_high) | NEUTRAL | TSLA | {'strength': 0.35, 'rsi': np.float64(49.83841319771696), 'macd_histogram': 0, 'adx': np.float64(7.752978020379523), 'confirmation_passed': False, 'cooldown_active': False, 'market_regime': 'trending', 'strategy_confidence': 0.5}
2025-08-29 21:35:54 | INFO     | utils.logger:info:50 - Using yfinance fallback for AMZN data
2025-08-29 21:35:54 | INFO     | utils.logger:strategy:103 - STRATEGY: Smart Buy Low Sell High Strategy | NEUTRAL | AMZN | {'strength': 0.35, 'rsi': np.float64(52.595012331319516), 'macd_histogram': np.float64(nan), 'adx': np.float64(9.341967036167873), 'confirmation_passed': False, 'cooldown_active': False}
2025-08-29 21:35:54 | INFO     | utils.logger:strategy:103 - STRATEGY: Adaptive Intelligence (buy_low_sell_high) | NEUTRAL | AMZN | {'strength': 0.35, 'rsi': np.float64(52.595012331319516), 'macd_histogram': 0, 'adx': np.float64(9.341967036167873), 'confirmation_passed': False, 'cooldown_active': False, 'market_regime': 'choppy', 'strategy_confidence': 0.8}
2025-08-29 21:35:54 | INFO     | utils.logger:info:50 - Using yfinance fallback for NVDA data
2025-08-29 21:35:54 | INFO     | utils.logger:strategy:103 - STRATEGY: Smart Buy Low Sell High Strategy | NEUTRAL | NVDA | {'strength': 0.35, 'rsi': np.float64(42.22700577994571), 'macd_histogram': np.float64(nan), 'adx': np.float64(19.96086698670587), 'confirmation_passed': False, 'cooldown_active': False}
2025-08-29 21:35:54 | INFO     | utils.logger:strategy:103 - STRATEGY: Adaptive Intelligence (buy_low_sell_high) | NEUTRAL | NVDA | {'strength': 0.35, 'rsi': np.float64(42.22700577994571), 'macd_histogram': 0, 'adx': np.float64(19.96086698670587), 'confirmation_passed': False, 'cooldown_active': False, 'market_regime': 'choppy', 'strategy_confidence': 0.8}
2025-08-29 21:35:54 | INFO     | utils.logger:info:50 - Using yfinance fallback for AMD data
2025-08-29 21:35:55 | INFO     | utils.logger:strategy:103 - STRATEGY: Smart Buy Low Sell High Strategy | NEUTRAL | AMD | {'strength': 0.35, 'rsi': np.float64(43.947720078627746), 'macd_histogram': np.float64(nan), 'adx': np.float64(12.400576271416295), 'confirmation_passed': False, 'cooldown_active': False}
2025-08-29 21:35:55 | INFO     | utils.logger:strategy:103 - STRATEGY: Adaptive Intelligence (buy_low_sell_high) | NEUTRAL | AMD | {'strength': 0.35, 'rsi': np.float64(43.947720078627746), 'macd_histogram': 0, 'adx': np.float64(12.400576271416295), 'confirmation_passed': False, 'cooldown_active': False, 'market_regime': 'trending', 'strategy_confidence': 0.5}
2025-08-29 21:37:23 | INFO     | utils.logger:info:50 - Using yfinance fallback for AAPL data
2025-08-29 21:37:24 | INFO     | utils.logger:info:48 - Strategy switched: None → buy_low_sell_high | {'regime': 'trending', 'confidence': 0.8, 'strategy_description': 'RSI-based buy low, sell high strategy'}
2025-08-29 21:37:24 | INFO     | utils.logger:strategy:103 - STRATEGY: Smart Buy Low Sell High Strategy | BUY | AAPL | {'strength': 0.7, 'rsi': np.float64(67.27580615674731), 'macd_histogram': np.float64(nan), 'adx': np.float64(29.98706472062788), 'confirmation_passed': True, 'cooldown_active': False}
2025-08-29 21:37:24 | INFO     | utils.logger:strategy:103 - STRATEGY: Adaptive Intelligence (buy_low_sell_high) | BUY | AAPL | {'strength': 0.7, 'rsi': np.float64(67.27580615674731), 'macd_histogram': 0, 'adx': np.float64(29.98706472062788), 'confirmation_passed': True, 'cooldown_active': False, 'market_regime': 'trending', 'strategy_confidence': 0.8}
2025-08-29 21:37:24 | INFO     | utils.logger:info:50 - Using yfinance fallback for MSFT data
2025-08-29 21:37:24 | INFO     | utils.logger:strategy:103 - STRATEGY: Smart Buy Low Sell High Strategy | NEUTRAL | MSFT | {'strength': 0.35, 'rsi': np.float64(45.581097700376844), 'macd_histogram': np.float64(nan), 'adx': np.float64(16.206875285466474), 'confirmation_passed': False, 'cooldown_active': False}
2025-08-29 21:37:24 | INFO     | utils.logger:strategy:103 - STRATEGY: Adaptive Intelligence (buy_low_sell_high) | NEUTRAL | MSFT | {'strength': 0.35, 'rsi': np.float64(45.581097700376844), 'macd_histogram': 0, 'adx': np.float64(16.206875285466474), 'confirmation_passed': False, 'cooldown_active': False, 'market_regime': 'choppy', 'strategy_confidence': 0.8}
2025-08-29 21:37:25 | INFO     | utils.logger:info:50 - Using yfinance fallback for GOOGL data
2025-08-29 21:37:25 | INFO     | utils.logger:strategy:103 - STRATEGY: Smart Buy Low Sell High Strategy | NEUTRAL | GOOGL | {'strength': 0.25, 'rsi': np.float64(74.54635498962298), 'macd_histogram': np.float64(nan), 'adx': np.float64(41.762571866789884), 'confirmation_passed': False, 'cooldown_active': False}
2025-08-29 21:37:25 | INFO     | utils.logger:strategy:103 - STRATEGY: Adaptive Intelligence (buy_low_sell_high) | NEUTRAL | GOOGL | {'strength': 0.25, 'rsi': np.float64(74.54635498962298), 'macd_histogram': 0, 'adx': np.float64(41.762571866789884), 'confirmation_passed': False, 'cooldown_active': False, 'market_regime': 'trending', 'strategy_confidence': 0.9}
2025-08-29 21:37:25 | INFO     | utils.logger:info:50 - Using yfinance fallback for TSLA data
2025-08-29 21:37:25 | INFO     | utils.logger:strategy:103 - STRATEGY: Smart Buy Low Sell High Strategy | NEUTRAL | TSLA | {'strength': 0.35, 'rsi': np.float64(50.03078232112255), 'macd_histogram': np.float64(nan), 'adx': np.float64(7.752978020379523), 'confirmation_passed': False, 'cooldown_active': False}
2025-08-29 21:37:25 | INFO     | utils.logger:strategy:103 - STRATEGY: Adaptive Intelligence (buy_low_sell_high) | NEUTRAL | TSLA | {'strength': 0.35, 'rsi': np.float64(50.03078232112255), 'macd_histogram': 0, 'adx': np.float64(7.752978020379523), 'confirmation_passed': False, 'cooldown_active': False, 'market_regime': 'trending', 'strategy_confidence': 0.5}
2025-08-29 21:37:25 | INFO     | utils.logger:info:50 - Using yfinance fallback for AMZN data
2025-08-29 21:37:26 | INFO     | utils.logger:strategy:103 - STRATEGY: Smart Buy Low Sell High Strategy | NEUTRAL | AMZN | {'strength': 0.35, 'rsi': np.float64(52.500002671763816), 'macd_histogram': np.float64(nan), 'adx': np.float64(9.341967036167873), 'confirmation_passed': False, 'cooldown_active': False}
2025-08-29 21:37:26 | INFO     | utils.logger:strategy:103 - STRATEGY: Adaptive Intelligence (buy_low_sell_high) | NEUTRAL | AMZN | {'strength': 0.35, 'rsi': np.float64(52.500002671763816), 'macd_histogram': 0, 'adx': np.float64(9.341967036167873), 'confirmation_passed': False, 'cooldown_active': False, 'market_regime': 'choppy', 'strategy_confidence': 0.8}
2025-08-29 21:37:26 | INFO     | utils.logger:info:50 - Using yfinance fallback for NVDA data
2025-08-29 21:37:26 | INFO     | utils.logger:strategy:103 - STRATEGY: Smart Buy Low Sell High Strategy | NEUTRAL | NVDA | {'strength': 0.35, 'rsi': np.float64(42.53811576669189), 'macd_histogram': np.float64(nan), 'adx': np.float64(19.96086698670587), 'confirmation_passed': False, 'cooldown_active': False}
2025-08-29 21:37:26 | INFO     | utils.logger:strategy:103 - STRATEGY: Adaptive Intelligence (buy_low_sell_high) | NEUTRAL | NVDA | {'strength': 0.35, 'rsi': np.float64(42.53811576669189), 'macd_histogram': 0, 'adx': np.float64(19.96086698670587), 'confirmation_passed': False, 'cooldown_active': False, 'market_regime': 'choppy', 'strategy_confidence': 0.8}
2025-08-29 21:37:26 | INFO     | utils.logger:info:50 - Using yfinance fallback for AMD data
2025-08-29 21:37:26 | INFO     | utils.logger:strategy:103 - STRATEGY: Smart Buy Low Sell High Strategy | NEUTRAL | AMD | {'strength': 0.35, 'rsi': np.float64(43.86264088014484), 'macd_histogram': np.float64(nan), 'adx': np.float64(12.400576271416295), 'confirmation_passed': False, 'cooldown_active': False}
2025-08-29 21:37:26 | INFO     | utils.logger:strategy:103 - STRATEGY: Adaptive Intelligence (buy_low_sell_high) | NEUTRAL | AMD | {'strength': 0.35, 'rsi': np.float64(43.86264088014484), 'macd_histogram': 0, 'adx': np.float64(12.400576271416295), 'confirmation_passed': False, 'cooldown_active': False, 'market_regime': 'trending', 'strategy_confidence': 0.5}
2025-08-29 21:37:56 | INFO     | utils.logger:info:50 - Using yfinance fallback for AAPL data
2025-08-29 21:37:56 | INFO     | utils.logger:strategy:103 - STRATEGY: Smart Buy Low Sell High Strategy | BUY | AAPL | {'strength': 0.7, 'rsi': np.float64(67.25018390085339), 'macd_histogram': np.float64(nan), 'adx': np.float64(29.98706472062788), 'confirmation_passed': True, 'cooldown_active': False}
2025-08-29 21:37:56 | INFO     | utils.logger:strategy:103 - STRATEGY: Adaptive Intelligence (buy_low_sell_high) | BUY | AAPL | {'strength': 0.7, 'rsi': np.float64(67.25018390085339), 'macd_histogram': 0, 'adx': np.float64(29.98706472062788), 'confirmation_passed': True, 'cooldown_active': False, 'market_regime': 'trending', 'strategy_confidence': 0.8}
2025-08-29 21:37:56 | INFO     | utils.logger:info:50 - Using yfinance fallback for MSFT data
2025-08-29 21:37:56 | INFO     | utils.logger:strategy:103 - STRATEGY: Smart Buy Low Sell High Strategy | NEUTRAL | MSFT | {'strength': 0.35, 'rsi': np.float64(45.54166586790975), 'macd_histogram': np.float64(nan), 'adx': np.float64(16.206875285466474), 'confirmation_passed': False, 'cooldown_active': False}
2025-08-29 21:37:56 | INFO     | utils.logger:strategy:103 - STRATEGY: Adaptive Intelligence (buy_low_sell_high) | NEUTRAL | MSFT | {'strength': 0.35, 'rsi': np.float64(45.54166586790975), 'macd_histogram': 0, 'adx': np.float64(16.206875285466474), 'confirmation_passed': False, 'cooldown_active': False, 'market_regime': 'choppy', 'strategy_confidence': 0.8}
2025-08-29 21:37:57 | INFO     | utils.logger:info:50 - Using yfinance fallback for GOOGL data
2025-08-29 21:37:57 | INFO     | utils.logger:strategy:103 - STRATEGY: Smart Buy Low Sell High Strategy | NEUTRAL | GOOGL | {'strength': 0.25, 'rsi': np.float64(74.62755546879703), 'macd_histogram': np.float64(nan), 'adx': np.float64(41.762571866789884), 'confirmation_passed': False, 'cooldown_active': False}
2025-08-29 21:37:57 | INFO     | utils.logger:strategy:103 - STRATEGY: Adaptive Intelligence (buy_low_sell_high) | NEUTRAL | GOOGL | {'strength': 0.25, 'rsi': np.float64(74.62755546879703), 'macd_histogram': 0, 'adx': np.float64(41.762571866789884), 'confirmation_passed': False, 'cooldown_active': False, 'market_regime': 'trending', 'strategy_confidence': 0.9}
2025-08-29 21:37:57 | INFO     | utils.logger:info:50 - Using yfinance fallback for TSLA data
2025-08-29 21:37:57 | INFO     | utils.logger:strategy:103 - STRATEGY: Smart Buy Low Sell High Strategy | NEUTRAL | TSLA | {'strength': 0.35, 'rsi': np.float64(50.036900828107335), 'macd_histogram': np.float64(nan), 'adx': np.float64(7.752978020379523), 'confirmation_passed': False, 'cooldown_active': False}
2025-08-29 21:37:57 | INFO     | utils.logger:strategy:103 - STRATEGY: Adaptive Intelligence (buy_low_sell_high) | NEUTRAL | TSLA | {'strength': 0.35, 'rsi': np.float64(50.036900828107335), 'macd_histogram': 0, 'adx': np.float64(7.752978020379523), 'confirmation_passed': False, 'cooldown_active': False, 'market_regime': 'trending', 'strategy_confidence': 0.5}
2025-08-29 21:37:57 | INFO     | utils.logger:info:50 - Using yfinance fallback for AMZN data
2025-08-29 21:37:58 | INFO     | utils.logger:strategy:103 - STRATEGY: Smart Buy Low Sell High Strategy | NEUTRAL | AMZN | {'strength': 0.35, 'rsi': np.float64(52.563296199765766), 'macd_histogram': np.float64(nan), 'adx': np.float64(9.341967036167873), 'confirmation_passed': False, 'cooldown_active': False}
2025-08-29 21:37:58 | INFO     | utils.logger:strategy:103 - STRATEGY: Adaptive Intelligence (buy_low_sell_high) | NEUTRAL | AMZN | {'strength': 0.35, 'rsi': np.float64(52.563296199765766), 'macd_histogram': 0, 'adx': np.float64(9.341967036167873), 'confirmation_passed': False, 'cooldown_active': False, 'market_regime': 'choppy', 'strategy_confidence': 0.8}
2025-08-29 21:37:58 | INFO     | utils.logger:info:50 - Using yfinance fallback for NVDA data
2025-08-29 21:37:58 | INFO     | utils.logger:strategy:103 - STRATEGY: Smart Buy Low Sell High Strategy | NEUTRAL | NVDA | {'strength': 0.35, 'rsi': np.float64(42.56948626851618), 'macd_histogram': np.float64(nan), 'adx': np.float64(19.96086698670587), 'confirmation_passed': False, 'cooldown_active': False}
2025-08-29 21:37:58 | INFO     | utils.logger:strategy:103 - STRATEGY: Adaptive Intelligence (buy_low_sell_high) | NEUTRAL | NVDA | {'strength': 0.35, 'rsi': np.float64(42.56948626851618), 'macd_histogram': 0, 'adx': np.float64(19.96086698670587), 'confirmation_passed': False, 'cooldown_active': False, 'market_regime': 'choppy', 'strategy_confidence': 0.8}
2025-08-29 21:37:58 | INFO     | utils.logger:info:50 - Using yfinance fallback for AMD data
2025-08-29 21:37:58 | INFO     | utils.logger:strategy:103 - STRATEGY: Smart Buy Low Sell High Strategy | NEUTRAL | AMD | {'strength': 0.35, 'rsi': np.float64(43.94799557623204), 'macd_histogram': np.float64(nan), 'adx': np.float64(12.400576271416295), 'confirmation_passed': False, 'cooldown_active': False}
2025-08-29 21:37:58 | INFO     | utils.logger:strategy:103 - STRATEGY: Adaptive Intelligence (buy_low_sell_high) | NEUTRAL | AMD | {'strength': 0.35, 'rsi': np.float64(43.94799557623204), 'macd_histogram': 0, 'adx': np.float64(12.400576271416295), 'confirmation_passed': False, 'cooldown_active': False, 'market_regime': 'trending', 'strategy_confidence': 0.5}
2025-08-29 21:39:28 | INFO     | utils.logger:info:50 - Using yfinance fallback for AAPL data
2025-08-29 21:39:28 | INFO     | utils.logger:strategy:103 - STRATEGY: Smart Buy Low Sell High Strategy | BUY | AAPL | {'strength': 0.7, 'rsi': np.float64(67.49273077876572), 'macd_histogram': np.float64(nan), 'adx': np.float64(29.98706472062788), 'confirmation_passed': True, 'cooldown_active': False}
2025-08-29 21:39:28 | INFO     | utils.logger:strategy:103 - STRATEGY: Adaptive Intelligence (buy_low_sell_high) | BUY | AAPL | {'strength': 0.7, 'rsi': np.float64(67.49273077876572), 'macd_histogram': 0, 'adx': np.float64(29.98706472062788), 'confirmation_passed': True, 'cooldown_active': False, 'market_regime': 'trending', 'strategy_confidence': 0.8}
2025-08-29 21:39:29 | INFO     | utils.logger:info:50 - Using yfinance fallback for MSFT data
2025-08-29 21:39:29 | INFO     | utils.logger:strategy:103 - STRATEGY: Smart Buy Low Sell High Strategy | NEUTRAL | MSFT | {'strength': 0.35, 'rsi': np.float64(45.455067000294186), 'macd_histogram': np.float64(nan), 'adx': np.float64(16.206875285466474), 'confirmation_passed': False, 'cooldown_active': False}
2025-08-29 21:39:29 | INFO     | utils.logger:strategy:103 - STRATEGY: Adaptive Intelligence (buy_low_sell_high) | NEUTRAL | MSFT | {'strength': 0.35, 'rsi': np.float64(45.455067000294186), 'macd_histogram': 0, 'adx': np.float64(16.206875285466474), 'confirmation_passed': False, 'cooldown_active': False, 'market_regime': 'choppy', 'strategy_confidence': 0.8}
2025-08-29 21:39:29 | INFO     | utils.logger:info:50 - Using yfinance fallback for GOOGL data
2025-08-29 21:39:29 | INFO     | utils.logger:strategy:103 - STRATEGY: Smart Buy Low Sell High Strategy | NEUTRAL | GOOGL | {'strength': 0.25, 'rsi': np.float64(74.7483817672826), 'macd_histogram': np.float64(nan), 'adx': np.float64(41.762571866789884), 'confirmation_passed': False, 'cooldown_active': False}
2025-08-29 21:39:29 | INFO     | utils.logger:strategy:103 - STRATEGY: Adaptive Intelligence (buy_low_sell_high) | NEUTRAL | GOOGL | {'strength': 0.25, 'rsi': np.float64(74.7483817672826), 'macd_histogram': 0, 'adx': np.float64(41.762571866789884), 'confirmation_passed': False, 'cooldown_active': False, 'market_regime': 'trending', 'strategy_confidence': 0.9}
2025-08-29 21:39:29 | INFO     | utils.logger:info:50 - Using yfinance fallback for TSLA data
2025-08-29 21:39:30 | INFO     | utils.logger:strategy:103 - STRATEGY: Smart Buy Low Sell High Strategy | NEUTRAL | TSLA | {'strength': 0.35, 'rsi': np.float64(50.147591161439436), 'macd_histogram': np.float64(nan), 'adx': np.float64(7.752978020379523), 'confirmation_passed': False, 'cooldown_active': False}
2025-08-29 21:39:30 | INFO     | utils.logger:strategy:103 - STRATEGY: Adaptive Intelligence (buy_low_sell_high) | NEUTRAL | TSLA | {'strength': 0.35, 'rsi': np.float64(50.147591161439436), 'macd_histogram': 0, 'adx': np.float64(7.752978020379523), 'confirmation_passed': False, 'cooldown_active': False, 'market_regime': 'trending', 'strategy_confidence': 0.5}
2025-08-29 21:39:30 | INFO     | utils.logger:info:50 - Using yfinance fallback for AMZN data
2025-08-29 21:39:30 | INFO     | utils.logger:strategy:103 - STRATEGY: Smart Buy Low Sell High Strategy | NEUTRAL | AMZN | {'strength': 0.35, 'rsi': np.float64(52.70628437594633), 'macd_histogram': np.float64(nan), 'adx': np.float64(9.341967036167873), 'confirmation_passed': False, 'cooldown_active': False}
2025-08-29 21:39:30 | INFO     | utils.logger:strategy:103 - STRATEGY: Adaptive Intelligence (buy_low_sell_high) | NEUTRAL | AMZN | {'strength': 0.35, 'rsi': np.float64(52.70628437594633), 'macd_histogram': 0, 'adx': np.float64(9.341967036167873), 'confirmation_passed': False, 'cooldown_active': False, 'market_regime': 'choppy', 'strategy_confidence': 0.8}
2025-08-29 21:39:30 | INFO     | utils.logger:info:50 - Using yfinance fallback for NVDA data
2025-08-29 21:39:30 | INFO     | utils.logger:strategy:103 - STRATEGY: Smart Buy Low Sell High Strategy | NEUTRAL | NVDA | {'strength': 0.35, 'rsi': np.float64(42.67963630482582), 'macd_histogram': np.float64(nan), 'adx': np.float64(19.96086698670587), 'confirmation_passed': False, 'cooldown_active': False}
2025-08-29 21:39:30 | INFO     | utils.logger:strategy:103 - STRATEGY: Adaptive Intelligence (buy_low_sell_high) | NEUTRAL | NVDA | {'strength': 0.35, 'rsi': np.float64(42.67963630482582), 'macd_histogram': 0, 'adx': np.float64(19.96086698670587), 'confirmation_passed': False, 'cooldown_active': False, 'market_regime': 'choppy', 'strategy_confidence': 0.8}
2025-08-29 21:39:30 | INFO     | utils.logger:info:50 - Using yfinance fallback for AMD data
2025-08-29 21:39:31 | INFO     | utils.logger:strategy:103 - STRATEGY: Smart Buy Low Sell High Strategy | NEUTRAL | AMD | {'strength': 0.35, 'rsi': np.float64(43.93850015131328), 'macd_histogram': np.float64(nan), 'adx': np.float64(12.400576271416295), 'confirmation_passed': False, 'cooldown_active': False}
2025-08-29 21:39:31 | INFO     | utils.logger:strategy:103 - STRATEGY: Adaptive Intelligence (buy_low_sell_high) | NEUTRAL | AMD | {'strength': 0.35, 'rsi': np.float64(43.93850015131328), 'macd_histogram': 0, 'adx': np.float64(12.400576271416295), 'confirmation_passed': False, 'cooldown_active': False, 'market_regime': 'trending', 'strategy_confidence': 0.5}
2025-08-29 21:39:59 | INFO     | utils.logger:info:50 - Using yfinance fallback for AAPL data
2025-08-29 21:40:00 | INFO     | utils.logger:strategy:103 - STRATEGY: Smart Buy Low Sell High Strategy | BUY | AAPL | {'strength': 0.7, 'rsi': np.float64(67.5545767684612), 'macd_histogram': np.float64(nan), 'adx': np.float64(29.98706472062788), 'confirmation_passed': True, 'cooldown_active': False}
2025-08-29 21:40:00 | INFO     | utils.logger:strategy:103 - STRATEGY: Adaptive Intelligence (buy_low_sell_high) | BUY | AAPL | {'strength': 0.7, 'rsi': np.float64(67.5545767684612), 'macd_histogram': 0, 'adx': np.float64(29.98706472062788), 'confirmation_passed': True, 'cooldown_active': False, 'market_regime': 'trending', 'strategy_confidence': 0.8}
2025-08-29 21:40:00 | INFO     | utils.logger:info:50 - Using yfinance fallback for MSFT data
2025-08-29 21:40:01 | INFO     | utils.logger:strategy:103 - STRATEGY: Smart Buy Low Sell High Strategy | NEUTRAL | MSFT | {'strength': 0.35, 'rsi': np.float64(45.61031530308201), 'macd_histogram': np.float64(nan), 'adx': np.float64(16.206875285466474), 'confirmation_passed': False, 'cooldown_active': False}
2025-08-29 21:40:01 | INFO     | utils.logger:strategy:103 - STRATEGY: Adaptive Intelligence (buy_low_sell_high) | NEUTRAL | MSFT | {'strength': 0.35, 'rsi': np.float64(45.61031530308201), 'macd_histogram': 0, 'adx': np.float64(16.206875285466474), 'confirmation_passed': False, 'cooldown_active': False, 'market_regime': 'choppy', 'strategy_confidence': 0.8}
2025-08-29 21:40:01 | INFO     | utils.logger:info:50 - Using yfinance fallback for GOOGL data
2025-08-29 21:40:01 | INFO     | utils.logger:strategy:103 - STRATEGY: Smart Buy Low Sell High Strategy | NEUTRAL | GOOGL | {'strength': 0.25, 'rsi': np.float64(74.66292088004028), 'macd_histogram': np.float64(nan), 'adx': np.float64(41.762571866789884), 'confirmation_passed': False, 'cooldown_active': False}
2025-08-29 21:40:01 | INFO     | utils.logger:strategy:103 - STRATEGY: Adaptive Intelligence (buy_low_sell_high) | NEUTRAL | GOOGL | {'strength': 0.25, 'rsi': np.float64(74.66292088004028), 'macd_histogram': 0, 'adx': np.float64(41.762571866789884), 'confirmation_passed': False, 'cooldown_active': False, 'market_regime': 'trending', 'strategy_confidence': 0.9}
2025-08-29 21:40:01 | INFO     | utils.logger:info:50 - Using yfinance fallback for TSLA data
2025-08-29 21:40:01 | INFO     | utils.logger:strategy:103 - STRATEGY: Smart Buy Low Sell High Strategy | NEUTRAL | TSLA | {'strength': 0.35, 'rsi': np.float64(50.08601531179057), 'macd_histogram': np.float64(nan), 'adx': np.float64(7.752978020379523), 'confirmation_passed': False, 'cooldown_active': False}
2025-08-29 21:40:01 | INFO     | utils.logger:strategy:103 - STRATEGY: Adaptive Intelligence (buy_low_sell_high) | NEUTRAL | TSLA | {'strength': 0.35, 'rsi': np.float64(50.08601531179057), 'macd_histogram': 0, 'adx': np.float64(7.752978020379523), 'confirmation_passed': False, 'cooldown_active': False, 'market_regime': 'trending', 'strategy_confidence': 0.5}
2025-08-29 21:40:01 | INFO     | utils.logger:info:50 - Using yfinance fallback for AMZN data
2025-08-29 21:40:02 | INFO     | utils.logger:strategy:103 - STRATEGY: Smart Buy Low Sell High Strategy | NEUTRAL | AMZN | {'strength': 0.35, 'rsi': np.float64(52.69561468691688), 'macd_histogram': np.float64(nan), 'adx': np.float64(9.341967036167873), 'confirmation_passed': False, 'cooldown_active': False}
2025-08-29 21:40:02 | INFO     | utils.logger:strategy:103 - STRATEGY: Adaptive Intelligence (buy_low_sell_high) | NEUTRAL | AMZN | {'strength': 0.35, 'rsi': np.float64(52.69561468691688), 'macd_histogram': 0, 'adx': np.float64(9.341967036167873), 'confirmation_passed': False, 'cooldown_active': False, 'market_regime': 'choppy', 'strategy_confidence': 0.8}
2025-08-29 21:40:02 | INFO     | utils.logger:info:50 - Using yfinance fallback for NVDA data
2025-08-29 21:40:02 | INFO     | utils.logger:strategy:103 - STRATEGY: Smart Buy Low Sell High Strategy | NEUTRAL | NVDA | {'strength': 0.35, 'rsi': np.float64(42.663851953844784), 'macd_histogram': np.float64(nan), 'adx': np.float64(19.96086698670587), 'confirmation_passed': False, 'cooldown_active': False}
2025-08-29 21:40:02 | INFO     | utils.logger:strategy:103 - STRATEGY: Adaptive Intelligence (buy_low_sell_high) | NEUTRAL | NVDA | {'strength': 0.35, 'rsi': np.float64(42.663851953844784), 'macd_histogram': 0, 'adx': np.float64(19.96086698670587), 'confirmation_passed': False, 'cooldown_active': False, 'market_regime': 'choppy', 'strategy_confidence': 0.8}
2025-08-29 21:40:02 | INFO     | utils.logger:info:50 - Using yfinance fallback for AMD data
2025-08-29 21:40:02 | INFO     | utils.logger:strategy:103 - STRATEGY: Smart Buy Low Sell High Strategy | NEUTRAL | AMD | {'strength': 0.35, 'rsi': np.float64(43.88158474448603), 'macd_histogram': np.float64(nan), 'adx': np.float64(12.400576271416295), 'confirmation_passed': False, 'cooldown_active': False}
2025-08-29 21:40:02 | INFO     | utils.logger:strategy:103 - STRATEGY: Adaptive Intelligence (buy_low_sell_high) | NEUTRAL | AMD | {'strength': 0.35, 'rsi': np.float64(43.88158474448603), 'macd_histogram': 0, 'adx': np.float64(12.400576271416295), 'confirmation_passed': False, 'cooldown_active': False, 'market_regime': 'trending', 'strategy_confidence': 0.5}
2025-08-29 21:41:32 | INFO     | utils.logger:info:50 - Using yfinance fallback for AAPL data
2025-08-29 21:41:32 | INFO     | utils.logger:strategy:103 - STRATEGY: Smart Buy Low Sell High Strategy | BUY | AAPL | {'strength': 0.7, 'rsi': np.float64(67.6408830224756), 'macd_histogram': np.float64(nan), 'adx': np.float64(29.98706472062788), 'confirmation_passed': True, 'cooldown_active': False}
2025-08-29 21:41:32 | INFO     | utils.logger:strategy:103 - STRATEGY: Adaptive Intelligence (buy_low_sell_high) | BUY | AAPL | {'strength': 0.7, 'rsi': np.float64(67.6408830224756), 'macd_histogram': 0, 'adx': np.float64(29.98706472062788), 'confirmation_passed': True, 'cooldown_active': False, 'market_regime': 'trending', 'strategy_confidence': 0.8}
2025-08-29 21:41:32 | INFO     | utils.logger:info:50 - Using yfinance fallback for MSFT data
2025-08-29 21:41:33 | INFO     | utils.logger:strategy:103 - STRATEGY: Smart Buy Low Sell High Strategy | NEUTRAL | MSFT | {'strength': 0.35, 'rsi': np.float64(45.93950306352091), 'macd_histogram': np.float64(nan), 'adx': np.float64(16.206875285466474), 'confirmation_passed': False, 'cooldown_active': False}
2025-08-29 21:41:33 | INFO     | utils.logger:strategy:103 - STRATEGY: Adaptive Intelligence (buy_low_sell_high) | NEUTRAL | MSFT | {'strength': 0.35, 'rsi': np.float64(45.93950306352091), 'macd_histogram': 0, 'adx': np.float64(16.206875285466474), 'confirmation_passed': False, 'cooldown_active': False, 'market_regime': 'choppy', 'strategy_confidence': 0.8}
2025-08-29 21:41:33 | INFO     | utils.logger:info:50 - Using yfinance fallback for GOOGL data
2025-08-29 21:41:33 | INFO     | utils.logger:strategy:103 - STRATEGY: Smart Buy Low Sell High Strategy | NEUTRAL | GOOGL | {'strength': 0.25, 'rsi': np.float64(74.82292033542464), 'macd_histogram': np.float64(nan), 'adx': np.float64(41.762571866789884), 'confirmation_passed': False, 'cooldown_active': False}
2025-08-29 21:41:33 | INFO     | utils.logger:strategy:103 - STRATEGY: Adaptive Intelligence (buy_low_sell_high) | NEUTRAL | GOOGL | {'strength': 0.25, 'rsi': np.float64(74.82292033542464), 'macd_histogram': 0, 'adx': np.float64(41.762571866789884), 'confirmation_passed': False, 'cooldown_active': False, 'market_regime': 'trending', 'strategy_confidence': 0.9}
2025-08-29 21:41:33 | INFO     | utils.logger:info:50 - Using yfinance fallback for TSLA data
2025-08-29 21:41:33 | INFO     | utils.logger:strategy:103 - STRATEGY: Smart Buy Low Sell High Strategy | NEUTRAL | TSLA | {'strength': 0.35, 'rsi': np.float64(50.24008841560233), 'macd_histogram': np.float64(nan), 'adx': np.float64(7.752978020379523), 'confirmation_passed': False, 'cooldown_active': False}
2025-08-29 21:41:33 | INFO     | utils.logger:strategy:103 - STRATEGY: Adaptive Intelligence (buy_low_sell_high) | NEUTRAL | TSLA | {'strength': 0.35, 'rsi': np.float64(50.24008841560233), 'macd_histogram': 0, 'adx': np.float64(7.752978020379523), 'confirmation_passed': False, 'cooldown_active': False, 'market_regime': 'trending', 'strategy_confidence': 0.5}
2025-08-29 21:41:33 | INFO     | utils.logger:info:50 - Using yfinance fallback for AMZN data
2025-08-29 21:41:34 | INFO     | utils.logger:strategy:103 - STRATEGY: Smart Buy Low Sell High Strategy | NEUTRAL | AMZN | {'strength': 0.35, 'rsi': np.float64(52.81805265431912), 'macd_histogram': np.float64(nan), 'adx': np.float64(9.341967036167873), 'confirmation_passed': False, 'cooldown_active': False}
2025-08-29 21:41:34 | INFO     | utils.logger:strategy:103 - STRATEGY: Adaptive Intelligence (buy_low_sell_high) | NEUTRAL | AMZN | {'strength': 0.35, 'rsi': np.float64(52.81805265431912), 'macd_histogram': 0, 'adx': np.float64(9.341967036167873), 'confirmation_passed': False, 'cooldown_active': False, 'market_regime': 'choppy', 'strategy_confidence': 0.8}
2025-08-29 21:41:34 | INFO     | utils.logger:info:50 - Using yfinance fallback for NVDA data
2025-08-29 21:41:34 | INFO     | utils.logger:strategy:103 - STRATEGY: Smart Buy Low Sell High Strategy | NEUTRAL | NVDA | {'strength': 0.35, 'rsi': np.float64(42.830002524747), 'macd_histogram': np.float64(nan), 'adx': np.float64(19.96086698670587), 'confirmation_passed': False, 'cooldown_active': False}
2025-08-29 21:41:34 | INFO     | utils.logger:strategy:103 - STRATEGY: Adaptive Intelligence (buy_low_sell_high) | NEUTRAL | NVDA | {'strength': 0.35, 'rsi': np.float64(42.830002524747), 'macd_histogram': 0, 'adx': np.float64(19.96086698670587), 'confirmation_passed': False, 'cooldown_active': False, 'market_regime': 'choppy', 'strategy_confidence': 0.8}
2025-08-29 21:41:34 | INFO     | utils.logger:info:50 - Using yfinance fallback for AMD data
2025-08-29 21:41:34 | INFO     | utils.logger:strategy:103 - STRATEGY: Smart Buy Low Sell High Strategy | NEUTRAL | AMD | {'strength': 0.35, 'rsi': np.float64(44.024150628312604), 'macd_histogram': np.float64(nan), 'adx': np.float64(12.400576271416295), 'confirmation_passed': False, 'cooldown_active': False}
2025-08-29 21:41:34 | INFO     | utils.logger:strategy:103 - STRATEGY: Adaptive Intelligence (buy_low_sell_high) | NEUTRAL | AMD | {'strength': 0.35, 'rsi': np.float64(44.024150628312604), 'macd_histogram': 0, 'adx': np.float64(12.400576271416295), 'confirmation_passed': False, 'cooldown_active': False, 'market_regime': 'trending', 'strategy_confidence': 0.5}
2025-08-29 21:42:04 | INFO     | utils.logger:info:50 - Using yfinance fallback for AAPL data
2025-08-29 21:42:04 | INFO     | utils.logger:strategy:103 - STRATEGY: Smart Buy Low Sell High Strategy | BUY | AAPL | {'strength': 0.7, 'rsi': np.float64(67.6284745309745), 'macd_histogram': np.float64(nan), 'adx': np.float64(29.98706472062788), 'confirmation_passed': True, 'cooldown_active': False}
2025-08-29 21:42:04 | INFO     | utils.logger:strategy:103 - STRATEGY: Adaptive Intelligence (buy_low_sell_high) | BUY | AAPL | {'strength': 0.7, 'rsi': np.float64(67.6284745309745), 'macd_histogram': 0, 'adx': np.float64(29.98706472062788), 'confirmation_passed': True, 'cooldown_active': False, 'market_regime': 'trending', 'strategy_confidence': 0.8}
2025-08-29 21:42:04 | INFO     | utils.logger:info:50 - Using yfinance fallback for MSFT data
2025-08-29 21:42:04 | INFO     | utils.logger:strategy:103 - STRATEGY: Smart Buy Low Sell High Strategy | NEUTRAL | MSFT | {'strength': 0.35, 'rsi': np.float64(45.92398510037802), 'macd_histogram': np.float64(nan), 'adx': np.float64(16.206875285466474), 'confirmation_passed': False, 'cooldown_active': False}
2025-08-29 21:42:04 | INFO     | utils.logger:strategy:103 - STRATEGY: Adaptive Intelligence (buy_low_sell_high) | NEUTRAL | MSFT | {'strength': 0.35, 'rsi': np.float64(45.92398510037802), 'macd_histogram': 0, 'adx': np.float64(16.206875285466474), 'confirmation_passed': False, 'cooldown_active': False, 'market_regime': 'choppy', 'strategy_confidence': 0.8}
2025-08-29 21:42:05 | INFO     | utils.logger:info:50 - Using yfinance fallback for GOOGL data
2025-08-29 21:42:05 | INFO     | utils.logger:strategy:103 - STRATEGY: Smart Buy Low Sell High Strategy | NEUTRAL | GOOGL | {'strength': 0.25, 'rsi': np.float64(74.89782104915955), 'macd_histogram': np.float64(nan), 'adx': np.float64(41.762571866789884), 'confirmation_passed': False, 'cooldown_active': False}
2025-08-29 21:42:05 | INFO     | utils.logger:strategy:103 - STRATEGY: Adaptive Intelligence (buy_low_sell_high) | NEUTRAL | GOOGL | {'strength': 0.25, 'rsi': np.float64(74.89782104915955), 'macd_histogram': 0, 'adx': np.float64(41.762571866789884), 'confirmation_passed': False, 'cooldown_active': False, 'market_regime': 'trending', 'strategy_confidence': 0.9}
2025-08-29 21:42:05 | INFO     | utils.logger:info:50 - Using yfinance fallback for TSLA data
2025-08-29 21:42:05 | INFO     | utils.logger:strategy:103 - STRATEGY: Smart Buy Low Sell High Strategy | NEUTRAL | TSLA | {'strength': 0.35, 'rsi': np.float64(50.0675907696357), 'macd_histogram': np.float64(nan), 'adx': np.float64(7.752978020379523), 'confirmation_passed': False, 'cooldown_active': False}
2025-08-29 21:42:05 | INFO     | utils.logger:strategy:103 - STRATEGY: Adaptive Intelligence (buy_low_sell_high) | NEUTRAL | TSLA | {'strength': 0.35, 'rsi': np.float64(50.0675907696357), 'macd_histogram': 0, 'adx': np.float64(7.752978020379523), 'confirmation_passed': False, 'cooldown_active': False, 'market_regime': 'trending', 'strategy_confidence': 0.5}
2025-08-29 21:42:05 | INFO     | utils.logger:info:50 - Using yfinance fallback for AMZN data
2025-08-29 21:42:06 | INFO     | utils.logger:strategy:103 - STRATEGY: Smart Buy Low Sell High Strategy | NEUTRAL | AMZN | {'strength': 0.35, 'rsi': np.float64(52.73019140627595), 'macd_histogram': np.float64(nan), 'adx': np.float64(9.341967036167873), 'confirmation_passed': False, 'cooldown_active': False}
2025-08-29 21:42:06 | INFO     | utils.logger:strategy:103 - STRATEGY: Adaptive Intelligence (buy_low_sell_high) | NEUTRAL | AMZN | {'strength': 0.35, 'rsi': np.float64(52.73019140627595), 'macd_histogram': 0, 'adx': np.float64(9.341967036167873), 'confirmation_passed': False, 'cooldown_active': False, 'market_regime': 'choppy', 'strategy_confidence': 0.8}
2025-08-29 21:42:06 | INFO     | utils.logger:info:50 - Using yfinance fallback for NVDA data
2025-08-29 21:42:06 | INFO     | utils.logger:strategy:103 - STRATEGY: Smart Buy Low Sell High Strategy | NEUTRAL | NVDA | {'strength': 0.35, 'rsi': np.float64(42.782568332975615), 'macd_histogram': np.float64(nan), 'adx': np.float64(19.96086698670587), 'confirmation_passed': False, 'cooldown_active': False}
2025-08-29 21:42:06 | INFO     | utils.logger:strategy:103 - STRATEGY: Adaptive Intelligence (buy_low_sell_high) | NEUTRAL | NVDA | {'strength': 0.35, 'rsi': np.float64(42.782568332975615), 'macd_histogram': 0, 'adx': np.float64(19.96086698670587), 'confirmation_passed': False, 'cooldown_active': False, 'market_regime': 'choppy', 'strategy_confidence': 0.8}
2025-08-29 21:42:06 | INFO     | utils.logger:info:50 - Using yfinance fallback for AMD data
2025-08-29 21:42:06 | INFO     | utils.logger:strategy:103 - STRATEGY: Smart Buy Low Sell High Strategy | NEUTRAL | AMD | {'strength': 0.35, 'rsi': np.float64(43.97652101010523), 'macd_histogram': np.float64(nan), 'adx': np.float64(12.400576271416295), 'confirmation_passed': False, 'cooldown_active': False}
2025-08-29 21:42:06 | INFO     | utils.logger:strategy:103 - STRATEGY: Adaptive Intelligence (buy_low_sell_high) | NEUTRAL | AMD | {'strength': 0.35, 'rsi': np.float64(43.97652101010523), 'macd_histogram': 0, 'adx': np.float64(12.400576271416295), 'confirmation_passed': False, 'cooldown_active': False, 'market_regime': 'trending', 'strategy_confidence': 0.5}
2025-08-29 21:43:35 | INFO     | utils.logger:info:50 - Using yfinance fallback for AAPL data
2025-08-29 21:43:36 | INFO     | utils.logger:strategy:103 - STRATEGY: Smart Buy Low Sell High Strategy | BUY | AAPL | {'strength': 0.7, 'rsi': np.float64(67.68980557376744), 'macd_histogram': np.float64(nan), 'adx': np.float64(29.98706472062788), 'confirmation_passed': True, 'cooldown_active': False}
2025-08-29 21:43:36 | INFO     | utils.logger:strategy:103 - STRATEGY: Adaptive Intelligence (buy_low_sell_high) | BUY | AAPL | {'strength': 0.7, 'rsi': np.float64(67.68980557376744), 'macd_histogram': 0, 'adx': np.float64(29.98706472062788), 'confirmation_passed': True, 'cooldown_active': False, 'market_regime': 'trending', 'strategy_confidence': 0.8}
2025-08-29 21:43:36 | INFO     | utils.logger:info:50 - Using yfinance fallback for MSFT data
2025-08-29 21:43:37 | INFO     | utils.logger:strategy:103 - STRATEGY: Smart Buy Low Sell High Strategy | NEUTRAL | MSFT | {'strength': 0.35, 'rsi': np.float64(45.87962846765599), 'macd_histogram': np.float64(nan), 'adx': np.float64(16.206875285466474), 'confirmation_passed': False, 'cooldown_active': False}
2025-08-29 21:43:37 | INFO     | utils.logger:strategy:103 - STRATEGY: Adaptive Intelligence (buy_low_sell_high) | NEUTRAL | MSFT | {'strength': 0.35, 'rsi': np.float64(45.87962846765599), 'macd_histogram': 0, 'adx': np.float64(16.206875285466474), 'confirmation_passed': False, 'cooldown_active': False, 'market_regime': 'choppy', 'strategy_confidence': 0.8}
2025-08-29 21:43:37 | INFO     | utils.logger:info:50 - Using yfinance fallback for GOOGL data
2025-08-29 21:43:37 | INFO     | utils.logger:strategy:103 - STRATEGY: Smart Buy Low Sell High Strategy | NEUTRAL | GOOGL | {'strength': 0.25, 'rsi': np.float64(74.87302988404778), 'macd_histogram': np.float64(nan), 'adx': np.float64(41.762571866789884), 'confirmation_passed': False, 'cooldown_active': False}
2025-08-29 21:43:37 | INFO     | utils.logger:strategy:103 - STRATEGY: Adaptive Intelligence (buy_low_sell_high) | NEUTRAL | GOOGL | {'strength': 0.25, 'rsi': np.float64(74.87302988404778), 'macd_histogram': 0, 'adx': np.float64(41.762571866789884), 'confirmation_passed': False, 'cooldown_active': False, 'market_regime': 'trending', 'strategy_confidence': 0.9}
2025-08-29 21:43:37 | INFO     | utils.logger:info:50 - Using yfinance fallback for TSLA data
2025-08-29 21:43:37 | INFO     | utils.logger:strategy:103 - STRATEGY: Smart Buy Low Sell High Strategy | NEUTRAL | TSLA | {'strength': 0.35, 'rsi': np.float64(50.16594297063672), 'macd_histogram': np.float64(nan), 'adx': np.float64(7.752978020379523), 'confirmation_passed': False, 'cooldown_active': False}
2025-08-29 21:43:37 | INFO     | utils.logger:strategy:103 - STRATEGY: Adaptive Intelligence (buy_low_sell_high) | NEUTRAL | TSLA | {'strength': 0.35, 'rsi': np.float64(50.16594297063672), 'macd_histogram': 0, 'adx': np.float64(7.752978020379523), 'confirmation_passed': False, 'cooldown_active': False, 'market_regime': 'trending', 'strategy_confidence': 0.5}
2025-08-29 21:43:38 | INFO     | utils.logger:info:50 - Using yfinance fallback for AMZN data
2025-08-29 21:43:38 | INFO     | utils.logger:strategy:103 - STRATEGY: Smart Buy Low Sell High Strategy | NEUTRAL | AMZN | {'strength': 0.35, 'rsi': np.float64(52.79406590595007), 'macd_histogram': np.float64(nan), 'adx': np.float64(9.341967036167873), 'confirmation_passed': False, 'cooldown_active': False}
2025-08-29 21:43:38 | INFO     | utils.logger:strategy:103 - STRATEGY: Adaptive Intelligence (buy_low_sell_high) | NEUTRAL | AMZN | {'strength': 0.35, 'rsi': np.float64(52.79406590595007), 'macd_histogram': 0, 'adx': np.float64(9.341967036167873), 'confirmation_passed': False, 'cooldown_active': False, 'market_regime': 'choppy', 'strategy_confidence': 0.8}
2025-08-29 21:43:38 | INFO     | utils.logger:info:50 - Using yfinance fallback for NVDA data
2025-08-29 21:43:38 | INFO     | utils.logger:strategy:103 - STRATEGY: Smart Buy Low Sell High Strategy | NEUTRAL | NVDA | {'strength': 0.35, 'rsi': np.float64(42.94150664193166), 'macd_histogram': np.float64(nan), 'adx': np.float64(19.96086698670587), 'confirmation_passed': False, 'cooldown_active': False}
2025-08-29 21:43:38 | INFO     | utils.logger:strategy:103 - STRATEGY: Adaptive Intelligence (buy_low_sell_high) | NEUTRAL | NVDA | {'strength': 0.35, 'rsi': np.float64(42.94150664193166), 'macd_histogram': 0, 'adx': np.float64(19.96086698670587), 'confirmation_passed': False, 'cooldown_active': False, 'market_regime': 'choppy', 'strategy_confidence': 0.8}
2025-08-29 21:43:38 | INFO     | utils.logger:info:50 - Using yfinance fallback for AMD data
2025-08-29 21:43:39 | INFO     | utils.logger:strategy:103 - STRATEGY: Smart Buy Low Sell High Strategy | NEUTRAL | AMD | {'strength': 0.35, 'rsi': np.float64(43.93850015131328), 'macd_histogram': np.float64(nan), 'adx': np.float64(12.400576271416295), 'confirmation_passed': False, 'cooldown_active': False}
2025-08-29 21:43:39 | INFO     | utils.logger:strategy:103 - STRATEGY: Adaptive Intelligence (buy_low_sell_high) | NEUTRAL | AMD | {'strength': 0.35, 'rsi': np.float64(43.93850015131328), 'macd_histogram': 0, 'adx': np.float64(12.400576271416295), 'confirmation_passed': False, 'cooldown_active': False, 'market_regime': 'trending', 'strategy_confidence': 0.5}
2025-08-29 21:44:07 | INFO     | utils.logger:info:50 - Using yfinance fallback for AAPL data
2025-08-29 21:44:08 | INFO     | utils.logger:strategy:103 - STRATEGY: Smart Buy Low Sell High Strategy | BUY | AAPL | {'strength': 0.7, 'rsi': np.float64(67.78744960719791), 'macd_histogram': np.float64(nan), 'adx': np.float64(29.98706472062788), 'confirmation_passed': True, 'cooldown_active': False}
2025-08-29 21:44:08 | INFO     | utils.logger:strategy:103 - STRATEGY: Adaptive Intelligence (buy_low_sell_high) | BUY | AAPL | {'strength': 0.7, 'rsi': np.float64(67.78744960719791), 'macd_histogram': 0, 'adx': np.float64(29.98706472062788), 'confirmation_passed': True, 'cooldown_active': False, 'market_regime': 'trending', 'strategy_confidence': 0.8}
2025-08-29 21:44:08 | INFO     | utils.logger:info:50 - Using yfinance fallback for MSFT data
2025-08-29 21:44:08 | INFO     | utils.logger:strategy:103 - STRATEGY: Smart Buy Low Sell High Strategy | NEUTRAL | MSFT | {'strength': 0.35, 'rsi': np.float64(46.01298640810984), 'macd_histogram': np.float64(nan), 'adx': np.float64(16.206875285466474), 'confirmation_passed': False, 'cooldown_active': False}
2025-08-29 21:44:08 | INFO     | utils.logger:strategy:103 - STRATEGY: Adaptive Intelligence (buy_low_sell_high) | NEUTRAL | MSFT | {'strength': 0.35, 'rsi': np.float64(46.01298640810984), 'macd_histogram': 0, 'adx': np.float64(16.206875285466474), 'confirmation_passed': False, 'cooldown_active': False, 'market_regime': 'choppy', 'strategy_confidence': 0.8}
2025-08-29 21:44:08 | INFO     | utils.logger:info:50 - Using yfinance fallback for GOOGL data
2025-08-29 21:44:09 | INFO     | utils.logger:strategy:103 - STRATEGY: Smart Buy Low Sell High Strategy | NEUTRAL | GOOGL | {'strength': 0.25, 'rsi': np.float64(74.89782104915955), 'macd_histogram': np.float64(nan), 'adx': np.float64(41.762571866789884), 'confirmation_passed': False, 'cooldown_active': False}
2025-08-29 21:44:09 | INFO     | utils.logger:strategy:103 - STRATEGY: Adaptive Intelligence (buy_low_sell_high) | NEUTRAL | GOOGL | {'strength': 0.25, 'rsi': np.float64(74.89782104915955), 'macd_histogram': 0, 'adx': np.float64(41.762571866789884), 'confirmation_passed': False, 'cooldown_active': False, 'market_regime': 'trending', 'strategy_confidence': 0.9}
2025-08-29 21:44:09 | INFO     | utils.logger:info:50 - Using yfinance fallback for TSLA data
2025-08-29 21:44:09 | INFO     | utils.logger:strategy:103 - STRATEGY: Smart Buy Low Sell High Strategy | NEUTRAL | TSLA | {'strength': 0.35, 'rsi': np.float64(50.28340343216185), 'macd_histogram': np.float64(nan), 'adx': np.float64(7.752978020379523), 'confirmation_passed': False, 'cooldown_active': False}
2025-08-29 21:44:09 | INFO     | utils.logger:strategy:103 - STRATEGY: Adaptive Intelligence (buy_low_sell_high) | NEUTRAL | TSLA | {'strength': 0.35, 'rsi': np.float64(50.28340343216185), 'macd_histogram': 0, 'adx': np.float64(7.752978020379523), 'confirmation_passed': False, 'cooldown_active': False, 'market_regime': 'trending', 'strategy_confidence': 0.5}
2025-08-29 21:44:09 | INFO     | utils.logger:info:50 - Using yfinance fallback for AMZN data
2025-08-29 21:44:10 | INFO     | utils.logger:strategy:103 - STRATEGY: Smart Buy Low Sell High Strategy | NEUTRAL | AMZN | {'strength': 0.35, 'rsi': np.float64(52.84206120914009), 'macd_histogram': np.float64(nan), 'adx': np.float64(9.341967036167873), 'confirmation_passed': False, 'cooldown_active': False}
2025-08-29 21:44:10 | INFO     | utils.logger:strategy:103 - STRATEGY: Adaptive Intelligence (buy_low_sell_high) | NEUTRAL | AMZN | {'strength': 0.35, 'rsi': np.float64(52.84206120914009), 'macd_histogram': 0, 'adx': np.float64(9.341967036167873), 'confirmation_passed': False, 'cooldown_active': False, 'market_regime': 'choppy', 'strategy_confidence': 0.8}
2025-08-29 21:44:10 | INFO     | utils.logger:info:50 - Using yfinance fallback for NVDA data
2025-08-29 21:44:10 | INFO     | utils.logger:strategy:103 - STRATEGY: Smart Buy Low Sell High Strategy | NEUTRAL | NVDA | {'strength': 0.35, 'rsi': np.float64(43.04556030142507), 'macd_histogram': np.float64(nan), 'adx': np.float64(19.96086698670587), 'confirmation_passed': False, 'cooldown_active': False}
2025-08-29 21:44:10 | INFO     | utils.logger:strategy:103 - STRATEGY: Adaptive Intelligence (buy_low_sell_high) | NEUTRAL | NVDA | {'strength': 0.35, 'rsi': np.float64(43.04556030142507), 'macd_histogram': 0, 'adx': np.float64(19.96086698670587), 'confirmation_passed': False, 'cooldown_active': False, 'market_regime': 'choppy', 'strategy_confidence': 0.8}
2025-08-29 21:44:10 | INFO     | utils.logger:info:50 - Using yfinance fallback for AMD data
2025-08-29 21:44:10 | INFO     | utils.logger:strategy:103 - STRATEGY: Smart Buy Low Sell High Strategy | NEUTRAL | AMD | {'strength': 0.35, 'rsi': np.float64(43.990797617855186), 'macd_histogram': np.float64(nan), 'adx': np.float64(12.400576271416295), 'confirmation_passed': False, 'cooldown_active': False}
2025-08-29 21:44:10 | INFO     | utils.logger:strategy:103 - STRATEGY: Adaptive Intelligence (buy_low_sell_high) | NEUTRAL | AMD | {'strength': 0.35, 'rsi': np.float64(43.990797617855186), 'macd_histogram': 0, 'adx': np.float64(12.400576271416295), 'confirmation_passed': False, 'cooldown_active': False, 'market_regime': 'trending', 'strategy_confidence': 0.5}
2025-08-29 21:45:40 | INFO     | utils.logger:info:50 - Using yfinance fallback for AAPL data
2025-08-29 21:45:40 | INFO     | utils.logger:strategy:103 - STRATEGY: Smart Buy Low Sell High Strategy | BUY | AAPL | {'strength': 0.7, 'rsi': np.float64(67.61618787757018), 'macd_histogram': np.float64(nan), 'adx': np.float64(29.98706472062788), 'confirmation_passed': True, 'cooldown_active': False}
2025-08-29 21:45:40 | INFO     | utils.logger:strategy:103 - STRATEGY: Adaptive Intelligence (buy_low_sell_high) | BUY | AAPL | {'strength': 0.7, 'rsi': np.float64(67.61618787757018), 'macd_histogram': 0, 'adx': np.float64(29.98706472062788), 'confirmation_passed': True, 'cooldown_active': False, 'market_regime': 'trending', 'strategy_confidence': 0.8}
2025-08-29 21:45:40 | INFO     | utils.logger:info:50 - Using yfinance fallback for MSFT data
2025-08-29 21:45:41 | INFO     | utils.logger:strategy:103 - STRATEGY: Smart Buy Low Sell High Strategy | NEUTRAL | MSFT | {'strength': 0.35, 'rsi': np.float64(45.96845776462573), 'macd_histogram': np.float64(nan), 'adx': np.float64(16.206875285466474), 'confirmation_passed': False, 'cooldown_active': False}
2025-08-29 21:45:41 | INFO     | utils.logger:strategy:103 - STRATEGY: Adaptive Intelligence (buy_low_sell_high) | NEUTRAL | MSFT | {'strength': 0.35, 'rsi': np.float64(45.96845776462573), 'macd_histogram': 0, 'adx': np.float64(16.206875285466474), 'confirmation_passed': False, 'cooldown_active': False, 'market_regime': 'choppy', 'strategy_confidence': 0.8}
2025-08-29 21:45:41 | INFO     | utils.logger:info:50 - Using yfinance fallback for GOOGL data
2025-08-29 21:45:41 | INFO     | utils.logger:strategy:103 - STRATEGY: Smart Buy Low Sell High Strategy | NEUTRAL | GOOGL | {'strength': 0.25, 'rsi': np.float64(74.88791952947136), 'macd_histogram': np.float64(nan), 'adx': np.float64(41.762571866789884), 'confirmation_passed': False, 'cooldown_active': False}
2025-08-29 21:45:41 | INFO     | utils.logger:strategy:103 - STRATEGY: Adaptive Intelligence (buy_low_sell_high) | NEUTRAL | GOOGL | {'strength': 0.25, 'rsi': np.float64(74.88791952947136), 'macd_histogram': 0, 'adx': np.float64(41.762571866789884), 'confirmation_passed': False, 'cooldown_active': False, 'market_regime': 'trending', 'strategy_confidence': 0.9}
2025-08-29 21:45:41 | INFO     | utils.logger:info:50 - Using yfinance fallback for TSLA data
2025-08-29 21:45:41 | INFO     | utils.logger:strategy:103 - STRATEGY: Smart Buy Low Sell High Strategy | NEUTRAL | TSLA | {'strength': 0.35, 'rsi': np.float64(50.43744024770804), 'macd_histogram': np.float64(nan), 'adx': np.float64(7.752978020379523), 'confirmation_passed': False, 'cooldown_active': False}
2025-08-29 21:45:41 | INFO     | utils.logger:strategy:103 - STRATEGY: Adaptive Intelligence (buy_low_sell_high) | NEUTRAL | TSLA | {'strength': 0.35, 'rsi': np.float64(50.43744024770804), 'macd_histogram': 0, 'adx': np.float64(7.752978020379523), 'confirmation_passed': False, 'cooldown_active': False, 'market_regime': 'trending', 'strategy_confidence': 0.5}
2025-08-29 21:45:42 | INFO     | utils.logger:info:50 - Using yfinance fallback for AMZN data
2025-08-29 21:45:42 | INFO     | utils.logger:strategy:103 - STRATEGY: Smart Buy Low Sell High Strategy | NEUTRAL | AMZN | {'strength': 0.35, 'rsi': np.float64(52.90618269300146), 'macd_histogram': np.float64(nan), 'adx': np.float64(9.341967036167873), 'confirmation_passed': False, 'cooldown_active': False}
2025-08-29 21:45:42 | INFO     | utils.logger:strategy:103 - STRATEGY: Adaptive Intelligence (buy_low_sell_high) | NEUTRAL | AMZN | {'strength': 0.35, 'rsi': np.float64(52.90618269300146), 'macd_histogram': 0, 'adx': np.float64(9.341967036167873), 'confirmation_passed': False, 'cooldown_active': False, 'market_regime': 'choppy', 'strategy_confidence': 0.8}
2025-08-29 21:45:42 | INFO     | utils.logger:info:50 - Using yfinance fallback for NVDA data
2025-08-29 21:45:42 | INFO     | utils.logger:strategy:103 - STRATEGY: Smart Buy Low Sell High Strategy | NEUTRAL | NVDA | {'strength': 0.35, 'rsi': np.float64(42.97347516419161), 'macd_histogram': np.float64(nan), 'adx': np.float64(19.96086698670587), 'confirmation_passed': False, 'cooldown_active': False}
2025-08-29 21:45:42 | INFO     | utils.logger:strategy:103 - STRATEGY: Adaptive Intelligence (buy_low_sell_high) | NEUTRAL | NVDA | {'strength': 0.35, 'rsi': np.float64(42.97347516419161), 'macd_histogram': 0, 'adx': np.float64(19.96086698670587), 'confirmation_passed': False, 'cooldown_active': False, 'market_regime': 'choppy', 'strategy_confidence': 0.8}
2025-08-29 21:45:42 | INFO     | utils.logger:info:50 - Using yfinance fallback for AMD data
2025-08-29 21:45:43 | INFO     | utils.logger:strategy:103 - STRATEGY: Smart Buy Low Sell High Strategy | NEUTRAL | AMD | {'strength': 0.35, 'rsi': np.float64(43.79648756665079), 'macd_histogram': np.float64(nan), 'adx': np.float64(12.400576271416295), 'confirmation_passed': False, 'cooldown_active': False}
2025-08-29 21:45:43 | INFO     | utils.logger:strategy:103 - STRATEGY: Adaptive Intelligence (buy_low_sell_high) | NEUTRAL | AMD | {'strength': 0.35, 'rsi': np.float64(43.79648756665079), 'macd_histogram': 0, 'adx': np.float64(12.400576271416295), 'confirmation_passed': False, 'cooldown_active': False, 'market_regime': 'trending', 'strategy_confidence': 0.5}
2025-08-29 21:46:11 | INFO     | utils.logger:info:50 - Using yfinance fallback for AAPL data
2025-08-29 21:46:12 | INFO     | utils.logger:strategy:103 - STRATEGY: Smart Buy Low Sell High Strategy | BUY | AAPL | {'strength': 0.7, 'rsi': np.float64(67.61618787757018), 'macd_histogram': np.float64(nan), 'adx': np.float64(29.98706472062788), 'confirmation_passed': True, 'cooldown_active': False}
2025-08-29 21:46:12 | INFO     | utils.logger:strategy:103 - STRATEGY: Adaptive Intelligence (buy_low_sell_high) | BUY | AAPL | {'strength': 0.7, 'rsi': np.float64(67.61618787757018), 'macd_histogram': 0, 'adx': np.float64(29.98706472062788), 'confirmation_passed': True, 'cooldown_active': False, 'market_regime': 'trending', 'strategy_confidence': 0.8}
2025-08-29 21:46:12 | INFO     | utils.logger:info:50 - Using yfinance fallback for MSFT data
2025-08-29 21:46:12 | INFO     | utils.logger:strategy:103 - STRATEGY: Smart Buy Low Sell High Strategy | NEUTRAL | MSFT | {'strength': 0.35, 'rsi': np.float64(45.859915200586855), 'macd_histogram': np.float64(nan), 'adx': np.float64(16.206875285466474), 'confirmation_passed': False, 'cooldown_active': False}
2025-08-29 21:46:12 | INFO     | utils.logger:strategy:103 - STRATEGY: Adaptive Intelligence (buy_low_sell_high) | NEUTRAL | MSFT | {'strength': 0.35, 'rsi': np.float64(45.859915200586855), 'macd_histogram': 0, 'adx': np.float64(16.206875285466474), 'confirmation_passed': False, 'cooldown_active': False, 'market_regime': 'choppy', 'strategy_confidence': 0.8}
2025-08-29 21:46:12 | INFO     | utils.logger:info:50 - Using yfinance fallback for GOOGL data
2025-08-29 21:46:13 | INFO     | utils.logger:strategy:103 - STRATEGY: Smart Buy Low Sell High Strategy | NEUTRAL | GOOGL | {'strength': 0.25, 'rsi': np.float64(74.82830040133298), 'macd_histogram': np.float64(nan), 'adx': np.float64(41.762571866789884), 'confirmation_passed': False, 'cooldown_active': False}
2025-08-29 21:46:13 | INFO     | utils.logger:strategy:103 - STRATEGY: Adaptive Intelligence (buy_low_sell_high) | NEUTRAL | GOOGL | {'strength': 0.25, 'rsi': np.float64(74.82830040133298), 'macd_histogram': 0, 'adx': np.float64(41.762571866789884), 'confirmation_passed': False, 'cooldown_active': False, 'market_regime': 'trending', 'strategy_confidence': 0.9}
2025-08-29 21:46:13 | INFO     | utils.logger:info:50 - Using yfinance fallback for TSLA data
2025-08-29 21:46:13 | INFO     | utils.logger:strategy:103 - STRATEGY: Smart Buy Low Sell High Strategy | NEUTRAL | TSLA | {'strength': 0.35, 'rsi': np.float64(50.48233446655283), 'macd_histogram': np.float64(nan), 'adx': np.float64(7.752978020379523), 'confirmation_passed': False, 'cooldown_active': False}
2025-08-29 21:46:13 | INFO     | utils.logger:strategy:103 - STRATEGY: Adaptive Intelligence (buy_low_sell_high) | NEUTRAL | TSLA | {'strength': 0.35, 'rsi': np.float64(50.48233446655283), 'macd_histogram': 0, 'adx': np.float64(7.752978020379523), 'confirmation_passed': False, 'cooldown_active': False, 'market_regime': 'trending', 'strategy_confidence': 0.5}
2025-08-29 21:46:13 | INFO     | utils.logger:info:50 - Using yfinance fallback for AMZN data
2025-08-29 21:46:14 | INFO     | utils.logger:strategy:103 - STRATEGY: Smart Buy Low Sell High Strategy | NEUTRAL | AMZN | {'strength': 0.35, 'rsi': np.float64(53.01073417938056), 'macd_histogram': np.float64(nan), 'adx': np.float64(9.341967036167873), 'confirmation_passed': False, 'cooldown_active': False}
2025-08-29 21:46:14 | INFO     | utils.logger:strategy:103 - STRATEGY: Adaptive Intelligence (buy_low_sell_high) | NEUTRAL | AMZN | {'strength': 0.35, 'rsi': np.float64(53.01073417938056), 'macd_histogram': 0, 'adx': np.float64(9.341967036167873), 'confirmation_passed': False, 'cooldown_active': False, 'market_regime': 'choppy', 'strategy_confidence': 0.8}
2025-08-29 21:46:14 | INFO     | utils.logger:info:50 - Using yfinance fallback for NVDA data
2025-08-29 21:46:14 | INFO     | utils.logger:strategy:103 - STRATEGY: Smart Buy Low Sell High Strategy | NEUTRAL | NVDA | {'strength': 0.35, 'rsi': np.float64(43.03753074283871), 'macd_histogram': np.float64(nan), 'adx': np.float64(19.96086698670587), 'confirmation_passed': False, 'cooldown_active': False}
2025-08-29 21:46:14 | INFO     | utils.logger:strategy:103 - STRATEGY: Adaptive Intelligence (buy_low_sell_high) | NEUTRAL | NVDA | {'strength': 0.35, 'rsi': np.float64(43.03753074283871), 'macd_histogram': 0, 'adx': np.float64(19.96086698670587), 'confirmation_passed': False, 'cooldown_active': False, 'market_regime': 'choppy', 'strategy_confidence': 0.8}
2025-08-29 21:46:14 | INFO     | utils.logger:info:50 - Using yfinance fallback for AMD data
2025-08-29 21:46:14 | INFO     | utils.logger:strategy:103 - STRATEGY: Smart Buy Low Sell High Strategy | NEUTRAL | AMD | {'strength': 0.35, 'rsi': np.float64(43.655375708024756), 'macd_histogram': np.float64(nan), 'adx': np.float64(12.400576271416295), 'confirmation_passed': False, 'cooldown_active': False}
2025-08-29 21:46:14 | INFO     | utils.logger:strategy:103 - STRATEGY: Adaptive Intelligence (buy_low_sell_high) | NEUTRAL | AMD | {'strength': 0.35, 'rsi': np.float64(43.655375708024756), 'macd_histogram': 0, 'adx': np.float64(12.400576271416295), 'confirmation_passed': False, 'cooldown_active': False, 'market_regime': 'trending', 'strategy_confidence': 0.5}
2025-08-29 21:47:44 | INFO     | utils.logger:info:50 - Using yfinance fallback for AAPL data
2025-08-29 21:47:44 | INFO     | utils.logger:strategy:103 - STRATEGY: Smart Buy Low Sell High Strategy | BUY | AAPL | {'strength': 0.7, 'rsi': np.float64(67.5097019451319), 'macd_histogram': np.float64(nan), 'adx': np.float64(29.98706472062788), 'confirmation_passed': True, 'cooldown_active': False}
2025-08-29 21:47:44 | INFO     | utils.logger:strategy:103 - STRATEGY: Adaptive Intelligence (buy_low_sell_high) | BUY | AAPL | {'strength': 0.7, 'rsi': np.float64(67.5097019451319), 'macd_histogram': 0, 'adx': np.float64(29.98706472062788), 'confirmation_passed': True, 'cooldown_active': False, 'market_regime': 'trending', 'strategy_confidence': 0.8}
2025-08-29 21:47:44 | INFO     | utils.logger:info:50 - Using yfinance fallback for MSFT data
2025-08-29 21:47:45 | INFO     | utils.logger:strategy:103 - STRATEGY: Smart Buy Low Sell High Strategy | NEUTRAL | MSFT | {'strength': 0.35, 'rsi': np.float64(45.94375349975757), 'macd_histogram': np.float64(nan), 'adx': np.float64(16.206875285466474), 'confirmation_passed': False, 'cooldown_active': False}
2025-08-29 21:47:45 | INFO     | utils.logger:strategy:103 - STRATEGY: Adaptive Intelligence (buy_low_sell_high) | NEUTRAL | MSFT | {'strength': 0.35, 'rsi': np.float64(45.94375349975757), 'macd_histogram': 0, 'adx': np.float64(16.206875285466474), 'confirmation_passed': False, 'cooldown_active': False, 'market_regime': 'choppy', 'strategy_confidence': 0.8}
2025-08-29 21:47:45 | INFO     | utils.logger:info:50 - Using yfinance fallback for GOOGL data
2025-08-29 21:47:45 | INFO     | utils.logger:strategy:103 - STRATEGY: Smart Buy Low Sell High Strategy | NEUTRAL | GOOGL | {'strength': 0.25, 'rsi': np.float64(74.90771476372375), 'macd_histogram': np.float64(nan), 'adx': np.float64(41.762571866789884), 'confirmation_passed': False, 'cooldown_active': False}
2025-08-29 21:47:45 | INFO     | utils.logger:strategy:103 - STRATEGY: Adaptive Intelligence (buy_low_sell_high) | NEUTRAL | GOOGL | {'strength': 0.25, 'rsi': np.float64(74.90771476372375), 'macd_histogram': 0, 'adx': np.float64(41.762571866789884), 'confirmation_passed': False, 'cooldown_active': False, 'market_regime': 'trending', 'strategy_confidence': 0.9}
2025-08-29 21:47:45 | INFO     | utils.logger:info:50 - Using yfinance fallback for TSLA data
2025-08-29 21:47:45 | INFO     | utils.logger:strategy:103 - STRATEGY: Smart Buy Low Sell High Strategy | NEUTRAL | TSLA | {'strength': 0.35, 'rsi': np.float64(50.588674280905074), 'macd_histogram': np.float64(nan), 'adx': np.float64(7.752978020379523), 'confirmation_passed': False, 'cooldown_active': False}
2025-08-29 21:47:45 | INFO     | utils.logger:strategy:103 - STRATEGY: Adaptive Intelligence (buy_low_sell_high) | NEUTRAL | TSLA | {'strength': 0.35, 'rsi': np.float64(50.588674280905074), 'macd_histogram': 0, 'adx': np.float64(7.752978020379523), 'confirmation_passed': False, 'cooldown_active': False, 'market_regime': 'trending', 'strategy_confidence': 0.5}
2025-08-29 21:47:45 | INFO     | utils.logger:info:50 - Using yfinance fallback for AMZN data
2025-08-29 21:47:46 | INFO     | utils.logger:strategy:103 - STRATEGY: Smart Buy Low Sell High Strategy | NEUTRAL | AMZN | {'strength': 0.35, 'rsi': np.float64(53.1318756536949), 'macd_histogram': np.float64(nan), 'adx': np.float64(9.341967036167873), 'confirmation_passed': False, 'cooldown_active': False}
2025-08-29 21:47:46 | INFO     | utils.logger:strategy:103 - STRATEGY: Adaptive Intelligence (buy_low_sell_high) | NEUTRAL | AMZN | {'strength': 0.35, 'rsi': np.float64(53.1318756536949), 'macd_histogram': 0, 'adx': np.float64(9.341967036167873), 'confirmation_passed': False, 'cooldown_active': False, 'market_regime': 'choppy', 'strategy_confidence': 0.8}
2025-08-29 21:47:46 | INFO     | utils.logger:info:50 - Using yfinance fallback for NVDA data
2025-08-29 21:47:46 | INFO     | utils.logger:strategy:103 - STRATEGY: Smart Buy Low Sell High Strategy | NEUTRAL | NVDA | {'strength': 0.35, 'rsi': np.float64(43.11788768101977), 'macd_histogram': np.float64(nan), 'adx': np.float64(19.96086698670587), 'confirmation_passed': False, 'cooldown_active': False}
2025-08-29 21:47:46 | INFO     | utils.logger:strategy:103 - STRATEGY: Adaptive Intelligence (buy_low_sell_high) | NEUTRAL | NVDA | {'strength': 0.35, 'rsi': np.float64(43.11788768101977), 'macd_histogram': 0, 'adx': np.float64(19.96086698670587), 'confirmation_passed': False, 'cooldown_active': False, 'market_regime': 'choppy', 'strategy_confidence': 0.8}
2025-08-29 21:47:46 | INFO     | utils.logger:info:50 - Using yfinance fallback for AMD data
2025-08-29 21:47:46 | INFO     | utils.logger:strategy:103 - STRATEGY: Smart Buy Low Sell High Strategy | NEUTRAL | AMD | {'strength': 0.35, 'rsi': np.float64(43.79648756665079), 'macd_histogram': np.float64(nan), 'adx': np.float64(12.400576271416295), 'confirmation_passed': False, 'cooldown_active': False}
2025-08-29 21:47:46 | INFO     | utils.logger:strategy:103 - STRATEGY: Adaptive Intelligence (buy_low_sell_high) | NEUTRAL | AMD | {'strength': 0.35, 'rsi': np.float64(43.79648756665079), 'macd_histogram': 0, 'adx': np.float64(12.400576271416295), 'confirmation_passed': False, 'cooldown_active': False, 'market_regime': 'trending', 'strategy_confidence': 0.5}
2025-08-29 21:48:15 | INFO     | utils.logger:info:50 - Using yfinance fallback for AAPL data
2025-08-29 21:48:16 | INFO     | utils.logger:strategy:103 - STRATEGY: Smart Buy Low Sell High Strategy | BUY | AAPL | {'strength': 0.7, 'rsi': np.float64(67.49273077876572), 'macd_histogram': np.float64(nan), 'adx': np.float64(29.98706472062788), 'confirmation_passed': True, 'cooldown_active': False}
2025-08-29 21:48:16 | INFO     | utils.logger:strategy:103 - STRATEGY: Adaptive Intelligence (buy_low_sell_high) | BUY | AAPL | {'strength': 0.7, 'rsi': np.float64(67.49273077876572), 'macd_histogram': 0, 'adx': np.float64(29.98706472062788), 'confirmation_passed': True, 'cooldown_active': False, 'market_regime': 'trending', 'strategy_confidence': 0.8}
2025-08-29 21:48:16 | INFO     | utils.logger:info:50 - Using yfinance fallback for MSFT data
2025-08-29 21:48:16 | INFO     | utils.logger:strategy:103 - STRATEGY: Smart Buy Low Sell High Strategy | NEUTRAL | MSFT | {'strength': 0.35, 'rsi': np.float64(45.99318861108532), 'macd_histogram': np.float64(nan), 'adx': np.float64(16.206875285466474), 'confirmation_passed': False, 'cooldown_active': False}
2025-08-29 21:48:16 | INFO     | utils.logger:strategy:103 - STRATEGY: Adaptive Intelligence (buy_low_sell_high) | NEUTRAL | MSFT | {'strength': 0.35, 'rsi': np.float64(45.99318861108532), 'macd_histogram': 0, 'adx': np.float64(16.206875285466474), 'confirmation_passed': False, 'cooldown_active': False, 'market_regime': 'choppy', 'strategy_confidence': 0.8}
2025-08-29 21:48:16 | INFO     | utils.logger:info:50 - Using yfinance fallback for GOOGL data
2025-08-29 21:48:17 | INFO     | utils.logger:strategy:103 - STRATEGY: Smart Buy Low Sell High Strategy | NEUTRAL | GOOGL | {'strength': 0.25, 'rsi': np.float64(74.92749388953573), 'macd_histogram': np.float64(nan), 'adx': np.float64(41.762571866789884), 'confirmation_passed': False, 'cooldown_active': False}
2025-08-29 21:48:17 | INFO     | utils.logger:strategy:103 - STRATEGY: Adaptive Intelligence (buy_low_sell_high) | NEUTRAL | GOOGL | {'strength': 0.25, 'rsi': np.float64(74.92749388953573), 'macd_histogram': 0, 'adx': np.float64(41.762571866789884), 'confirmation_passed': False, 'cooldown_active': False, 'market_regime': 'trending', 'strategy_confidence': 0.9}
2025-08-29 21:48:17 | INFO     | utils.logger:info:50 - Using yfinance fallback for TSLA data
2025-08-29 21:48:17 | INFO     | utils.logger:strategy:103 - STRATEGY: Smart Buy Low Sell High Strategy | NEUTRAL | TSLA | {'strength': 0.35, 'rsi': np.float64(50.48233446655283), 'macd_histogram': np.float64(nan), 'adx': np.float64(7.752978020379523), 'confirmation_passed': False, 'cooldown_active': False}
2025-08-29 21:48:17 | INFO     | utils.logger:strategy:103 - STRATEGY: Adaptive Intelligence (buy_low_sell_high) | NEUTRAL | TSLA | {'strength': 0.35, 'rsi': np.float64(50.48233446655283), 'macd_histogram': 0, 'adx': np.float64(7.752978020379523), 'confirmation_passed': False, 'cooldown_active': False, 'market_regime': 'trending', 'strategy_confidence': 0.5}
2025-08-29 21:48:17 | INFO     | utils.logger:info:50 - Using yfinance fallback for AMZN data
2025-08-29 21:48:17 | INFO     | utils.logger:strategy:103 - STRATEGY: Smart Buy Low Sell High Strategy | NEUTRAL | AMZN | {'strength': 0.35, 'rsi': np.float64(53.09144191207882), 'macd_histogram': np.float64(nan), 'adx': np.float64(9.341967036167873), 'confirmation_passed': False, 'cooldown_active': False}
2025-08-29 21:48:17 | INFO     | utils.logger:strategy:103 - STRATEGY: Adaptive Intelligence (buy_low_sell_high) | NEUTRAL | AMZN | {'strength': 0.35, 'rsi': np.float64(53.09144191207882), 'macd_histogram': 0, 'adx': np.float64(9.341967036167873), 'confirmation_passed': False, 'cooldown_active': False, 'market_regime': 'choppy', 'strategy_confidence': 0.8}
2025-08-29 21:48:18 | INFO     | utils.logger:info:50 - Using yfinance fallback for NVDA data
2025-08-29 21:48:18 | INFO     | utils.logger:strategy:103 - STRATEGY: Smart Buy Low Sell High Strategy | NEUTRAL | NVDA | {'strength': 0.35, 'rsi': np.float64(43.04556030142507), 'macd_histogram': np.float64(nan), 'adx': np.float64(19.96086698670587), 'confirmation_passed': False, 'cooldown_active': False}
2025-08-29 21:48:18 | INFO     | utils.logger:strategy:103 - STRATEGY: Adaptive Intelligence (buy_low_sell_high) | NEUTRAL | NVDA | {'strength': 0.35, 'rsi': np.float64(43.04556030142507), 'macd_histogram': 0, 'adx': np.float64(19.96086698670587), 'confirmation_passed': False, 'cooldown_active': False, 'market_regime': 'choppy', 'strategy_confidence': 0.8}
2025-08-29 21:48:18 | INFO     | utils.logger:info:50 - Using yfinance fallback for AMD data
2025-08-29 21:48:18 | INFO     | utils.logger:strategy:103 - STRATEGY: Smart Buy Low Sell High Strategy | NEUTRAL | AMD | {'strength': 0.35, 'rsi': np.float64(43.754148859928435), 'macd_histogram': np.float64(nan), 'adx': np.float64(12.400576271416295), 'confirmation_passed': False, 'cooldown_active': False}
2025-08-29 21:48:18 | INFO     | utils.logger:strategy:103 - STRATEGY: Adaptive Intelligence (buy_low_sell_high) | NEUTRAL | AMD | {'strength': 0.35, 'rsi': np.float64(43.754148859928435), 'macd_histogram': 0, 'adx': np.float64(12.400576271416295), 'confirmation_passed': False, 'cooldown_active': False, 'market_regime': 'trending', 'strategy_confidence': 0.5}
